<?xml version="1.0" encoding="UTF-8"?>
<beans xmlns="http://www.springframework.org/schema/beans"
	xmlns:xsi="http://www.w3.org/2001/XMLSchema-instance" 
	xmlns:context="http://www.springframework.org/schema/context"
	xmlns:aop="http://www.springframework.org/schema/aop"
	xmlns:tx="http://www.springframework.org/schema/tx"
	xsi:schemaLocation="http://www.springframework.org/schema/beans 
						http://www.springframework.org/schema/beans/spring-beans-3.0.xsd 
						http://www.springframework.org/schema/context 
						http://www.springframework.org/schema/context/spring-context-3.0.xsd 
						http://www.springframework.org/schema/tx 
						http://www.springframework.org/schema/tx/spring-tx-3.0.xsd 
						http://www.springframework.org/schema/aop 
						http://www.springframework.org/schema/aop/spring-aop-3.0.xsd">
	
	<!-- 数据源配置 -->
	<bean id="dataSource" destroy-method="close" 
		class="org.apache.commons.dbcp.BasicDataSource">
		<property name="driverClassName" value="oracle.jdbc.driver.OracleDriver"></property>
<!-- 		<property name="url" value="jdbc:oracle:thin:@10.24.0.234:1521/DEVSITDB"></property>
		<property name="username" value="dev_sungl"/>
		<property name="password" value="dev_sungl"/> -->
		
		<property name="url" value="jdbc:oracle:thin:@127.0.0.1:1521/orcl"></property>
		<property name="username" value="sungl"/>
		<property name="password" value="sungl"/>
		<property name="initialSize" value="100"/>
		<property name="maxActive" value="400"/>
		<property name="maxIdle" value="10" />
		<property name="maxWait" value="500"/>
		<property name="defaultAutoCommit" value="true"/>		
	</bean>

	<bean id="sqlSessionFactory" class="org.mybatis.spring.SqlSessionFactoryBean">
		<property name="configLocation" value="classpath:mybatis-config.xml"></property>
		<property name="dataSource" ref="dataSource" />
	</bean>
	
	<!-- ScanMapperFiles -->
  	<bean class="org.mybatis.spring.mapper.MapperScannerConfigurer">
    	<property name="basePackage" value="com.sunline.sbp.dao.mapper" />
  	</bean>

	<!-- 由Spring管理Mybatis的事物 -->
	<bean id="transactionManager"
		class="org.springframework.jdbc.datasource.DataSourceTransactionManager">
		<property name="dataSource" ref="dataSource"></property>
	</bean>

	<tx:advice id="userTxAdvice" transaction-manager="transactionManager">
		<tx:attributes>
			<tx:method name="delete*" propagation="REQUIRED" read-only="false"
				rollback-for="java.lang.Exception" no-rollback-for="java.lang.RuntimeException" />
			<tx:method name="insert*" propagation="REQUIRED" read-only="false"
				rollback-for="java.lang.RuntimeException" />
			<tx:method name="update*" propagation="REQUIRED" read-only="false"
				rollback-for="java.lang.RuntimeException" />
			<tx:method name="*Transaction" propagation="REQUIRED" read-only="false"
				rollback-for="com.sunline.foundation.ServiceException" />
			<tx:method name="deal*" propagation="REQUIRED" read-only="false"
				rollback-for="java.lang.Exception" />
			<tx:method name="find*" propagation="SUPPORTS" />
			<tx:method name="get*" propagation="SUPPORTS" />
			<tx:method name="select*" propagation="SUPPORTS" />
		</tx:attributes>
	</tx:advice>

	<aop:config>
		<aop:pointcut id="pc"
			expression="execution(* com.sunline.sbp.service.*.*(..))" /> <!--把事务控制在Service层 -->
		<aop:advisor pointcut-ref="pc" advice-ref="userTxAdvice" />
	</aop:config>
	
	<import resource="/META-INF/spring/ApplicationContext-bean.xml" />

</beans>