<?xml version="1.0" encoding="UTF-8"?>
<ehcache xmlns:xsi="http://www.w3.org/2001/XMLSchema-instance" xsi:noNamespaceSchemaLocation="http://ehcache.sf.net/ehcache.xsd">

    <diskStore path="java.io.tmpdir" />

    <cacheManagerPeerProviderFactory 
        class="net.sf.ehcache.distribution.RMICacheManagerPeerProviderFactory"
        properties="peerDiscovery=manual,rmiUrls=//127.0.0.1:40002/userCache|//127.0.0.1:40002/resourceCache">
    </cacheManagerPeerProviderFactory>

    <cacheManagerPeerListenerFactory 
        class="net.sf.ehcache.distribution.RMICacheManagerPeerListenerFactory"
        properties="hostName=127.0.0.1, port=40001, socketTimeoutMillis=2000">
    </cacheManagerPeerListenerFactory>

    <defaultCache maxElementsInMemory="10000" eternal="false" timeToIdleSeconds="30" timeToLiveSeconds="30" overflowToDisk="false"/>

    <cache 
        name="userCache" 
        maxElementsInMemory="10000" 
        eternal="true" 
        overflowToDisk="true" 
        timeToIdleSeconds="0" 
        timeToLiveSeconds="0"
        diskPersistent="false" 
        diskExpiryThreadIntervalSeconds="120">
        <cacheEventListenerFactory 
            class="net.sf.ehcache.distribution.RMICacheReplicatorFactory" 
            properties="replicateAsynchronously=true,replicatePuts=true,replicateUpdates=true,replicateUpdatesViaCopy=false,replicateRemovals=true">    
        </cacheEventListenerFactory>
        <bootstrapCacheLoaderFactory
            class="net.sf.ehcache.distribution.RMIBootstrapCacheLoaderFactory"
            properties="bootstrapAsynchronously=true"> 
        </bootstrapCacheLoaderFactory>
    </cache>

    <cache 
        name="resourceCache" 
        maxElementsInMemory="10000" 
        eternal="true" 
        overflowToDisk="true" 
        timeToIdleSeconds="0" 
        timeToLiveSeconds="0"
        diskPersistent="false" 
        diskExpiryThreadIntervalSeconds="120">
        <cacheEventListenerFactory 
            class="net.sf.ehcache.distribution.RMICacheReplicatorFactory" 
            properties="replicateAsynchronously=true,replicatePuts=true,replicateUpdates=true,replicateUpdatesViaCopy=false,replicateRemovals=true">    
        </cacheEventListenerFactory>
        <bootstrapCacheLoaderFactory
            class="net.sf.ehcache.distribution.RMIBootstrapCacheLoaderFactory"
            properties="bootstrapAsynchronously=true"> 
        </bootstrapCacheLoaderFactory>
    </cache>

</ehcache>