<?xml version="1.0" encoding="UTF-8"?>
<!DOCTYPE configuration
	PUBLIC "-//mybatis.org//DTD Config 3.0//EN" 
	"http://mybatis.org/dtd/mybatis-3-config.dtd">
	<configuration>
		<settings>
		<!-- changes from the defaults -->
			<setting name="cacheEnabled" value="true" />
			<setting name="useGeneratedKeys" value="false" />
			<setting name="defaultExecutorType" value="REUSE" />
		</settings>
		<typeAliases>
			<typeAlias alias="TempleteMap" type="com.sunline.sbp.model.TempleteMap"/>
			<typeAlias alias="TranProcess" type="com.sunline.sbp.model.TranProcess"/>
			<typeAlias alias="ProductMap" type="com.sunline.sbp.model.ProductMap"/>
			<typeAlias alias="SysTmapTran" type="com.sunline.sbp.model.SysTmapTran"/>
			<typeAlias alias="SysIntf" type="com.sunline.sbp.model.SysIntf"/>
			<typeAlias alias="SysIntfDetl" type="com.sunline.sbp.model.SysIntfDetl"/>
			<typeAlias alias="SysTrtl" type="com.sunline.sbp.model.SysTrtl"/>
			<typeAlias alias="AsbBusi" type="com.sunline.sbp.model.AsbBusi"/>
			<typeAlias alias="DepBusi" type="com.sunline.sbp.model.DepBusi"/>
			<typeAlias alias="SysTrcd" type="com.sunline.sbp.model.SysTrcd"/>
			<typeAlias alias="AsbTran" type="com.sunline.sbp.model.AsbTran"/>
			<typeAlias alias="AsbDpra" type="com.sunline.sbp.model.AsbDpra"/>
			<typeAlias alias="SysPrtp" type="com.sunline.sbp.model.SysPrtp"/>
			<typeAlias alias="SysPftp" type="com.sunline.sbp.model.SysPftp"/>
			<typeAlias alias="MidTran" type="com.sunline.sbp.model.MidTran"/>
			<typeAlias alias="SysBean" type="com.sunline.sbp.model.SysBean"/>
			<typeAlias alias="InacTran" type="com.sunline.sbp.model.InacTran"/>
			<typeAlias alias="DepositPayInterest" type="com.sunline.sbp.model.DepositPayInterest"/>
			<typeAlias alias="DepositCommand" type="com.sunline.sbp.model.DepositCommand"/>
			<typeAlias alias="ProcessTemplateMap" type="com.sunline.sbp.model.ProcessTemplateMap"/>
			<typeAlias alias="LoanTranInfo" type="com.sunline.sbp.model.LoanTranInfo"/>
			<typeAlias alias="CashReceiptAndPayment" type="com.sunline.sbp.model.CashReceiptAndPayment"/>
			<typeAlias alias="DepositDrawalInterest" type="com.sunline.sbp.model.DepositDrawalInterest"/>
			<typeAlias alias="GliVoucher" type="com.sunline.sbp.model.GliVoucher"/>
			<typeAlias alias="GlaVoucher" type="com.sunline.sbp.model.GlaVoucher"/>
			<typeAlias alias="SequenceDefine" type="com.sunline.sbp.model.SequenceDefine"/>
			<typeAlias alias="AccountSet" type="com.sunline.sbp.model.AccountSet"/>
			<typeAlias alias="AccountingCode" type="com.sunline.sbp.model.AccountingCode"/>
			<typeAlias alias="GlsExtd" type="com.sunline.sbp.model.GlsExtd"/>
			<typeAlias alias="SequenceInformation" type="com.sunline.sbp.model.SequenceInformation"/>
			<typeAlias alias="CommandExtendInfo" type="com.sunline.sbp.model.CommandExtendInfo" />
			<typeAlias alias="GlaGlis" type="com.sunline.sbp.model.GlaGlis" />
			<typeAlias alias="AccountingItem" type="com.sunline.sbp.model.AccountingItem" />
			<typeAlias alias="SysCondDetl" type="com.sunline.sbp.model.SysCondDetl" />
			<typeAlias alias="InvestmentTran" type="com.sunline.sbp.model.InvestmentTran" />
			<typeAlias alias="ComBrch" type="com.sunline.sbp.model.ComBrch" />
			<typeAlias alias="VoucherInVSOut" type="com.sunline.sbp.model.VoucherInVSOut" />
			<typeAlias alias="GlsTran" type="com.sunline.sbp.model.GlsTran" />
			<typeAlias alias="GlaAcct" type="com.sunline.sbp.model.GlaAcct" />
			<typeAlias alias="SysLndt" type="com.sunline.sbp.model.SysLndt" />
			<typeAlias alias="ClpConf" type="com.sunline.sbp.model.ClpConf" />
			<typeAlias alias="GlbCler" type="com.sunline.sbp.model.GlbCler" />
			<typeAlias alias="SysIomp" type="com.sunline.sbp.model.SysIomp" />
			<typeAlias alias="SysAcctOpen" type="com.sunline.sbp.model.SysAcctOpen" />
			<typeAlias alias="GlsCmddTax" type="com.sunline.sbp.model.GlsCmddTax" />
			<typeAlias alias="GlsCmddRvch" type="com.sunline.sbp.model.GlsCmddRvch" />
			<typeAlias alias="GlsTrcmCsmv" type="com.sunline.sbp.model.GlsTrcmCsmv" />
			<typeAlias alias="GlsClsCmda" type="com.sunline.sbp.model.GlsClsCmda" />
			<typeAlias alias="GlsCmddChdt" type="com.sunline.sbp.model.GlsCmddChdt" />
			<typeAlias alias="GlsCmddEror" type="com.sunline.sbp.model.GlsCmddEror" />
			<typeAlias alias="SysVchrEror" type="com.sunline.sbp.model.SysVchrEror" />
			<typeAlias alias="SysDtitMap" type="com.sunline.sbp.model.SysDtitMapBean" />
			<typeAlias alias="SysDtitConf" type="com.sunline.sbp.model.SysDtitConf" />
			<typeAlias alias="ComPara" type="com.sunline.sbp.model.ComPara" />

			<typeAlias alias="TxpTypeCfg" type="com.sunline.sbp.model.TxpTypeCfg" />
			<typeAlias alias="TxpTypeOpen" type="com.sunline.sbp.model.TxpTypeOpen" />
			<typeAlias alias="TrbBusiInfo" type="com.sunline.sbp.model.TrbBusiInfo" />
			<typeAlias alias="TrbRecvInfo" type="com.sunline.sbp.model.TrbRecvInfo" />
			<typeAlias alias="TrbTxlsInfo" type="com.sunline.sbp.model.TrbTxlsInfo" />
			
			<typeAlias alias="ComCrcy" type="com.sunline.sbp.model.ComCrcy" />
			<typeAlias alias="SysAyncNode" type="com.sunline.sbp.model.SysAyncNode" />
			<typeAlias alias="SysProduct" type="com.sunline.sbp.model.SysProduct" />
			<typeAlias alias="ComCent" type="com.sunline.sbp.model.ComCent" />
			<typeAlias alias="ComCust" type="com.sunline.sbp.model.ComCust" />
			<typeAlias alias="ComPrsn" type="com.sunline.sbp.model.ComPrsn" />
			<typeAlias alias="ComAcct" type="com.sunline.sbp.model.ComAcct" />
			<typeAlias alias="ComBuln" type="com.sunline.sbp.model.ComBuln" />
			<typeAlias alias="ComItex" type="com.sunline.sbp.model.ComItex" />
			<typeAlias alias="ComExsr" type="com.sunline.sbp.model.ComExsr" />
		</typeAliases>

		<mappers>
			<mapper resource="mapper/InterfaceMapper.xml" />
			<mapper resource="mapper/TrtlMapper.xml" />
			<mapper resource="mapper/AsbBusiMapper.xml" />
			<mapper resource="mapper/DepBusiMapper.xml" />
			<mapper resource="mapper/TrcdMapper.xml" />
			<mapper resource="mapper/TranPropertyMapper.xml" />
			<mapper resource="mapper/AsbTranMapper.xml" />
			<mapper resource="mapper/AsbDpraMapper.xml" />
			<mapper resource="mapper/MidTranMapper.xml" />
			<mapper resource="mapper/SysPftpMapper.xml" />
			<mapper resource="mapper/SysBeanMapper.xml" />
			<mapper resource="mapper/ProcessTemplateMapMapper.xml" />
			<mapper resource="mapper/TmapTranMapper.xml" />
			<mapper resource="mapper/ProductMapMapper.xml" />
			<mapper resource="mapper/TranProcessMapper.xml" />
			<mapper resource="mapper/TemplateMapMapper.xml" />
			<mapper resource="mapper/GlsExtdMapper.xml" />
			<mapper resource="mapper/AccountingCodeMapper.xml" />
			<mapper resource="mapper/AccountSetMapper.xml" />
			<mapper resource="mapper/GlaVoucherMapper.xml" />
			<mapper resource="mapper/GliVoucherMapper.xml" />
			<mapper resource="mapper/SequenceDefineMapper.xml" />
			<mapper resource="mapper/SequenceInformationMapper.xml" />
			<mapper resource="mapper/CommandExtendInfoMapper.xml" />
			<mapper resource="mapper/UnityBusiResponseMapper.xml" />
			<mapper resource="mapper/DepositCommandMapper.xml" />
			<mapper resource="mapper/DepositPayInterestMapper.xml" />
			<mapper resource="mapper/CashReceiptAndPaymentMapper.xml" />
			<mapper resource="mapper/DepositDrawalInterestMapper.xml" />
			<mapper resource="mapper/GlaGlisMapper.xml" />
			<mapper resource="mapper/AccountingItemMapper.xml" />
			<mapper resource="mapper/InacTranMapper.xml" />
			<mapper resource="mapper/SysCondDetlMapper.xml" />
			<mapper resource="mapper/InvestmentTranMapper.xml" />
			<mapper resource="mapper/ComBrchMapper.xml" />
			<mapper resource="mapper/VoucherInVSOutMapper.xml" />
			<mapper resource="mapper/GlsTranMapper.xml" />
			<mapper resource="mapper/GlaAcctMapper.xml" />
			<mapper resource="mapper/SysLndtMapper.xml" />
			<mapper resource="mapper/LoanTranInfoMapper.xml" />
			<mapper resource="mapper/GlbClerMapper.xml" />
			<mapper resource="mapper/ClpConfMapper.xml" />
			<mapper resource="mapper/SysIompMapper.xml" />
			<mapper resource="mapper/SysAcctOpenMapper.xml" />
			<mapper resource="mapper/GlsCmddTaxMapper.xml" />
			<mapper resource="mapper/GlsCmddRvchMapper.xml" />
			<mapper resource="mapper/GlsTrcmCsmvMapper.xml" />
			<mapper resource="mapper/GlsClsCmdaMapper.xml" />
			<mapper resource="mapper/GlsCmddChdtMapper.xml" />
			<mapper resource="mapper/GlsCmddErorMapper.xml" />
			<mapper resource="mapper/SysVchrErorMapper.xml" />
			<mapper resource="mapper/SysDtitMapBeanMapper.xml" />
			<mapper resource="mapper/SysDtitConfMapper.xml" />
			<mapper resource="mapper/ComParaMapper.xml" />
			
			<mapper resource="mapper/TxpTypeCfgMapper.xml" />
			<mapper resource="mapper/TxbBusiInfoMapper.xml" />
			
			<mapper resource="mapper/ComCrcyMapper.xml" />
			<mapper resource="mapper/SysAyncNodeMapper.xml" />
			<mapper resource="mapper/GliLogMapper.xml"/>
			<mapper resource="mapper/SysProductMapper.xml"/>
			<mapper resource="mapper/ComCentMapper.xml"/>
			<mapper resource="mapper/ComCustMapper.xml"/>
			<mapper resource="mapper/ComPrsnMapper.xml"/>
			<mapper resource="mapper/ComAcctMapper.xml"/>
			<mapper resource="mapper/ComBulnMapper.xml"/>
			<mapper resource="mapper/ComItexMapper.xml"/>
			<mapper resource="mapper/ComExsrMapper.xml"/>
		</mappers>
	</configuration> 