<?xml version="1.0" encoding="UTF-8"?>
<!DOCTYPE configuration
	PUBLIC "-//mybatis.org//DTD Config 3.0//EN" 
	"http://mybatis.org/dtd/mybatis-3-config.dtd">
	<configuration>
		<settings>
		<!-- changes from the defaults -->
			<setting name="cacheEnabled" value="true" />
			<setting name="useGeneratedKeys" value="true" />
			<setting name="defaultExecutorType" value="REUSE" />
		</settings>
		
		<typeAliases>
			<typeAlias alias="GlaVoucher" type="com.sunline.sbp.model.GlaVoucher"/>
			<typeAlias alias="GlbCler" type="com.sunline.sbp.model.GlbCler" />
			<typeAlias alias="AccountingItem" type="com.sunline.sbp.model.AccountingItem" />
			<typeAlias alias="GlaGlis" type="com.sunline.sbp.model.GlaGlis" />
			<typeAlias alias="ComBrch" type="com.sunline.sbp.model.ComBrch" />
			<typeAlias alias="GlaAcct" type="com.sunline.sbp.model.GlaAcct" />
			<typeAlias alias="SysAcctOpen" type="com.sunline.sbp.model.SysAcctOpen" />
			<typeAlias alias="AccountSet" type="com.sunline.sbp.model.AccountSet"/>
			<typeAlias alias="ComBrch" type="com.sunline.sbp.model.ComBrch" />
			<typeAlias alias="SysVchrEror" type="com.sunline.sbp.model.SysVchrEror" />
			<typeAlias alias="GliVoucher" type="com.sunline.sbp.model.GliVoucher"/>
			<typeAlias alias="ComCrcy" type="com.sunline.sbp.model.ComCrcy" />
			<typeAlias alias="SysAyncNode" type="com.sunline.sbp.model.SysAyncNode" />
			<typeAlias alias="ComItex" type="com.sunline.sbp.model.ComItex" />
		</typeAliases>
		
		<environments default="development">
			<environment id="development">
				<transactionManager type="jdbc" />
				<dataSource type="POOLED">
					<property name="driver" value="oracle.jdbc.driver.OracleDriver" />

<!-- 					<property name="url" value="jdbc:oracle:thin:@10.24.0.234:1521/DEVSITDB" />
					<property name="username" value="dev_sungl"/>
					<property name="password" value="dev_sungl"/>

					<property name="url" value="jdbc:oracle:thin:@10.22.80.21:1521:ptdb" />
					<property name="username" value="zz_sungl"/>
					<property name="password" value="zz_sungl"/> -->
					
					<property name="url" value="jdbc:oracle:thin:@127.0.0.1:1521/orcl" />
					<property name="username" value="sungl"/>
					<property name="password" value="sungl"/>

					<property name="defaultAutoCommit" value="false"/>
					<property name="poolMaximumActiveConnections" value="100" />
				</dataSource>
			</environment>
		</environments>
		
		<mappers>
			<mapper resource="mapper/GlaVoucherMapper.xml" />
			<mapper resource="mapper/GlbClerMapper.xml" />
			<mapper resource="mapper/AccountingItemMapper.xml" />
			<mapper resource="mapper/GlaGlisMapper.xml" />
			<mapper resource="mapper/ComBrchMapper.xml" />
			<mapper resource="mapper/GlaAcctMapper.xml" />
			<mapper resource="mapper/SysAcctOpenMapper.xml" />
			<mapper resource="mapper/AccountSetMapper.xml" />
			<mapper resource="mapper/ComBrchMapper.xml" />
			<mapper resource="mapper/SysVchrErorMapper.xml" />
			<mapper resource="mapper/GliVoucherMapper.xml" />
			<mapper resource="mapper/ComCrcyMapper.xml" />
			<mapper resource="mapper/SysAyncNodeMapper.xml" />
			<mapper resource="mapper/ComItexMapper.xml"/>
		</mappers>
	</configuration>