<?xml version="1.0" encoding="UTF-8" ?>
<!DOCTYPE mapper 
	PUBLIC "-//mybatis.org//DTD Mapper 3.0//EN" 
	"http://mybatis.org/dtd/mybatis-3-mapper.dtd">
<mapper namespace="com.sunline.sbp.dao.mapper.GlaAcctMapper">
	
	<select id="selectEntitiesByGlaVoucher" parameterType="GlaVoucher" resultType="GlaAcct">
		select * from gla_acct 
		where stacid = #{stacid} 
		and systid = #{systid} 
		and brchno = #{acctbr} 
		and itemcd = #{itemcd} 
		and crcycd = #{crcycd}
		and centcd = #{centcd} and prsncd = #{prsncd} and custcd = #{custcd} and prducd = #{prducd} and prlncd = #{prlncd} and acctno = #{acctno} 
		and assis0 = #{assis0} and assis1 = #{assis1} and assis2 = #{assis2} and assis3 = #{assis3}
		and assis4 = #{assis4} and assis5 = #{assis5} and assis6 = #{assis6} and assis7 = #{assis7}
		and assis8 = #{assis8} and assis9 = #{assis9}
		<choose>
			<when test="subsac != null">
				and subscd = #{subsac} and acctcl = '3'
			</when>
			<otherwise>
				and acctcl = '2'
			</otherwise> 
		</choose> 
	</select>
	
	
	<select id="selectEntityByAccount" resultType="GlaAcct">
		select * from gla_acct where acctcd = #{acctcd} 
	</select>
	
	<update id="updateBalance">
		update gla_acct set blncdn = #{blncdn},
			onlnbl = #{onlnbl},
			lstrdt = #{lstrdt},
			lstrsq = #{lstrsq}
		where acctcd = #{acctcd}
	</update>
	
	<insert id="insertGlaAcct" parameterType="GlaAcct">
		insert into gla_acct(
				stacid,
				acctcd,
				acctna, 
				systid, 
				brchno, 
				crcycd, 
				itemcd, 
				acctcl, 
				subscd, 
				openbr, 
				opendt, 
				optrsq, 
				lstrdt, 
				lstrsq, 
				ioflag, 
				blncdn, 
				onlnbl, 
				lastdn, 
				lastbl, 
				lastdt, 
				acmlbl, 
				acmldt, 
				acctst, 
				drhdbk, 
				crhdbk, 
				openus, 
				pmodtg,
				centcd,prsncd,custcd,prducd,prlncd,acctno,
				assis0,assis1,assis2,assis3,assis4,assis5,assis6,assis7,assis8,assis9   
		) values(
				#{stacid}, 
				#{acctcd}, 
				#{acctna}, 
				#{systid}, 
				#{brchno}, 
				#{crcycd}, 
				#{itemcd}, 
				#{acctcl}, 
				#{subscd,jdbcType=VARCHAR}, 
				#{openbr}, 
				#{opendt}, 
				#{optrsq}, 
				#{lstrdt}, 
				#{lstrsq}, 
				#{ioflag}, 
				#{blncdn}, 
				#{onlnbl}, 
				#{lastdn}, 
				#{lastbl}, 
				#{lastdt}, 
				#{acmlbl}, 
				#{acmldt}, 
				#{acctst}, 
				#{drhdbk}, 
				#{crhdbk}, 
				#{openus}, 
				#{pmodtg},
				#{centcd}, #{prsncd}, #{custcd}, #{prducd}, #{prlncd}, #{acctno}, 
				#{assis0}, #{assis1}, #{assis2}, #{assis3}, #{assis4}, 
		 		#{assis5}, #{assis6}, #{assis7}, #{assis8}, #{assis9}
		)
	</insert>
</mapper>