<?xml version="1.0" encoding="UTF-8" ?>
<!DOCTYPE mapper 
	PUBLIC "-//mybatis.org//DTD Mapper 3.0//EN" 
	"http://mybatis.org/dtd/mybatis-3-mapper.dtd">
	<mapper namespace="com.sunline.sbp.dao.mapper.GlaGlisMapper">
	
	<!-- 初始化余额，余额均为0 -->
	<insert id="insertEntity" parameterType="GlaGlis">
		insert into gla_glis(stacid,systid,acctdt,brchcd,itemcd,geldtp,crcycd,centcd,prsncd,custcd,prducd,prlncd,acctno,
		assis0,assis1,assis2,assis3,assis4,assis5,assis6,assis7,assis8,assis9,blncdn,onlnbl,lastdn,lastbl) 
		 values(#{stacid},#{systid},#{acctdt},#{brchcd},#{itemcd},#{geldtp},#{crcycd},
		 #{centcd}, #{prsncd}, #{custcd}, #{prducd}, #{prlncd}, #{acctno}, #{assis0}, #{assis1}, #{assis2}, #{assis3}, #{assis4}, 
		 #{assis5}, #{assis6}, #{assis7}, #{assis8}, #{assis9},#{blncdn},#{onlnbl},#{lastdn},#{lastbl})
	</insert>
	
	<!-- 测试使用 -->
	<insert id="insertErorTax" parameterType="java.util.HashMap">
		insert into gls_cmdd_eror(trandt, --
				transq, --
				erortx  --
		) values(
				#{trandt}, 
				#{transq}, 
				#{erortx}  
		)
	</insert>
	
	<!-- 获取余额信息且加载行级锁（只对oracle数据库有效，其它数据库需要修改方式） -->
	<select id="getEntityLock" parameterType="GlaVoucher" resultType="GlaGlis">
		select * from gla_glis where stacid = #{stacid} and acctdt = #{trandt} and systid = #{systid} 
			and brchcd = #{acctbr} and Itemcd = #{itemcd} and crcycd = #{crcycd} and geldtp = 'D'
			and centcd = #{centcd} and prsncd = #{prsncd} and custcd = #{custcd} and prducd = #{prducd} and prlncd = #{prlncd} and acctno = #{acctno} 
			and assis0 = #{assis0} and assis1 = #{assis1} and assis2 = #{assis2} and assis3 = #{assis3}
			and assis4 = #{assis4} and assis5 = #{assis5} and assis6 = #{assis6} and assis7 = #{assis7}
			and assis8 = #{assis8} and assis9 = #{assis9} for update
	</select>
	
	<!-- 更新余额 -->
	<update id="updateEntity" parameterType="GlaGlis" >
		update gla_glis set Drtsam = #{drtsam} , Drtsnm = #{drtsnm},
		    Crtsam = #{crtsam},Crtsnm = #{crtsnm},drctbl= #{drctbl},crctbl = #{crctbl},
		    blncdn = #{blncdn},
		    Onlnbl = #{onlnbl} 
		    where stacid = #{stacid} and acctdt = #{acctdt} and Systid = #{systid} 
			and Brchcd = #{brchcd} and Itemcd = #{itemcd} and crcycd = #{crcycd} and Geldtp = 'D' 
			and centcd = #{centcd} and prsncd = #{prsncd} and custcd = #{custcd} and prducd = #{prducd} and prlncd = #{prlncd} and acctno = #{acctno} 
			and assis0 = #{assis0} and assis1 = #{assis1} and assis2 = #{assis2} and assis3 = #{assis3}
			and assis4 = #{assis4} and assis5 = #{assis5} and assis6 = #{assis6} and assis7 = #{assis7}
			and assis8 = #{assis8} and assis9 = #{assis9}
	</update>
</mapper>