<?xml version="1.0" encoding="UTF-8" ?>
<!DOCTYPE mapper 
	PUBLIC "-//mybatis.org//DTD Mapper 3.0//EN" 
	"http://mybatis.org/dtd/mybatis-3-mapper.dtd">
	<mapper namespace="com.sunline.sbp.dao.mapper.GlaVoucherMapper">
	
	<!-- 这里的id必须和UserMapper接口中的接口方法名相同，不然运行的时候也要报错 -->
	<insert id="insertEntity" parameterType="GlaVoucher">
		insert into gla_vchr(stacid,systid,trandt,transq,tranbr,acctbr,itemcd,crcycd,
trantp,amntcd,tranam,usercd,sourdt,soursq,sourst,srvcsq,ioflag,clertg,subsac,transt,sourac,prducd,
custcd,prlncd,acctno,centcd,prsncd,assis0,assis1,assis2,assis3,assis4,assis5,assis6,assis7,assis8,assis9) values
(#{stacid},#{systid},#{trandt},#{transq},#{tranbr},#{acctbr},#{itemcd},#{crcycd},
#{trantp},#{amntcd},#{tranam},#{usercd},#{sourdt},#{soursq},#{sourst},#{srvcsq},
#{ioflag},#{clertg},#{subsac,jdbcType=VARCHAR},#{transt,jdbcType=VARCHAR},#{sourac},#{prducd,jdbcType=VARCHAR},
#{custcd,jdbcType=VARCHAR},#{prlncd,jdbcType=VARCHAR},#{acctno,jdbcType=VARCHAR},#{centcd,jdbcType=VARCHAR},#{prsncd,jdbcType=VARCHAR},
#{assis0,jdbcType=VARCHAR},#{assis1,jdbcType=VARCHAR},#{assis2,jdbcType=VARCHAR},#{assis3,jdbcType=VARCHAR},#{assis4,jdbcType=VARCHAR},
#{assis5,jdbcType=VARCHAR},#{assis6,jdbcType=VARCHAR},#{assis7,jdbcType=VARCHAR},#{assis8,jdbcType=VARCHAR},#{assis9,jdbcType=VARCHAR})
	</insert>
	
	<insert id="insertEntitiesBatch" parameterType="java.util.List">
		insert into gla_vchr(stacid,systid,trandt,transq,tranbr,acctbr,itemcd,crcycd,
	trantp,amntcd,tranam,usercd,sourdt,soursq,sourst,srvcsq,ioflag,clertg,subsac,sourac,prducd,
	custcd,prlncd,acctno,centcd,prsncd,assis0,assis1,assis2,assis3,assis4,assis5,assis6,assis7,assis8,assis9) 
        <foreach collection="list" item="item" index="index" separator="union all">
        select #{item.stacid},#{item.systid},#{item.trandt},#{item.transq},#{item.tranbr},#{item.acctbr},#{item.itemcd},#{item.crcycd},
		#{item.trantp},#{item.amntcd},#{item.tranam},#{item.usercd},#{item.sourdt},#{item.soursq},#{item.sourst},#{item.srvcsq},#{item.ioflag},
		#{item.clertg},#{item.subsac,jdbcType=VARCHAR},
				<if test="item.sourac !=null and item.sourac != ''">
				    #{item.sourac},
				</if>
				<if test="item.sourac ==null or item.sourac == ''">
				    #{item.stacid},
				</if>
		#{item.prducd,jdbcType=VARCHAR},
		#{item.custcd,jdbcType=VARCHAR},#{item.prlncd,jdbcType=VARCHAR},#{item.acctno,jdbcType=VARCHAR},#{item.centcd,jdbcType=VARCHAR},#{item.prsncd,jdbcType=VARCHAR},
		#{item.assis0,jdbcType=VARCHAR},#{item.assis1,jdbcType=VARCHAR},#{item.assis2,jdbcType=VARCHAR},#{item.assis3,jdbcType=VARCHAR},#{item.assis4,jdbcType=VARCHAR},
		#{item.assis5,jdbcType=VARCHAR},#{item.assis6,jdbcType=VARCHAR},#{item.assis7,jdbcType=VARCHAR},#{item.assis8,jdbcType=VARCHAR},#{item.assis9,jdbcType=VARCHAR} from dual
        </foreach>

	</insert>
	
	<select id="getNextSequence" parameterType="GlaVoucher" resultType="int">
		select max(tranno) from gla_vchr where trandt = #{trandt} and transq = #{transq}
	</select>
	<!-- 更新传票清算状态clertg为待清算 1 -->
	<update id="updateClertgWait">
		update gla_vchr set clertg = '1'
			where stacid = #{stacid} 
			and trandt = #{trandt}
			and clertg = '0'
			and ioflag = 'I'
			and transt = '1'
	</update>
	<select id="selectSumTranamByBrch" resultType="GlbCler">
		select stacid,bsnsdt,brchcd,crcycd,sum(drtsam) as drtsam,sum(crtsam) as crtsam from 
			(select stacid,trandt as bsnsdt,acctbr as brchcd,crcycd,sum(case amntcd when 'D' then tranam else 0 end) drtsam,
				sum(case amntcd when 'C' then tranam else 0 end) crtsam 
					from gla_vchr where stacid = #{stacid} 
						and trandt = #{trandt}
						and clertg = '1'
	      				and ioflag = 'I'
	      				and transt = '1'
						group by stacid,trandt,acctbr,crcycd
			union all
			select a.stacid,a.trandt as bsnsdt,b.clerbr as brchcd,a.crcycd,sum(case a.amntcd when 'D' then a.tranam else 0 end) drtsam,
				sum(case a.amntcd when 'C' then a.tranam else 0 end) crtsam 
					from gla_vchr a,clp_conf b where a.acctbr = b.brchcd and a.stacid = b.stacid
						and	a.stacid = #{stacid} 
						and a.trandt = #{trandt}
						and a.clertg = '1'
	      				and a.ioflag = 'I'
	      				and a.transt = '1'
						group by a.stacid,a.trandt,b.clerbr,a.crcycd) 
		   where brchcd not in 
				<foreach item="item" index="index" collection="clerBrch_headbank"   
                        open="(" separator="," close=")">  
                       		#{item}  
               </foreach>  
		group by stacid,bsnsdt,brchcd,crcycd
	</select>
	
	<!-- 获取机构前1000笔流水的传票 -->
	<select id="getHeadTranOfVchrs" resultType="String">
	<![CDATA[
		select transq from (select distinct transq from gla_vchr where stacid = #{stacid} and trandt = #{trandt} 
		and acctbr = #{acctbr}
		and transt in ('0','2') order by transq ) where rownum <= 1000
	]]>
	</select>
	
	<!-- 根据流水号获取传票 -->
	<select id="getVchrsByTransq" resultType="GlaVoucher" fetchSize="2000">
	<![CDATA[
		select * from gla_vchr where stacid = #{stacid} and trandt = #{trandt} 
		and acctbr = #{acctbr}
		and itemcd like #{pit}
		and transt in ('0','2') and rownum <= 10000
	]]>
	</select>
	
	<select id="getTranbrOfVchr" resultType="java.util.HashMap">
		select acctbr as "acctbr",systid as "systid",substr(itemcd,1,1) as "pit" from gla_vchr where stacid = #{stacid} and trandt = #{trandt}
		and transt in ('0','2')
		group by acctbr,systid,substr(itemcd,1,1) order by count(1) desc
	</select>
	
	<!--更新传票的清算状态clertg为已清算2  -->
	<update id="updateClearInfo">
		update gla_vchr set clertg = '2',clerdt = #{clerdt},clerod = #{clerod} where stacid = #{stacid} 
			and trandt = #{trandt}
			and clertg = '1'
			and ioflag = 'I'
	</update>
	
	<!-- 标识传票过账失败 -->
	<update id="updateToError" parameterType="GlaVoucher" >
		update gla_vchr set transt = '2' where stacid = #{stacid} 
		    and systid = #{systid} 
			and trandt = #{trandt} 
			and transq = #{transq} 
			and vchrsq = #{vchrsq} 
			and transt in('0','2') 
	</update>
	
	<!-- 标识传票过账成功 -->
	<update id="updateToSucc" parameterType="GlaVoucher" >
		update /*+ index(gla_vchr pk_gla_vchr) */ gla_vchr set transt = '1' where stacid = #{stacid} 
		    and systid = #{systid}
			and trandt = #{trandt}
			and transq = #{transq}
			and vchrsq = #{vchrsq}
			and transt in('0','2') 
	</update>
	
	<update id="updateToSuccBatch">
		update /*+ index(gla_vchr pk_gla_vchr) */ gla_vchr set transt = '1' where stacid = #{stacid} 
			and systid = #{systid}
			and trandt = #{trandt}
			and acctbr = #{acctbr}
			and transq in (
			<foreach collection="sqlist" item="sqitem" index="index" separator=",">
				#{sqitem}
			</foreach>
			)
			and vchrsq in (
			<foreach collection="list" item="item" index="index" separator=",">
				#{item.vchrsq}
			</foreach>
			 )
			 and transt in('0','2') 
	</update>
	
	
	
	<!-- 更新科目为已使用 -->
 	<update id="updateItemToUsed" parameterType="GlaVoucher">
		update com_item set usedtp = '1' 
		where stacid = #{stacid} 
		  and itemcd = #{itemcd}
	</update>
	
	<!-- 更新机构为已使用 -->
	<update id="updateBrchToUsed" parameterType="GlaVoucher">
		update com_brch set usedtp = '1' 
		where stacid = #{stacid} 
		  and brchcd = #{acctbr}
		  and detltg = '1'
		  and rltstp = '1'
	</update>
	
	<select id="countVchrsBySour" resultType="int" parameterType="GlaVoucher">
		select count(1) from gla_vchr where stacid = #{stacid} and sourdt = #{sourdt}
		and soursq = #{soursq}
		and sourst = #{sourst}
	</select>
	
	<select id="getVchrsBySour" resultType="GlaVoucher">
		select * from gla_vchr where stacid = #{stacid} and sourdt = #{sourdt}
		and soursq = #{soursq}
		<if test="sourst != '' and sourst != null">
			and sourst = #{sourst}
		</if>
	</select>
</mapper>


