<?xml version="1.0" encoding="UTF-8" ?>
<!DOCTYPE mapper 
	PUBLIC "-//mybatis.org//DTD Mapper 3.0//EN" 
	"http://mybatis.org/dtd/mybatis-3-mapper.dtd">
	<mapper namespace="com.sunline.sbp.dao.mapper.GliVoucherMapper">
	
	<!-- 这里的id必须和UserMapper接口中的接口方法名相同，不然运行的时候也要报错 -->
	<insert id="insertEntity" parameterType="GliVoucher">
		insert into gli_vchr(stacid,sourst,sourdt,soursq,vchrsq,tranbr,acctbr,itemcd,crcycd,
trantp,amntcd,tranam,usercd,sourdt,soursq,sourst,ioflag,clertg,subsac) values
(#{stacid},#{systid},#{trandt},#{transq},#{vchrsq},#{tranbr},#{acctbr},#{itemcd},#{crcycd},
#{trantp},#{amntcd},#{tranam},#{usercd},#{sourdt},#{soursq},#{sourst},#{ioflag},#{clertg},#{subsac,jdbcType=VARCHAR})
	</insert>
	
	<insert id="insertEntitiesBatch" parameterType="java.util.List">
		insert into gli_vchr(stacid,sourst,sourdt,soursq,vchrsq,tranbr,acctbr,itemcd,crcycd,
			trantp,amntcd,tranam,trannm,smrytx,exchcn,exchus,usercd,transt,assis0,assis1,assis2,
			assis3,assis4,assis5,assis6,assis7,assis8,assis9,centcd,prsncd,custcd,prducd,prlncd,acctno) 
        <foreach collection="list" item="item" index="index" separator="union all">
        select #{item.stacid},#{item.sourst},#{item.sourdt},#{item.soursq},#{item.vchrsq},#{item.tranbr},#{item.acctbr},#{item.itemcd},#{item.crcycd},
#{item.trantp},#{item.amntcd},#{item.tranam},#{item.trannm},#{item.smrytx,jdbcType=VARCHAR},#{item.exchcn,jdbcType=NUMERIC},#{item.exchus,jdbcType=NUMERIC},#{item.usercd},
#{item.transt,jdbcType=VARCHAR},#{item.assis0,jdbcType=VARCHAR},#{item.assis1,jdbcType=VARCHAR},#{item.assis2,jdbcType=VARCHAR},#{item.assis3,jdbcType=VARCHAR},
#{item.assis4,jdbcType=VARCHAR},#{item.assis5,jdbcType=VARCHAR},#{item.assis6,jdbcType=VARCHAR},#{item.assis7,jdbcType=VARCHAR},
#{item.assis8,jdbcType=VARCHAR},#{item.assis9,jdbcType=VARCHAR},#{item.centcd,jdbcType=VARCHAR},#{item.prsncd,jdbcType=VARCHAR},
#{item.custcd,jdbcType=VARCHAR},#{item.prducd,jdbcType=VARCHAR},#{item.prlncd,jdbcType=VARCHAR},#{item.acctno,jdbcType=VARCHAR} from dual
        </foreach>

	</insert>
	
	<select id="getNextSequence" parameterType="GlaVoucher" resultType="int">
		select max(tranno) from gla_vchr where trandt = #{trandt} and transq = #{transq}
	</select>
	
	<select id="selectSumTranamByBrch" resultType="GlbCler">
	 <![CDATA[
		select stacid,bsnsdt,brchcd,crcycd,sum(drtsam) as drtsam,sum(crtsam) as crtsam from 
			(select stacid,trandt as bsnsdt,acctbr as brchcd,crcycd,sum(case amntcd when 'C10001002' then tranam else 0 end) drtsam,
				sum(case amntcd when 'C10001001' then tranam else 0 end) crtsam 
					from gla_vchr where stacid = #{stacid} 
						and trandt = #{trandt}
						and clertg = '0'
	      				and ioflag = 'I'
						group by stacid,trandt,acctbr,crcycd
			union
			select a.stacid,a.trandt as bsnsdt,b.clerbr as brchcd,a.crcycd,sum(case a.amntcd when 'C10001002' then a.tranam else 0 end) drtsam,
				sum(case a.amntcd when 'C10001001' then a.tranam else 0 end) crtsam 
					from gla_vchr a,clp_conf b where a.acctbr = b.brchcd and a.stacid = b.stacid
						and	a.stacid = #{stacid} 
						and a.trandt = #{trandt}
						and a.clertg = '0'
	      				and a.ioflag = 'I'
						group by a.stacid,a.trandt,b.clerbr,a.crcycd) 
		   where brchcd <> '0500002'
		group by stacid,bsnsdt,brchcd,crcycd
	 ]]>
	</select>
	
	<!--  -->
	<select id="getVchrsToTran" resultType="GlaVoucher">
		select * from gla_vchr where stacid = #{stacid} and trandt = #{trandt} 
		and acctbr = #{acctbr}
		and transt in ('0','2') 
		order by systid,acctbr,transq,vchrsq
	</select>
	
	<!-- 获取机构前5000笔流水的会计传票，按顺序过传票  -->
	<select id="getVchrsByBrch" resultType="GliVoucher">
	<![CDATA[
		select * from gli_vchr where stacid = #{stacid} and sourdt = #{sourdt} 
		and tranbr = #{tranbr}
		and transt in ('0','2')
		and soursq in (select soursq from ( select distinct soursq from gli_vchr where stacid = #{stacid} and sourdt = #{sourdt} 
		and tranbr = #{tranbr}
		and transt in ('0','2') order by soursq ) where rownum <= 5000)
		order by stacid,sourst,soursq,vchrsq
	]]>
	</select>
	
	<!-- 选取待转存的（未解析）流水号 -->
	<select id="getBrchHeadVchrDetail" resultType="String">
		<![CDATA[
		 select distinct soursq 
       		from  gli_vchr
       	where stacid = #{stacid} 
       	    and sourst = #{sourst}
         	and sourdt = #{trandt} 
           	and tranbr = #{tranbr} 
           	and soursq like #{pit}
            and transt = '0' 
		]]>
	</select>
	<!-- 选取待转存的（解析失败）流水号 -->
	<select id="getBrchHeadVchrDetailOfError" resultType="String">
		<![CDATA[
		 select distinct soursq 
       		from  gli_vchr
       	where stacid = #{stacid} 
       	    and sourst = #{sourst}
         	and sourdt = #{trandt} 
           	and tranbr = #{tranbr} 
           	and soursq like #{pit}
            and transt = '2' 
		]]>
	</select>
	<!-- 根据流水号选取待转存的流水详细信息 -->
	<select id="getBrchVchrDetailByTransq" resultType="GliVoucher">
		select * from gli_vchr
		 where  stacid = #{stacid} and sourst = #{sourst} and sourdt = #{trandt} 
			and tranbr = #{tranbr}	and transt in ('0','2')	 
			and soursq in ( 
			<foreach collection="list" item="soursq" index="index" separator=",">
				#{soursq}
		</foreach>
      			 ) order by soursq
	</select>
	
	<select id="getTranbrOfVchr" resultType="java.util.HashMap">
		select tranbr as "tranbr",sourst as "sourst" from gli_vchr where stacid = #{stacid} and sourdt = #{sourdt}
		and transt in ('0','2')
		group by tranbr,sourst order by count(1) desc
	</select>
	
	<!--  -->
	<update id="updateClearInfo">
		update gla_vchr set clertg = '2',clerdt = #{clerdt},clerod = #{clerod} where stacid = #{stacid} 
			and trandt = #{trandt}
			and clertg = '0'
			and ioflag = 'I'
	</update>
	
	<!-- 标识传票过账失败 -->
	<update id="updateToError" parameterType="GliVoucher" >
		update gli_vchr set transt = '2' where stacid = #{stacid} 
		    and sourst = #{sourst} 
			and sourdt = #{sourdt} 
			and soursq = #{soursq} 
			and vchrsq = #{vchrsq} 
			and transt in ('0','2') 
	</update>
	
	<!-- 标识传票过账成功 -->
	<update id="updateToSucc" parameterType="GlaVoucher" >
		update gla_vchr set transt = '1' where stacid = #{stacid} 
		    and systid = #{systid}
			and trandt = #{trandt}
			and transq = #{transq}
			and vchrsq = #{vchrsq}
			and transt in ('0','2') 
	</update>
	
	<update id="updateToSuccBatch">
		update gli_vchr set transt = '1' where stacid = #{stacid} 
		    and sourst = #{sourst}
			and sourdt = #{sourdt}
			and transt in ('0','2') 
			and tranbr = #{tranbr}
			and soursq in (
				<foreach collection="list" item="item" index="index" separator=",">
					#{item.soursq}
				</foreach>
			)
	</update>
	
	
</mapper>


