<?xml version="1.0" encoding="UTF-8" ?>
<!DOCTYPE mapper 
	PUBLIC "-//mybatis.org//DTD Mapper 3.0//EN" 
	"http://mybatis.org/dtd/mybatis-3-mapper.dtd">
	<mapper namespace="com.sunline.sbp.dao.mapper.GlsExtdMapper">
	
	<select id="selectEntities" parameterType="GlsExtd" resultType="GlsExtd">
		select * from gls_extd where trandt like #{trandt} and transq like #{transq} and bkfnst = '0' order by sortno
	</select>
	
	<insert id="insertEntity" parameterType="GlsExtd">
		insert into gls_extd(stacid,systid,trandt,transq,sortno,cmmdtg,bsnssq,subcmd,cmmdsq,amntcd,trantp,crcycd,tranam,acctno,subsac,dttrcd,prcscd,
		tranbr,blchtp) 
		 values(#{stacid},#{systid},#{trandt},#{transq},#{sortno},#{cmmdtg},#{bsnssq,jdbcType=VARCHAR},#{subcmd,jdbcType=VARCHAR},#{cmmdsq},#{amntcd},#{trantp},#{crcycd},#{tranam},
		 #{acctno,jdbcType=VARCHAR},#{subsac,jdbcType=VARCHAR},#{dttrcd,jdbcType=VARCHAR},#{prcscd,jdbcType=VARCHAR},
		 #{tranbr,jdbcType=VARCHAR},#{blchtp,jdbcType=VARCHAR})
	</insert>
	
	<insert id="insertEntities" parameterType="java.util.List">
		insert into gls_extd(stacid,systid,trandt,transq,sortno,cmmdtg,bsnssq,subcmd,cmmdsq,amntcd,trantp,crcycd,tranam,acctno,subsac,dttrcd,prcscd,tranbr,blchtp) 
		 <foreach collection="list" item="item" index="index" separator="union all">
		 	select #{item.stacid},#{item.systid},#{item.trandt},#{item.transq},
		 	#{item.sortno},#{item.cmmdtg},#{item.bsnssq,jdbcType=VARCHAR},#{item.subcmd,jdbcType=VARCHAR},#{item.cmmdsq},
		 	#{item.amntcd},#{item.trantp},#{item.crcycd},
		 	#{item.tranam},#{item.acctno,jdbcType=VARCHAR},#{item.subsac,jdbcType=VARCHAR},#{item.dttrcd,jdbcType=VARCHAR},#{item.prcscd,jdbcType=VARCHAR},
		 	#{item.tranbr,jdbcType=VARCHAR},#{item.blchtp,jdbcType=VARCHAR} from dual
		 </foreach>
	</insert>
	
	<select id="selectEntity" resultType="GlsExtd">
		select * from gls_extd where systid = #{systid} and trandt = #{trandt} and transq = #{transq} and bkfnst = '0' order by sortno
	</select>
	
	<select id="selectEntitiesBatch" resultType="GlsExtd">
		select * from gls_extd where systid = #{systid} and trandt = #{trandt} and transq in (
		<foreach collection="list" item="item" index="index" separator=",">
			#{item.transq}
		</foreach>
		)
		 order by systid,trandt,tranbr,transq,sortno
	</select>
	
	<update id="toTagSucc">
		update gls_extd set bkfnst = '1' where systid = #{systid} and trandt = #{trandt} and transq =#{transq}  and bkfnst = '0'
		<if test="sortno != null">
			and sortno = #{sortno}
		</if>
	</update>
</mapper>