<?xml version="1.0" encoding="UTF-8" ?>
<!DOCTYPE mapper 
	PUBLIC "-//mybatis.org//DTD Mapper 3.0//EN" 
	"http://mybatis.org/dtd/mybatis-3-mapper.dtd">
	<mapper namespace="com.sunline.sbp.dao.mapper.GlsTranMapper">
	
	<select id="selectEntities" resultType="GlsTran">
		select * from gls_tran where trandt like #{trandt} and transq like #{transq} and transt != '1'
	</select>
	
	<!-- 按机构取未分析流水 -->
	<select id="selectEntitiesWithBrch" resultType="GlsTran">
		select * from gls_tran where trandt = #{trandt} and tranbr = #{tranbr} and systid = #{systid} and transt != '1'
	</select>
	
	<select id="selectEntity" resultType="GlsTran">
		select * from gls_tran where trandt = #{trandt} and transq = #{transq}
	</select>
	
	<!-- 获取待解析的交易机构 -->
	<select id="selectAllTranbrOfToTran" resultType="String">
		select distinct tranbr from gls_tran where trandt = #{trandt} and transt in ('811001001','811001003','811001005','2')
	</select>
	
	<!-- 更新为成功 条件中的状态根据南充项目做了数据标准化,项目实施时要进行变更。此状态分别对应：交易成功、冲销成功、冲账、过账失败-->
	<update id="toTagSucc">
		update gls_tran set transt = '1' where systid = #{systid} and trandt = #{trandt} and transq =#{transq}  and transt in ('811001001','811001003','811001005','2')
	</update>
	
	<!-- 更新为成功 条件中的状态根据南充项目做了数据标准化,项目实施时要进行变更。此状态分别对应：交易成功、冲销成功、冲账、过账失败-->
	<update id="toTagSuccBat">
		update gls_tran set transt = '1' where systid = #{systid} and trandt = #{trandt} and transq in (
			<foreach collection="list" item="item" index="index" separator=",">
		 		#{item.transq} 
			</foreach>
		)
		  and transt in ('811001001','811001003','811001005','2')
	</update>
	
	<update id="toTagFailed">
		update gls_tran set transt = '2' where systid = #{systid} and trandt = #{trandt} and transq =#{transq}  and transt in ('811001001','811001003','811001005','2')
	</update>
	
	<update id="toTagFailedBatch" parameterType="java.util.List">
		update gls_tran set transt = '2' where (systid,trandt,transq) in  (
		<foreach collection="list" item="item" index="index" separator="union all">
		 		select #{item.systid} as systid,#{item.trandt} as trandt,#{item.transq} as transq from dual
		</foreach>
		)
		and transt in ('811001001','811001003','811001005','2')
	</update>
</mapper>