<?xml version="1.0" encoding="UTF-8" ?>
<!DOCTYPE mapper 
	PUBLIC "-//mybatis.org//DTD Mapper 3.0//EN" 
	"http://mybatis.org/dtd/mybatis-3-mapper.dtd">
	<mapper namespace="com.sunline.sbp.dao.mapper.MidTranMapper">
	<!-- 这里namespace必须是UserMapper接口的路径，不然要运行的时候要报错 “is not known to the MapperRegistry”-->
	
	<!-- 这里的id必须和UserMapper接口中的接口方法名相同，不然运行的时候也要报错 -->
	<insert id="insert" parameterType="MidTran">
		insert into gls_mid_tran(stacid,systid,trandt,middsq,transq,tranbr,acctbr,dtitcd,amntcd,tranam,crcycd,smrytx) 
		values(#{stacid},#{systid},#{trandt},#{middsq},#{transq},#{tranbr},#{acctbr},#{dtitcd},#{amntcd},#{tranam},#{crcycd},#{smrytx})
	</insert>
	
	<update id="update" parameterType="java.util.HashMap">
		update gls_mid_tran set tranam = #{tranam} where systid = #{systid}
	</update>
	
	<select id="selectEntity" resultType="MidTran">
		select * from gls_mid_tran where systid = #{systid} and trandt = #{trandt} and middsq = #{middsq}
	</select>
	
	<!-- 置为已过账 -->
	<update id="updateBkfnstSucc" parameterType="MidTran">
		update gls_mid_tran set bkfnst = '1' where trandt = #{trandt} and transq = #{transq} and bkfnst = '0'
	</update>
</mapper>