<?xml version="1.0" encoding="UTF-8" ?>
<!DOCTYPE mapper 
	PUBLIC "-//mybatis.org//DTD Mapper 3.0//EN" 
	"http://mybatis.org/dtd/mybatis-3-mapper.dtd">
	<mapper namespace="com.sunline.sbp.dao.mapper.SequenceInformationMapper">
	
	<select id="selectEntity" parameterType="SequenceInformation" resultType="SequenceInformation">
		select * from com_mxsq where stacid = #{stacid} and sqnocd = #{sqnocd} and brchcd = #{brchcd} and sqnodt = #{sqnodt}
	</select>
	
	<select id="selectEntityByLock" parameterType="SequenceInformation" resultType="SequenceInformation">
		select * from com_mxsq where stacid = #{stacid} and sqnocd = #{sqnocd} and brchcd = #{brchcd} and sqnodt = #{sqnodt} for update
	</select>
	
	<update id="increaseMaxisq" parameterType="SequenceDefine">
		update com_mxsq set maxisq = maxisq + #{sqnonm} where stacid = #{stacid} and sqnocd = #{sqnocd} and brchcd = #{brchcd} and sqnodt = #{sqnodt}
	</update>
	
	<insert id="insertEntity" parameterType="SequenceInformation">
		insert into com_mxsq(stacid,sqnocd,brchcd,sqnodt,maxisq) values (#{stacid},#{sqnocd},#{brchcd},#{sqnodt},#{maxisq})
	</insert>
	
	<update id="updateEntity" parameterType="SequenceInformation">
		update com_mxsq set maxisq = #{maxisq} where stacid = #{stacid} and sqnocd = #{sqnocd} and brchcd = #{brchcd} and sqnodt = #{sqnodt}
	</update>
</mapper>

