<?xml version="1.0" encoding="UTF-8" ?>
<!DOCTYPE mapper 
	PUBLIC "-//mybatis.org//DTD Mapper 3.0//EN" 
	"http://mybatis.org/dtd/mybatis-3-mapper.dtd">
<mapper namespace="com.sunline.sbp.dao.mapper.SysAcctOpenMapper">

	<select id="selectEntity" parameterType="SysAcctOpen" resultType="SysAcctOpen">
		select * from sys_acct_open 
			where stacid = #{stacid} 
				and systid = #{systid} and brchcd = #{brchcd} 
				and itemcd = #{itemcd} and crcycd = #{crcycd}
	</select>
	
	<select id="getMaxSubAcct" resultType="String">
		SELECT Lpad(To_Char(Nvl(MAX(To_Number(Substr(Acctcd,-5,5))),0) + 1),5,'0') acordr
  			FROM Gla_Acct
 				WHERE stacid = #{stacid}
 					and systid = #{systid}
   					and brchno = #{brchcd}
   					and crcycd = #{crcycd}
   					and acctcd LIKE #{acctcdpx}
	</select>
	
	<update id="updateOrder" parameterType="SysAcctOpen">
		update sys_acct_open set aorder = aorder + 1
			where stacid = #{stacid} 
			and systid = #{systid} 
			and brchcd = #{brchcd} 
			and crcycd = #{crcycd} 
			and itemcd = #{itemcd}
	</update>
	
	<insert id="insertAcctnoOpenInfo" parameterType="SysAcctOpen">
				insert into sys_acct_open(stacid,systid, brchcd, crcycd, itemcd
		) values(
				#{stacid}, 
				#{systid}, 
				#{brchcd}, 
				#{crcycd}, 
				#{itemcd}
		)
	</insert>
</mapper>