<?xml version="1.0" encoding="UTF-8" ?>
<!DOCTYPE mapper 
	PUBLIC "-//mybatis.org//DTD Mapper 3.0//EN" 
	"http://mybatis.org/dtd/mybatis-3-mapper.dtd">
	<mapper namespace="com.sunline.sbp.dao.mapper.SysAyncNodeMapper">
	
	<!-- 这里的id必须和Mapper接口中的接口方法名相同 -->
	<select id="getNodes" resultType="SysAyncNode">
		select * from sys_aync_node where stacid = #{stacid} and nodeid = #{nodeid} and aynccd = #{aynccd}
	</select>
	
	<select id="getZombieNodes" resultType="SysAyncNode">
	<![CDATA[
		select * from sys_aync_node where stacid = #{stacid} and nodeid != #{nodeid} and aynccd = #{aynccd}
		    and regiti < #{regiti}
	]]>
	</select>
	
	<select id="getNodeByKey" resultType="SysAyncNode">
		select * from sys_aync_node where stacid = #{stacid} 
		    and aynccd = #{aynccd} and trandt = #{trandt} and sourst = #{sourst}
		    and brchcd = #{brchcd} and pitncd = #{pitncd}
	</select>
	
	<insert id="addNode">
		insert into sys_aync_node(aynccd,nodeid,stacid,trandt,sourst,brchcd,pitncd,regiti)
		values(#{aynccd},#{nodeid},#{stacid},#{trandt},#{sourst},#{brchcd},#{pitncd},#{regiti}) 
	</insert>
	
	<delete id="deleteNode" >
		delete from sys_aync_node where stacid = #{stacid} and nodeid = #{nodeid} 
		    and aynccd = #{aynccd} and trandt = #{trandt} and sourst = #{sourst}
		    and brchcd = #{brchcd} and pitncd = #{pitncd}
	</delete>
	
	<delete id="initNodes" >
		delete from sys_aync_node where stacid = #{stacid} and nodeid = #{nodeid} and aynccd = #{aynccd}
	</delete>
	
	<delete id="deleteZombieNodes">
	<![CDATA[
		delete from sys_aync_node where stacid = #{stacid} and nodeid != #{nodeid} and aynccd = #{aynccd}
		      and regiti < #{regiti}
    ]]>
	</delete>
	
</mapper>