<?xml version="1.0" encoding="UTF-8" ?>
<!DOCTYPE mapper 
	PUBLIC "-//mybatis.org//DTD Mapper 3.0//EN" 
	"http://mybatis.org/dtd/mybatis-3-mapper.dtd">
	<mapper namespace="com.sunline.sbp.dao.mapper.SysDtitMapMapper">
	<cache />
	<!-- 这里的id必须和Mapper接口中的接口方法名相同 -->
	<select id="selectDtit" resultType="SysDtitMap">
		select * from sys_dtit_map where prodcd = #{prodcd} 
			<if test="prodp1 != null and '' != prodp1">
				and prodp1 = #{prodp1} 
			</if>
			<if test="prodp2 != null and '' != prodp2">
				and prodp2 = #{prodp2}
			</if>
			<if test="prodp3 != null and '' != prodp3">
				and prodp3 = #{prodp3}
			</if>
			<if test="prodp4 != null and '' != prodp4">
				and prodp4 = #{prodp4}
			</if>
			<if test="prodp5 != null and '' != prodp5">
				and prodp5 = #{prodp5}
			</if>
			<if test="prodp6 != null and '' != prodp6">
				and prodp6 = #{prodp6}
			</if>
			<if test="prodp7 != null and '' != prodp7">
				and prodp7 = #{prodp7} 
			</if>
			<if test="prodp8 != null and '' != prodp8">
				and prodp8 = #{prodp8}
			</if>
			<if test="prodp9 != null and '' != prodp9">
				and prodp9 = #{prodp9} 
			</if>
			<if test="prodpa != null and '' != prodpa">
				and prodpa = #{prodpa}
			</if>
	</select>
</mapper>