<?xml version="1.0" encoding="UTF-8" ?>
<!DOCTYPE mapper 
	PUBLIC "-//mybatis.org//DTD Mapper 3.0//EN" 
	"http://mybatis.org/dtd/mybatis-3-mapper.dtd">
	<mapper namespace="com.sunline.sbp.dao.mapper.SysProfParaMapper">
	<!-- 这里namespace必须是UserMapper接口的路径，不然要运行的时候要报错 “is not known to the MapperRegistry”-->
	
	<!-- 这里的id必须和UserMapper接口中的接口方法名相同，不然运行的时候也要报错 -->
	<select id="getProfParamers" parameterType="ProfParamer" resultType="ProfParamer">
		select * from sys_prof_para where proftp = #{proftp} and profid = #{profid} and vermod = '0'
		<choose>
			<when test="projcd != null">
				and projcd = #{projcd}
			</when>
			<otherwise>
				and projcd = '.'
			</otherwise> 
		</choose> 
	</select>
</mapper>