<?xml version="1.0" encoding="UTF-8" ?>
<!DOCTYPE mapper 
	PUBLIC "-//mybatis.org//DTD Mapper 3.0//EN" 
	"http://mybatis.org/dtd/mybatis-3-mapper.dtd">
	<mapper namespace="com.sunline.sbp.dao.mapper.TmapTranMapper">
	<cache />
	<!-- 这里的id必须和UserMapper接口中的接口方法名相同，不然运行的时候也要报错 -->
	<select id="getTmapsOfTran" parameterType="SysTmapTran" resultType="SysTmapTran">
		select * from sys_tmap_tran where stacid = #{stacid} and prcscd = #{prcscd} and dttrcd = #{dttrcd} and vermod = '0'
		<choose>
			<when test="projcd != null">
				and ( projcd = #{projcd} or projcd = '.' )
			</when>
			<otherwise>
				and projcd = '.'
			</otherwise>
		</choose>
		order by trtlno asc , sortno asc
	</select>
</mapper>