<?xml version="1.0"?>
<project name="SUNLINE BIMIS Deploy PROJECT" default="copyjar" basedir=".">
	
	<property name="name" value="sunfe" />
	<property name="version" value="1.0" />
	<property file="build.properties" />

	<!--compile depend on lib -->
	<path id="lib.class.path">
		<fileset dir="${basedir}/../lib">
			<include name="bimis/*.jar" />
			<include name="hibernate/*.jar" />
			<include name="jdbc/*.jar" />
			<include name="mybatis/*.jar" />
			<include name="tags/*.jar" />
			<include name="sunline/*.jar" />
			<include name="monitor/*.jar" />
			<include name="search/*.jar" />
			<include name="job/*.jar" />
			<include name="report/*.jar" />
			<include name="ws/*.jar" />
			<include name="json/*.jar" />
			<include name="tbschedule/*.jar" />
			<include name="jbpm/*.jar" />
			<include name="jasperreports/*.jar" />
			<include name="workflow/*.jar" />
			<include name="*.jar" />
			<include name="dubbo/*.jar" />
		</fileset>
	</path>

	<!--deploy web resoures-->
	<target name="deploy_web">
		<copy todir="${imps.web}" filtering="true">
			<fileset dir="${web.dir}">
				<include name="${name}/**/*.jsp" />
				<include name="${name}/**/*.js" />
				<include name="${name}/**/*.xls" />
				<include name="${name}/img/*" />
				<include name="jui/*.jsp" />
				<include name="WEB-INF/config/operation/${name}/*" />
				<include name="WEB-INF/prcscfg/${name}/*" />
				<include name="WEB-INF/classes/*" />
				<include name="sunfe/jasper/*" />
			</fileset>
		</copy>
		<!-- the directory exists or not -->
    	<condition property="direxists-mybatis">    
  		  <available file="${srcmybatis.dir}" type="dir">
  		  </available>
  		</condition>
  		<antcall target="copymybatis" />
		<antcall target="copybeanconf"/>
	</target>
	
	<!--copy spring bean configuration file-->
		<target name="copybeanconf">
			<copy todir="${tobeanconf.dir}" filtering="true">
	        	<fileset dir="${srcbeanconf.dir}" >
	                <include name="${name}*.xml"/>
	            </fileset>
	        </copy>
	   	</target>
	
	<!--copy mybatis file-->
	<target name="copymybatis" if="direxists-mybatis">
		<copy todir="${tomybatis.dir}" filtering="true">
        	<fileset dir="${srcmybatis.dir}" >
                <include name="*mybatis*.xml"/>
            </fileset>
        </copy>
   	</target>
	
	<!--create directory-->
	<target name="prepare" depends="deploy_web">
		<mkdir dir="${build.dir}" />
		<mkdir dir="${build.dir}/META-INF" />
		<mkdir dir="${build.classes}" />
	</target>
	
	<!--compile java-->
	<target name="compile" depends="prepare">
		<javac srcdir="${src.dir}" destdir="${build.classes}" 
			classpathref="lib.class.path" encoding="GBK"  
			includeAntRuntime="false" 
			debug="${java-debug}" 
			includes="com/sunline/${name}/**/**/*.java" 
			excludes="com/sunline/${name}/**/**/*Test.java" />
	</target>
	
	<!--pack jar-->
	<target name="jar" depends="compile" >
		<jar jarfile="${lib.sunline.dir}/sunline-${name}-${version}.jar">
			<fileset dir="${build.classes}" includes="com/sunline/${name}/**/**" />
			<manifest>
				<attribute name="Built-By" value="${user.name}(${os.name} ${os.arch} ${os.version})" />
				<section name="${name}">
					<attribute name="Specification-Title" value="${name}" />
					<attribute name="Specification-Version" value="${version}" />
					<attribute name="Specification-Vendor" value="${company.name}" />
					<attribute name="Implementation-Title" value="${ant.project.name}" />
					<attribute name="Implementation-Version" value="${version}" />
					<attribute name="Implementation-Vendor" value="${company.name}" />
				</section>
			</manifest>
		</jar>
	</target>
	
	<!--copy jar-->
	<target name="copyjar" depends="jar">
		<copy todir="${imps.lib}" file="${lib.sunline.dir}/sunline-${name}-${version}.jar" />
	</target>
</project>