<?xml version="1.0" encoding="UTF-8"?>
<!--
 - Copyright 1999-2011 Alibaba Group.
 -  
 - Licensed under the Apache License, Version 2.0 (the "License");
 - you may not use this file except in compliance with the License.
 - You may obtain a copy of the License at
 -  
 -      http://www.apache.org/licenses/LICENSE-2.0
 -  
 - Unless required by applicable law or agreed to in writing, software
 - distributed under the License is distributed on an "AS IS" BASIS,
 - WITHOUT WARRANTIES OR CONDITIONS OF ANY KIND, either express or implied.
 - See the License for the specific language governing permissions and
 - limitations under the License.
-->
<beans xmlns="http://www.springframework.org/schema/beans"
	xmlns:xsi="http://www.w3.org/2001/XMLSchema-instance"
	xmlns:dubbo="http://code.alibabatech.com/schema/dubbo"
	xsi:schemaLocation="http://www.springframework.org/schema/beans http://www.springframework.org/schema/beans/spring-beans-3.0.xsd
	http://code.alibabatech.com/schema/dubbo http://code.alibabatech.com/schema/dubbo/dubbo.xsd">
						
	<!-- 如下为定时器配置 -->
	
	<bean id="brchVchrsThreadDispenser" class="com.sunline.sbp.schedule.VchrBatchTranPool" scope="prototype">
	</bean>
	
	<!-- Job定义：非并发 -->
	<bean id="vchrAnyJobDetail" class="org.springframework.scheduling.quartz.MethodInvokingJobDetailFactoryBean">
		<property name="targetObject" ref="brchVchrsThreadDispenser" />
		<property name="targetMethod" value="execute" />
		<property name="concurrent" value="false" />
		<!-- 账套ID -->
		<property name="arguments" value="1"/>
	</bean>
	
	<!-- 触发器 每5秒钟触发一次-->
	<bean id="cronTrigger" class="org.springframework.scheduling.quartz.CronTriggerBean">
		<property name="jobDetail" ref="vchrAnyJobDetail" />
		<property name="cronExpression" value="*/5 * * * * ?" />
	</bean>
	
	<!-- 设置调度 -->
	<bean class="org.springframework.scheduling.quartz.SchedulerFactoryBean">
		<property name="triggers">
			<list>
				<ref bean="cronTrigger" />
			</list>
		</property>
		<property name="autoStartup" value="true" />
	</bean>
</beans>