<?xml version="1.0" encoding="UTF-8"?>
<beans xmlns="http://www.springframework.org/schema/beans"
	xmlns:xsi="http://www.w3.org/2001/XMLSchema-instance" 
	xmlns:dubbo="http://code.alibabatech.com/schema/dubbo"
	xmlns:context="http://www.springframework.org/schema/context"
	xmlns:aop="http://www.springframework.org/schema/aop"
	xmlns:tx="http://www.springframework.org/schema/tx"
	xsi:schemaLocation="http://www.springframework.org/schema/beans 
						http://www.springframework.org/schema/beans/spring-beans-3.0.xsd 
						http://www.springframework.org/schema/context 
						http://www.springframework.org/schema/context/spring-context-3.0.xsd 
						http://www.springframework.org/schema/tx 
						http://www.springframework.org/schema/tx/spring-tx-3.0.xsd 
						http://www.springframework.org/schema/aop 
						http://www.springframework.org/schema/aop/spring-aop-3.0.xsd
						http://code.alibabatech.com/schema/dubbo
						http://code.alibabatech.com/schema/dubbo/dubbo.xsd">
	
   	
   	<!-- //以下配置在dubbo.properties中进行配置与声明 -->
   	<!-- 提供方应用信息，用于计算依赖关系 -->
   	<!-- 
    <dubbo:application name="gl-busi-provider"  />
 	-->
    <!-- 使用multicast广播注册中心暴露服务地址 -->
    <!-- 
    <dubbo:registry address="zookeeper://172.32.5.24:2181" />
 	-->
 	
   	 <dubbo:protocol name="webservice" port="9001" />
	 <dubbo:protocol name="dubbo" port="20881" />
 	
    <!-- 声明需要暴露的服务接口 -->
    <!-- 业务流水标准服务 -->
    <dubbo:service interface="com.sunline.onln.service.BusiGLService" ref="busiService" path="BusiGLService" timeout="500000" retries="0" protocol="dubbo,webservice"/>

    <!-- 传票标准服务 -->
    <dubbo:service interface="com.sunline.onln.service.VchrGLService" ref="vchrService" path="VchrGLService" timeout="5000" retries="0" protocol="dubbo,webservice"/>
    <!-- 长亮核心指令过账 -->
    <dubbo:service interface="com.sunline.onln.service.CommandGLService" ref="cmmdService" timeout="5000" retries="0" protocol="dubbo"/>
    <!-- 长亮核心指令批量过账 -->
    <dubbo:service interface="com.sunline.onln.service.CommandBatchGlService" ref="cmmdBatchService" timeout="900000" retries="0" protocol="dubbo"/>
    <!-- 行内清算服务 -->
    <dubbo:service interface="com.sunline.onln.service.FundClerService" ref="fundClerService" timeout="60000" retries="0" protocol="dubbo"/>
 	<!-- 缓存刷新服务 -->
    <dubbo:service interface="com.sunline.onln.service.CacheFreshService" ref="cacheFreshService" timeout="5000" retries="0" />
</beans>