<?xml version="1.0" encoding="UTF-8"?>
<beans xmlns="http://www.springframework.org/schema/beans"
	xmlns:xsi="http://www.w3.org/2001/XMLSchema-instance" 
	xmlns:dubbo="http://code.alibabatech.com/schema/dubbo"
	xmlns:context="http://www.springframework.org/schema/context"
	xmlns:aop="http://www.springframework.org/schema/aop"
	xmlns:tx="http://www.springframework.org/schema/tx"
	xsi:schemaLocation="http://www.springframework.org/schema/beans 
						http://www.springframework.org/schema/beans/spring-beans-3.0.xsd 
						http://www.springframework.org/schema/context 
						http://www.springframework.org/schema/context/spring-context-3.0.xsd 
						http://www.springframework.org/schema/tx 
						http://www.springframework.org/schema/tx/spring-tx-3.0.xsd 
						http://www.springframework.org/schema/aop 
						http://www.springframework.org/schema/aop/spring-aop-3.0.xsd
						http://code.alibabatech.com/schema/dubbo
						http://code.alibabatech.com/schema/dubbo/dubbo.xsd">
	
	<bean id="midTranDao" class="com.sunline.sbp.dao.impl.MidTranDaoImpl" autowire="byName">
   	</bean>
   	<bean id="trtlDao" class="com.sunline.sbp.dao.impl.TrtlDaoImpl" autowire="byName">
   	</bean>
   	<bean id="trcdDao" class="com.sunline.sbp.dao.impl.TrcdDaoImpl" autowire="byName">
   	</bean>
   	<bean id="tmapTranDao" class="com.sunline.sbp.dao.impl.TmapTranDaoImpl" autowire="byName">
   	</bean>
   	<bean id="accountSetDao" class="com.sunline.sbp.dao.impl.AccountSetDaoImpl" autowire="byName">
   	</bean>
   	<bean id="accountingItemDao" class="com.sunline.sbp.dao.impl.AccountingItemDaoImpl" autowire="byName">
   	</bean>
   	<bean id="gliVoucherDao" class="com.sunline.sbp.dao.impl.GliVoucherDaoImpl" autowire="byName">
   	</bean>
   	<bean id="glaVoucherDao" class="com.sunline.sbp.dao.impl.GlaVoucherDaoImpl" autowire="byName">
   	</bean>
   	<bean id="templateMapOfProcessDao" class="com.sunline.sbp.dao.impl.TemplateMapOfProcessDaoImpl" autowire="byName">
   	</bean>
   	<bean id="sysPftpDao" class="com.sunline.sbp.dao.impl.SysPftpDaoImpl" autowire="byName">
   	</bean>
   	<bean id="sysBeanDao" class="com.sunline.sbp.dao.impl.SysBeanDaoImpl" autowire="byName">
   	</bean>
   	<bean id="asbBusiDao" class="com.sunline.sbp.dao.impl.AsbBusiDaoImpl" autowire="byName">
   	</bean>
   	<bean id="sysIntfDao" class="com.sunline.sbp.dao.impl.SystemInterfaceDaoImpl" autowire="byName">
   	</bean>
   	<bean id="productMapDao" class="com.sunline.sbp.dao.impl.ProductMapDaoImpl" autowire="byName">
   	</bean>
   	<bean id="tranProcessDao" class="com.sunline.sbp.dao.impl.TranProcessDaoImpl" autowire="byName">
   	</bean>
   	<bean id="tmplMapDao" class="com.sunline.sbp.dao.impl.TempleteMapDaoImpl" autowire="byName">
   	</bean>
   	<bean id="accountingCodeDao" class="com.sunline.sbp.dao.impl.AccountingCodeDaoImpl" autowire="byName">
   	</bean>
   	<bean id="sequenceFactoryDao" class="com.sunline.sbp.dao.impl.SequenceFactoryDaoImpl" autowire="byName" >
   	</bean>
   	<bean id="unityBusiProcessDao" class="com.sunline.sbp.dao.impl.UnityBusiProcessDaoImpl" autowire="byName">
   	</bean>
   	<bean id="depBusiDao" class="com.sunline.sbp.dao.impl.DepBusiDaoImpl" autowire="byName">
   	</bean>
   	<bean id="accountBalanceDao" class="com.sunline.sbp.dao.impl.AccountBalanceDaoImpl" autowire="byName" scope="prototype">
   	</bean>
   	<bean id="sysCondDetlDao" class="com.sunline.sbp.dao.impl.SysCondDetlDaoImpl" autowire="byName">
   	</bean>
   	<bean id="glsTranDao" class="com.sunline.sbp.dao.impl.GlsTranDaoImpl" autowire="byName">
   	</bean>
   	<bean id="comBrchDao" class="com.sunline.sbp.dao.impl.ComBrchDaoImpl" autowire="byName">
   	</bean>
   	<bean id="sysLndtDao" class="com.sunline.sbp.dao.impl.SysLndtDaoImpl" autowire="byName">
   	</bean>
   	<bean id="extdDao" class="com.sunline.sbp.dao.impl.ExtdDaoImpl" autowire="byName">
   	</bean>
   	<bean id="analyseCenterDao" class="com.sunline.sbp.dao.impl.AnalyseCenterDaoImpl" autowire="byName">
   	</bean>
   	<bean id="clpConfDao" class="com.sunline.sbp.dao.impl.ClpConfDaoImpl" autowire="byName">
   	</bean>
   	<bean id="glbClerDao" class="com.sunline.sbp.dao.impl.GlbClerDaoImpl" autowire="byName">
   	</bean>
   	<bean id="sysIompDao" class="com.sunline.sbp.dao.impl.SysIompDaoImpl" autowire="byName">
   	</bean>
   	<bean id="glsCmddErorDao" class="com.sunline.sbp.dao.impl.GlsCmddErorDaoImpl" autowire="byName">
   	</bean>
   	<bean id="generateVoucherAction" class="com.sunline.sbp.dao.impl.AccountingTreatmentDaoImpl" autowire="byName">
   	</bean>
   	<bean id="sysVchrErorDao" class="com.sunline.sbp.dao.impl.SysVchrErorDaoImpl" autowire="byName">
   	</bean>
   	<bean id="sysDtitMapDao" class="com.sunline.sbp.dao.impl.SysDtitMapDaoImpl" autowire="byName">
   	</bean>
   	<bean id="sysDtitConfDao" class="com.sunline.sbp.dao.impl.SysDtitConfDaoImpl" autowire="byName">
   	</bean>
   	<bean id="comParaDao" class="com.sunline.sbp.dao.impl.ComParaDaoImpl" autowire="byName">
   	</bean>
   	<bean id="txpTypeCfgDao" class="com.sunline.sbp.dao.impl.TxpTypeCfgDaoImp" autowire="byName">
   	</bean>
   	<bean id="comCrcyDao" class="com.sunline.sbp.dao.impl.ComCrcyDaoImpl" autowire="byName">
   	</bean>	
   	<bean id="gliLogDao" class="com.sunline.sbp.dao.impl.GliLogDaoImpl" autowire="byName">
   	</bean>
   	<bean id="comCentDao" class="com.sunline.sbp.dao.impl.ComCentDaoImpl" autowire="byName">
   	</bean>
   	<bean id="comAcctDao" class="com.sunline.sbp.dao.impl.ComAcctDaoImpl" autowire="byName">
   	</bean>
   	<bean id="comBulnDao" class="com.sunline.sbp.dao.impl.ComBulnDaoImpl" autowire="byName">
   	</bean>
   	<bean id="comPrsnDao" class="com.sunline.sbp.dao.impl.ComPrsnDaoImpl" autowire="byName">
   	</bean>
   	<bean id="comCustDao" class="com.sunline.sbp.dao.impl.ComCustDaoImpl" autowire="byName">
   	</bean>
   	<bean id="sysProductDao" class="com.sunline.sbp.dao.impl.SysProductDaoImpl" autowire="byName">
   	</bean>
   	<bean id="comItexDao" class="com.sunline.sbp.dao.impl.ComItexDaoImpl" autowire="byName">
   	</bean>
   	<bean id="comExsrDao" class="com.sunline.sbp.dao.impl.ComExsrDaoImpl" autowire="byName">
   	</bean>
   	
   	<!-- 系统业务规则列表 -->
   	<bean id="midTranRule" class="com.sunline.sbp.dao.impl.rule.MidTranRule" autowire="byName" scope="prototype">
   	</bean>
   	<bean id="asbTranRule" class="com.sunline.sbp.dao.impl.rule.AsbTranRule" autowire="byName" scope="prototype">
   	</bean>
   	<bean id="asbDpraRule" class="com.sunline.sbp.dao.impl.rule.AsbDpraRule" autowire="byName" scope="prototype">
   	</bean>
   	<bean id="depPayInsterestRule" class="com.sunline.sbp.dao.impl.rule.DepositPayInterestRule" autowire="byName" scope="prototype">
   	</bean>
   	<bean id="csiotranrule" class="com.sunline.sbp.dao.impl.rule.CashReceiptAndPaymentTranRule" autowire="byName" scope="prototype">
   	</bean>
   	<bean id="depdwinRule" class="com.sunline.sbp.dao.impl.rule.DepositDrawalInterestTranRule" autowire="byName" scope="prototype">
   	</bean>
   	<bean id="depTranRule" class="com.sunline.sbp.dao.impl.rule.DepositTranInfoRule" autowire="byName" scope="prototype">
   	</bean>
   	<bean id="loadTranRule" class="com.sunline.sbp.dao.impl.rule.LoadTranDetlRule" autowire="byName" scope="prototype">
   	</bean>
   	<bean id="inacTranRule" class="com.sunline.sbp.dao.impl.rule.InacTranRule" autowire="byName" scope="prototype">
   	</bean>
   	<bean id="ivtTranRule" class="com.sunline.sbp.dao.impl.rule.IvtTranRule" autowire="byName" scope="prototype">
   	</bean>
   	<bean id="clerTranRule" class="com.sunline.sbp.dao.impl.rule.ClerTranRule" autowire="byName" scope="prototype">
   	</bean>
   	<bean id="glPriceTaxSeparated" class="com.sunline.sbp.dao.impl.rule.GlPriceTaxSeparated" autowire="byName" scope="prototype">
   	</bean>
   	
   	
   	<!-- 服务bean -->
   	<bean id="midTranAction" class="com.sunline.sbp.service.impl.MidTranActionImpl" autowire="byName">
   	</bean>
   	<bean id="busiOnlnService" class="com.sunline.sbp.service.impl.BusiOnlnServiceImpl" autowire="byName">
   	</bean>
   	<bean id="commandTranService" class="com.sunline.sbp.service.impl.CommandTranServiceImpl" autowire="byName" scope="prototype">
   	</bean>
   	<bean id="fundClearingService" class="com.sunline.sbp.service.impl.FundClearingServiceImpl" autowire="byName" scope="prototype">
   	</bean>
   	<bean id="gliVchrPassService" class="com.sunline.sbp.service.impl.GliVchrPassServiceImpl" autowire="byName" scope="prototype">
   	</bean>
   	<bean id="gliVchrBatchDealService" class="com.sunline.sbp.service.impl.GliVchrBatchDealServiceImpl" autowire="byName" scope="prototype">
   	</bean>
   	
   	<bean id="CacheFreshAction" class="com.sunline.sbp.service.impl.CacheFreshActionImpl" autowire="byName" >
   	</bean>
   	
   	<bean id="gliLogService" class="com.sunline.sbp.service.impl.GliLogServiceImpl" autowire="byName"></bean>
   	
   	<!--数据新增规则  装配类：RuleBeanObjectGenerator-->
   	<!-- 运算规则 -->
   	<bean id="appendParam" class="com.sunline.foundation.arichmeticrule.AppendParameter" autowire="byName" scope="prototype">
   	</bean>
   	<bean id="cloneProp" class="com.sunline.foundation.arichmeticrule.CloneProperty" autowire="byName" scope="prototype">
   	</bean>
   	<bean id="setParam" class="com.sunline.foundation.arichmeticrule.SetParameter" autowire="byName" scope="prototype">
   	</bean>
   	<bean id="devCal" class="com.sunline.foundation.arichmeticrule.TwoNumberDev" autowire="byName" scope="prototype">
   	</bean>
   	<bean id="ConactString" class="com.sunline.foundation.arichmeticrule.ConactParameter" autowire="byName" scope="prototype">
   	</bean>
   	<bean id="plusCal" class="com.sunline.foundation.arichmeticrule.NumbersPlus" autowire="byName" scope="prototype">
   </bean>
   	<bean id="mulCal" class="com.sunline.foundation.arichmeticrule.TwoNumberMul" autowire="byName" scope="prototype">
   	</bean>
   	<bean id="PriceTxSepRule" class="com.sunline.foundation.arichmeticrule.GLPriceTaxSeparatedRule" autowire="byName" scope="prototype">
   	</bean>
   	<bean id="GetParam" class="com.sunline.foundation.arichmeticrule.ParamHunter" autowire="byName" scope="prototype">
   	</bean>
   	
   	<!-- 指令对象 装配类：CommandFactory-->
   	<!-- 指令对象都必须是非单例的 -->
   	<bean id="as" class="com.sunline.sbp.commanddeal.AsbCommand" autowire="byName" scope="prototype">
   	</bean>
   	<bean id="ad" class="com.sunline.sbp.commanddeal.AsbDpraCommand" autowire="byName" scope="prototype">
   	</bean>
   	<bean id="mi" class="com.sunline.sbp.commanddeal.MidCommand" autowire="byName" scope="prototype">
   	</bean>
   	<bean id="dp" class="com.sunline.sbp.commanddeal.rvpyCommamd" autowire="byName" scope="prototype">
   	</bean>
   	<bean id="cscs" class="com.sunline.sbp.commanddeal.CashIOCommand" autowire="byName" scope="prototype">
   	</bean>
   	<bean id="csmv" class="com.sunline.sbp.commanddeal.CashMvCommand" autowire="byName" scope="prototype">
   	</bean>
   	<bean id="ca" class="com.sunline.sbp.commanddeal.CainCommand" autowire="byName" scope="prototype">
   	</bean>
   	<bean id="af" class="com.sunline.sbp.commanddeal.ARAPVSFeeCommand" autowire="byName" scope="prototype">
   	</bean>
   	<bean id="iv" class="com.sunline.sbp.commanddeal.InvestmentCommand" autowire="byName" scope="prototype">
   	</bean>
   	<bean id="ln" class="com.sunline.sbp.commanddeal.LoanCommand" autowire="byName" scope="prototype">
   	</bean>
   	<bean id="pi" class="com.sunline.sbp.commanddeal.LoanCommand" autowire="byName" scope="prototype">
   	</bean>
   	<bean id="ot" class="com.sunline.sbp.commanddeal.VoucherInVSOutCommand" autowire="byName" scope="prototype">
   	</bean>
   	<bean id="ia" class="com.sunline.sbp.commanddeal.InacCommand" autowire="byName" scope="prototype">
   	</bean>
   	<bean id="di" class="com.sunline.sbp.commanddeal.PyinCommand" autowire="byName" scope="prototype">
   	</bean>
   	<bean id="dt" class="com.sunline.sbp.commanddeal.TaxCommand" autowire="byName" scope="prototype">
   	</bean>
   	<bean id="ch" class="com.sunline.sbp.commanddeal.ChdtCommand" autowire="byName" scope="prototype">
   	</bean>
   	<bean id="cl" class="com.sunline.sbp.commanddeal.ClerCommand" autowire="byName" scope="prototype">
   	</bean>
   	<bean id="cg" class="com.sunline.sbp.commanddeal.rvchCommand" autowire="byName" scope="prototype">
   	</bean>
   	<bean id="ed" class="com.sunline.sbp.commanddeal.ClsCmdaCommand" autowire="byName" scope="prototype">
   	</bean>
   	
    <!-- 和本地bean一样实现服务 -->
    <!-- 业务流水 -->
    <bean id="busiService" class="com.sunline.onln.application.provider.BusiGLServiceImpl" autowire="byName" />
    <!-- 传票 -->
    <bean id="vchrService" class="com.sunline.onln.application.provider.VchrGLServiceImpl" />
    <!-- 长亮核心指令 -->
    <bean id="cmmdService" class="com.sunline.onln.application.provider.CommandGlServiceImpl" />
    <!-- 长亮核心批量指令 -->
    <bean id="cmmdBatchService" class="com.sunline.onln.application.provider.CommandBatchGlServiceImpl" />
    <!-- 行内清算 -->
	<bean id="fundClerService" class="com.sunline.onln.application.provider.FundClerServiceImpl" />
	
	<!-- 缓存刷新 -->
	<bean id="cacheFreshService" class="com.sunline.onln.application.provider.CacheFreshServiceImpl" />
	<!--结束-->
	
</beans>