<?xml version="1.0" encoding="GBK"?>
<!DOCTYPE beans PUBLIC "-//SPRING//DTD BEAN//EN" "http://www.springframework.org/dtd/spring-beans.dtd">
<beans default-autowire="byName">
	 <bean id="generateExchangeRate" class="com.sunline.sunfe.schedule.GenerateExchangeRateExecuter" />
	 <bean id="fundClearing" class="com.sunline.sunfe.schedule.FundClearingServiceExecute" />
	 <bean id="gliLogExecuter" class="com.sunline.sunfe.schedule.GliLogExecuter" />
	 <bean id="priceTaxSeparatedTask" class="com.sunline.sunfe.schedule.PriceTaxSeparatedExecute" />
	 <bean id="priceTaxMergeVchrTask" class="com.sunline.sunfe.schedule.PriceTaxMergeVchrExecute" />
	 <bean id="priceTaxSumReg" class="com.sunline.sunfe.schedule.PriceTaxSumRegExecute" />
	 <bean id="jcGliProcessExecuter" class="com.sunline.sunfe.schedule.JcGliProcessExecuter" />
	 <bean id="vchrToEbsExecuter" class="com.sunline.sunfe.schedule.VchrToEbsExecute"/>
	 
</beans>
