<?xml version="1.0" encoding="UTF-8"?>
<!DOCTYPE mapper PUBLIC "-//mybatis.org//DTD Mapper 3.0//EN" "http://mybatis.org/dtd/mybatis-3-mapper.dtd">
<mapper namespace="com.sunline.sunfe.mybatis.bean">
	<!--查询业务规则列表 -->
	<select id="queryBeanlistPage" parameterType="java.util.HashMap"
		resultType="java.util.HashMap">
		SELECT B.BEANID AS "beanid",
		       B.PCKGCD AS "pckgcd",
		       B.BEANDE AS "beande",
		       B.BEANCL AS "beancl",
		       F.INTFNM AS "intfnm",
		       B.USEDTP AS "usedtp",
		       B.PARACD AS "paracd",
		       B.DESCTX AS "desctx",
		       B.VERMOD AS "vermod",
		       B.MODULE AS "module",
		       B.PROJCD AS "projcd"
		FROM SYS_BEAN B LEFT JOIN SYS_INTF F ON B.PARACD = F.INTFCD AND B.VERMOD = F.VERMOD
		<where>
			<if test="beanid != null and beanid != ''">
				AND B.BEANID LIKE #{beanid} escape '\'
			</if>
			<if test="beande != null and beande != ''">
				AND B.BEANDE LIKE '%'||#{beande}||'%'
			</if>
			<if test="vermod != null and vermod != ''">
				AND B.VERMOD = #{vermod}
			</if>
		</where>
		ORDER BY BEANID
	</select>
	<!--根据ID查询业务规则详情 -->
	<select id="queryBeanInfo" parameterType="java.util.HashMap"
		resultType="java.util.HashMap">
		SELECT B.BEANID AS "beanid",
		       B.PCKGCD AS "pckgcd",
		       B.BEANDE AS "beande",
		       B.BEANCL AS "beancl",
		       F.INTFNM AS "intfnm",
		       B.USEDTP AS "usedtp",
		       B.PARACD AS "paracd",
		       B.DESCTX AS "desctx",
		       B.VERMOD AS "vermod",
		       B.MODULE AS "module",
		       B.PROJCD AS "projcd"
		FROM SYS_BEAN B LEFT JOIN SYS_INTF F ON B.PARACD = F.INTFCD AND B.VERMOD = F.VERMOD
		WHERE B.BEANID = #{beanid}  AND B.VERMOD = #{vermod} AND B.PROJCD = #{projcd}
	</select>
	<!-- 新增业务规则信息 -->
	<insert id="addBean" parameterType="java.util.HashMap">
		INSERT INTO SYS_BEAN
		(BEANID,PCKGCD,BEANDE,BEANCL,PARACD,USEDTP,INTFCD,DESCTX,VERMOD,MODULE,PROJCD)
		VALUES
		(#{beanid},#{pckgcd},#{beande},#{beancl},#{paracd},#{usedtp},#{paracd},#{desctx},#{vermod},#{module},#{projcd})
	</insert>
	<!-- 检查业务规则代码是否已存在 -->
	<select id="checkExistBean" parameterType="java.util.HashMap" resultType="java.util.HashMap">
		 <![CDATA[
		SELECT COUNT(*) AS CC FROM SYS_BEAN
		]]>
		<where>
		   <if test="beanid != null and beanid != ''">
			   AND BEANID=#{beanid}
		   </if>
		</where>
	</select>
	
	<!-- 修改业务规则信息 -->
	<update id="updateBean" parameterType="java.util.HashMap">
		 UPDATE SYS_BEAN  SET  VERMOD =VERMOD+1  
	     WHERE BEANID = #{beanid}	AND  PROJCD = #{projcd}		
	</update>
	
	<!-- 删除业务规则信息 -->
	<delete id="deleteBean" parameterType="java.util.HashMap">
			   DELETE FROM SYS_BEAN
		<where>
				AND BEANID  = #{beanid}
				AND PROJCD  = #{projcd}
		</where>
	</delete>  
</mapper>


