<?xml version="1.0" encoding="UTF-8"?>
<!DOCTYPE mapper PUBLIC "-//mybatis.org//DTD Mapper 3.0//EN" "http://mybatis.org/dtd/mybatis-3-mapper.dtd">
<mapper namespace="com.sunline.sunfe.mybatis.beforedayendcheck">

	<!-- 查询外网系统没有准备好的数量 -->
	<select id="queryNotPreparedSyst" parameterType="java.util.HashMap"
		resultType="java.util.HashMap">
		select 
		STACID "stacid",
		SYSTID "systid",
		SYSTNA "systna",
		SPRRCD "sprrcd",
		DETLTG "detltg",
		SYSTDT "systdt",
		PREPST "prepst",
		VALIDE "valide",
		SYRMTX "syrmtx",
		ISSAME "issame"
		from com_syst
		where
		stacid = #{stacid}
		and valide = '1'
		and detltg = '1'
		and prepst = '0'
		and systid != '98'
	</select>
	
	<!--1 查询流水接口表未处理的记录数-->
	<select id="getCountOfLoanBusiNotExecute" parameterType="java.util.HashMap" resultType="java.lang.Integer">
         select count(1) count from loan_busi 
         where stacid = #{stacid}
         	and trandt = #{trandt}
         	and status = '0'
    </select>
    <!--2 查询流水接口表处理失败的记录数-->
	<select id="getCountOfLoanBusiExecuteFail" parameterType="java.util.HashMap" resultType="java.lang.Integer">
         select count(1) count from loan_busi 
         where stacid = #{stacid}
         	and trandt = #{trandt}
         	and status = '2'
    </select>
    <!--3 查询传票接口表未处理的记录数-->
	<select id="getCountOfGliVchrNotExecute" parameterType="java.util.HashMap" resultType="java.lang.Integer">
        select count(1)  from gli_vchr 
        where stacid = #{stacid}
        and sourdt = #{trandt}
        and transt = '0' 
    </select>
    <!--4 查询传票接口表处理失败的记录数-->
	<select id="getCountOfGliVchrExecuteFail" parameterType="java.util.HashMap" resultType="java.lang.Integer">
        select count(1)  from gli_vchr 
        where stacid = #{stacid}
        and sourdt = #{trandt}
        and transt = '2' 
    </select>
	<!--5 查询传票表未过账的记录数-->
	<select id="getCountOfGlaVchrNotExecute" parameterType="java.util.HashMap" resultType="java.lang.Integer">
         select count(1) count from gla_vchr 
         where stacid = #{stacid}
         and trandt = #{trandt}
         and transt = '0' 
    </select>
    <!--6 查询传票表未过账的记录数-->
	<select id="getCountOfGlaVchrExecuteFail" parameterType="java.util.HashMap" resultType="java.lang.Integer">
         select count(1) count from gla_vchr 
         where stacid = #{stacid}
         and trandt = #{trandt}
         and transt = '2' 
    </select>
    <!--7 查询传票表未清算的记录数-->
	<select id="getCountOfGlaVchrNotClear" parameterType="java.util.HashMap" resultType="java.lang.Integer">
         select count(1) count from gla_vchr 
         where stacid = #{stacid}
         and trandt = #{trandt}
         and clertg = '0' 
         and ioflag = 'I'
    </select>

</mapper> 