<?xml version="1.0" encoding="UTF-8"?>
<!DOCTYPE mapper PUBLIC "-//mybatis.org//DTD Mapper 3.0//EN" "http://mybatis.org/dtd/mybatis-3-mapper.dtd">
<mapper namespace="com.sunline.sunfe.mybatis.busidata">

	<!-- 错误日志查询 -->
	<select id="getEoorLog" parameterType="java.util.HashMap"
		resultType="java.util.HashMap">
		select erromg "errolog"
		from sys_busi_erro a
		where 1=1
		<if test="stacid != null and stacid != ''">
			AND a.stacid=#{stacid}
		</if>
		<if test="systid != null and systid != ''">
			AND a.systid=#{systid}
		</if>
		<if test="trandt != null and trandt != ''">
			AND a.trandt=#{trandt}
		</if>
		<if test="transq != null and transq != ''">
			AND a.transq = #{transq}
		</if>
		<if test="tranbr != null and tranbr != ''">
			AND a.brchcd = #{tranbr}
		</if>
		order by tranti desc
	</select>






	<!-- 通用交易查询 -->
	<select id="getLoanBusisdatalistPage" parameterType="java.util.HashMap" resultType="java.util.HashMap">
		select a.stacid "stacid",
		a.systid "systid",
		a.trandt "trandt",
		a.transq "transq",
		a.tranbr "tranbr",
		a.acctbr "acctbr",
		a.PRCSCD "prcscd",
		a.crcycd "crcycd",
		a.PRODCD "prodcd",
		a.TRPRCD "trprcd",
		a.TRANTP "trantp",
		a.TRANAM "tranam",
		a.STATUS "status",
		a.BATHID "bathid",
		a.SERINO "serino",
		a.EVETDN "evetdn"
		from loan_busi a 
		where 1=1 
		<if test="stacid != null and stacid != ''">
			AND a.stacid=#{stacid}
		</if>
		<if test="systid != null and systid != ''">
			AND a.systid=#{systid}
		</if>
		<if test="trandt != null and trandt != ''">
			AND a.trandt=#{trandt}
		</if>
		<if test="transq != null and transq != ''">
			AND a.transq LIKE '%'||#{transq}||'%'
		</if>
		<if test="tranbr != null and tranbr != ''">
			AND a.tranbr=#{tranbr}
		</if>
		<if test="status != null and status != ''">
			AND a.status=#{status}
		</if>
		<if test="loanp8 != null and loanp8 != ''">
			AND a.loanp8=#{loanp8}
		</if>
		AND a.stacid in @BASERESC_TP_20
		AND a.acctbr in @BASERESC_TP_1
		order by a.stacid asc , a.systid asc, a.trandt asc , a.transq asc
	</select>

	
	<select id="loanBusiAddMainlistPage" parameterType="java.util.HashMap" resultType="java.util.HashMap">
		select  A.STACID "stacid",
				A.SYSTID "systid",
				A.TRANDT "trandt",
				A.TRANSQ "transq",
				A.TRANBR "tranbr",
				A.ACCTBR "acctbr",
				A.PRCSCD "prcscd",
				A.CRCYCD "crcycd",
				A.PRODCD "prodcd",
				A.TRPRCD "trprcd",
				A.TRANTP "trantp",
				A.TRANAM "tranam",
				A.STATUS "status",
				A.BATHID "bathid",
				A.SERINO "serino",
				A.EVETDN "evetdn"
		FROM LOAN_BUSI A
		<where>
		<if test="stacid != null and stacid != ''">
			AND A.STACID=#{stacid}
		</if>
		<if test="systid != null and systid != ''">
			AND A.SYSTID=#{systid}
		</if>
		<if test="trandt != null and trandt != ''">
			AND A.TRANDT=#{trandt}
		</if>
		<if test="transq != null and transq != ''">
			AND A.TRANSQ LIKE '%'||#{transq}||'%'
		</if>
		<if test="tranbr != null and tranbr != ''">
			AND A.TRANBR=#{tranbr}
		</if>
		<if test="status != null and status != ''">
			AND A.STATUS=#{status}
		</if>
		<if test="chrexi != null and chrexi != ''">
			AND A.CHREXI=#{chrexi}
		</if>
		AND A.STACID in @BASERESC_TP_20
		AND A.ACCTBR in @BASERESC_TP_1
		AND A.CHREXJ IS NOT NULL 
		</where>
		ORDER BY A.STACID ASC , A.SYSTID ASC, A.TRANDT ASC , A.TRANSQ ASC
	</select>
	 
	<!--通用元交易查询 -->
	<select id="getLoanBusisdata" parameterType="java.util.HashMap"
		resultType="java.util.HashMap">
		select a.stacid "stacid",
		a.systid "systid",
		a.trandt "trandt",
		a.transq "transq",
		a.tranbr "tranbr",
		a.acctbr "acctbr",
		a.PRCSCD "prcscd",
		a.crcycd "crcycd",
		a.PRODCD "prodcd",
		a.TRPRCD "trprcd",
		a.TRANTP "trantp",
		a.TRANAM "tranam",
		a.STATUS "status",
		a.BATHID "bathid",
		a.SERINO "serino",
		a.EVETDN "evetdn",
		a.loanp1 "loanp1",
		a.loanp2 "loanp2",
		a.loanp3 "loanp3",
		a.loanp4 "loanp4",
		a.loanp5 "loanp5",
		a.loanp6 "loanp6",
		a.loanp7 "loanp7",
		a.loanp8 "loanp8",
		a.loanp9 "loanp9",
		a.loanpa "loanpa",
		b.module "module"
		from loan_busi a left join sys_prcs  b on a.prcscd = b.prcscd and b.vermod = '0'
		where a.stacid=#{stacid}
		AND a.systid=#{systid}
		AND a.trandt=#{trandt}
		AND a.transq=#{transq}
		AND a.stacid in @BASERESC_TP_20
		AND a.acctbr in @BASERESC_TP_1
		order by serino
	</select>

	<!-- 贷款业务元交易查询 -->
	<select id="getLanBusisdatalistPage" parameterType="java.util.HashMap"
		resultType="java.util.HashMap">
		select a.stacid "stacid",
		a.systid "systid",
		a.trandt "trandt",
		a.transq "transq",
		a.tranbr "tranbr",
		a.acctbr "acctbr",
		a.crcycd "crcycd",
		a.captam "captam",
		a.dwinam "dwinam",
		a.chinam "chinam",
		a.ltinam "ltinam",
		a.status "status",
		a.loanp8 "loanp8"
		from lan_busi a
		where 1=1
		<if test="stacid != null and stacid != ''">
			AND a.stacid=#{stacid}
		</if>
		<if test="systid != null and systid != ''">
			AND a.systid=#{systid}
		</if>
		<if test="trandt != null and trandt != ''">
			AND a.trandt=#{trandt}
		</if>
		<if test="transq != null and transq != ''">
			AND a.transq LIKE '%'||#{transq}||'%'
		</if>
		<if test="tranbr != null and tranbr != ''">
			AND a.tranbr=#{tranbr}
		</if>
		<if test="status != null and status != ''">
			AND a.status=#{status}
		</if>
		<if test="loanp8 != null and loanp8 != ''">
			AND a.loanp8=#{loanp8}
		</if>
		AND a.stacid in @BASERESC_TP_20
		AND a.acctbr in @BASERESC_TP_1
	</select>

	<!-- 贷款业务元交易查询 -->
	<select id="getLanBusisdata" parameterType="java.util.HashMap"
		resultType="java.util.HashMap">
		select a.stacid "stacid",
		a.systid "systid",
		a.trandt "trandt",
		a.transq "transq",
		a.prodcd "prodcd",
		a.loanp1 "loanp1",
		a.loanp2 "loanp2",
		a.loanp3 "loanp3",
		a.loanp4 "loanp4",
		a.loanp5 "loanp5",
		a.loanp6 "loanp6",
		a.loanp7 "loanp7",
		a.loanp8 "loanp8",
		a.loanp9 "loanp9",
		a.loanpa "loanpa",
		a.tranbr "tranbr",
		a.acctbr "acctbr",
		a.crcycd "crcycd",
		a.toctty "toctty",
		a.captam "captam",
		a.dwinam "dwinam",
		a.chinam "chinam",
		a.ltinam "ltinam",
		a.adovam "adovam",
		a.toinam "toinam",
		a.impaam "impaam",
		a.pdagam "pdagam",
		a.carvam "carvam",
		a.rvonam "rvonam",
		a.rviram "rviram",
		a.rvoram "rvoram",
		a.status "status"
		from lan_busi a
		where a.stacid=#{stacid}
		AND a.systid=#{systid}
		AND a.trandt=#{sourdt}
		AND a.transq=#{soursq}
		AND a.stacid in @BASERESC_TP_20
		AND a.acctbr in @BASERESC_TP_1
		order by serino
	</select>




	<!-- 查询数据传票流水信息 -->
	<select id="getGlavchr" parameterType="java.util.HashMap"
		resultType="java.util.HashMap">
		select a.stacid "stacid",
		a.systid "systid",
		a.trandt "trandt",
		a.transq "transq",
		a.tranbr "tranbr",
		a.acctbr "acctbr",
		a.itemcd "itemcd",
		a.crcycd "crcycd",
		a.amntcd "amntcd",
		a.tranam "tranam",
		a.sourdt "sourdt",
		a.soursq "soursq",
		a.srvcsq "srvcsq",
		a.prducd "prducd",
		a.custcd "custcd",
		a.sourac "sourac",
		a.centcd "centcd",
        a.acctno "acctno",
        a.prsncd "prsncd",
        a.prducd "prducd",
        a.custcd "custcd",
        a.prlncd "prlncd",
        a.assis0 "assis0",
        a.assis1 "assis1",
        a.assis2 "assis2",
        a.assis3 "assis3",
        a.assis4 "assis4",
        a.assis5 "assis5",
        a.assis6 "assis6",
        a.assis7 "assis7", 
        a.assis8 "assis8",
        a.assis9 "assis9"
		from
		<if test="trandt == glisdt">
			gla_vchr a
		</if>
		<if test="trandt != glisdt">
			gla_vchr_h a
		</if>
		where a.sourac=#{stacid}
		and a.sourst=#{systid}
		and a.soursq=#{transq}
		and a.sourdt=#{trandt}
		AND a.stacid in @BASERESC_TP_20
		AND a.acctbr in @BASERESC_TP_1
		ORDER BY a.TRANDT DESC ,a.TRANSQ DESC ,a.TRANBR desc ,a.AMNTCD desc
	</select>

	<!-- 通过产品号查询产品名 -->
	<select id="getProductName" parameterType="java.util.HashMap"
		resultType="java.util.HashMap">
		SELECT a.prodna "prodna" FROM sys_prod a where a.prodcd=#{prodcd}
	</select>
	<!-- 查询属性组名 -->
	<select id="getGroup" parameterType="java.util.HashMap"
		resultType="java.util.HashMap">
		SELECT a.prgpna "prgpna" FROM sys_prtp a where a.prgptp in
		(SELECT prgptp FROM sys_prtp_detl where propcd=#{param})
	</select>
	<!-- 查询产品属性组和属性名 -->
	<select id="getProperty1" parameterType="java.util.HashMap"
		resultType="java.util.HashMap">
		SELECT a.propcd "propcd", a.desctx "desctx", b.prgpna "prgpna"
		FROM sys_prtp_detl a, sys_prtp b
		where a.propcd = #{loanp1}
		and a.prgptp = b.prgptp
	</select>
	<select id="getProperty2" parameterType="java.util.HashMap"
		resultType="java.util.HashMap">
		SELECT a.propcd "propcd", a.desctx "desctx", b.prgpna "prgpna"
		FROM sys_prtp_detl a, sys_prtp b
		where a.propcd = #{loanp2}
		and a.prgptp = b.prgptp
	</select>
	<select id="getProperty3" parameterType="java.util.HashMap"
		resultType="java.util.HashMap">
		SELECT a.propcd "propcd", a.desctx "desctx", b.prgpna "prgpna"
		FROM sys_prtp_detl a, sys_prtp b
		where a.propcd = #{loanp3}
		and a.prgptp = b.prgptp
	</select>
	<select id="getProperty4" parameterType="java.util.HashMap"
		resultType="java.util.HashMap">
		SELECT a.propcd "propcd", a.desctx "desctx", b.prgpna "prgpna"
		FROM sys_prtp_detl a, sys_prtp b
		where a.propcd = #{loanp4}
		and a.prgptp = b.prgptp
	</select>
	<select id="getProperty9" parameterType="java.util.HashMap"
		resultType="java.util.HashMap">
		SELECT a.propcd "propcd", a.desctx "desctx", b.prgpna "prgpna"
		FROM sys_prtp_detl a, sys_prtp b
		where a.propcd = #{loanp9}
		and a.prgptp = b.prgptp
	</select>
	<select id="getPropertya" parameterType="java.util.HashMap"
		resultType="java.util.HashMap">
		SELECT a.propcd "propcd", a.desctx "desctx", b.prgpna "prgpna"
		FROM sys_prtp_detl a, sys_prtp b
		where a.propcd = #{loanpa}
		and a.prgptp = b.prgptp
	</select>
	<select id="getProperty" parameterType="String" resultType="java.util.HashMap">
		SELECT a.propcd "propcd", a.desctx "desctx", b.prgpna "prgpna"
		FROM sys_prtp_detl a, sys_prtp b
		where a.propcd = #{_parameter}
		and a.prgptp = b.prgptp
	</select>

	<!-- 凭证出入归集分页查询 -->
	<select id="getVchBusisdatalistPage" parameterType="java.util.HashMap"
		resultType="java.util.HashMap">
		select a.stacid "stacid",
		a.systid "systid",
		a.trandt "trandt",
		a.transq "transq",
		a.tranbr "tranbr",
		a.prcscd "prcscd",
		a.csbxbr "csbxbr",
		a.csbxtp "csbxtp",
		a.vchrtp "vchrtp",
		a.vchrnm "vchrnm",
		a.tobxbr "tobxbr",
		a.tobxtp "tobxtp",
		a.status "status"
		from vch_busi a
		where 1=1
		<if test="stacid != null and stacid != ''">
			AND a.stacid=#{stacid}
		</if>
		<if test="systid != null and systid != ''">
			AND a.systid=#{systid}
		</if>
		<if test="trandt != null and trandt != ''">
			AND a.trandt=#{trandt}
		</if>
		<if test="transq != null and transq != ''">
			AND a.transq=#{transq}
		</if>
		<if test="tranbr != null and tranbr != ''">
			AND a.tranbr like '%'||#{tranbr}||'%'
		</if>
		<if test="status != null and status != ''">
			AND a.status=#{status}
		</if>
		<if test="loanp8 != null and loanp8 != ''">
			AND a.loanp8=#{loanp8}
		</if>
		AND a.stacid in @BASERESC_TP_20
		AND a.tranbr in @BASERESC_TP_1
	</select>

	<!-- 凭证出入归集查询 -->
	<select id="getVchBusisdata" parameterType="java.util.HashMap"
		resultType="java.util.HashMap">
		select a.stacid "stacid",
		a.systid "systid",
		a.trandt "trandt",
		a.transq "transq",
		a.tranbr "tranbr",
		a.prcscd "prcscd",
		a.csbxbr "csbxbr",
		a.csbxtp "csbxtp",
		a.vchrtp "vchrtp",
		a.vchrnm "vchrnm",
		a.tobxbr "tobxbr",
		a.tobxtp "tobxtp",
		a.status "status"
		from vch_busi a
		where a.stacid=#{stacid}
		AND a.systid=#{systid}
		AND a.trandt=#{sourdt}
		AND a.transq=#{soursq}
		AND a.stacid in @BASERESC_TP_20
		AND a.tranbr in @BASERESC_TP_1
	</select>

	<!-- 投资业务归集分页查询 -->
	<select id="getIvtBusisdatalistPage" parameterType="java.util.HashMap"
		resultType="java.util.HashMap">
		select a.stacid "stacid",
		a.systid "systid",
		a.trandt "trandt",
		a.transq "transq",
		a.tranbr "tranbr",
		a.prcscd "prcscd",
		a.subseq "subseq",
		a.prodcd "prodcd",
		a.ivsttp "ivsttp",
		a.variam "variam",
		a.dwinam "dwinam",
		a.adinam "adinam",
		a.mtccin "mtccin",
		a.overam "overam",
		a.rcinam "rcinam",
		a.favaam "favaam",
		a.impaam "impaam",
		a.chtotp "chtotp",
		a.invtam "invtam",
		a.acctam "acctam",
		a.status "status",
		a.crcycd "crcycd"
		from ivt_busi a
		where 1=1
		<if test="stacid != null and stacid != ''">
			AND a.stacid=#{stacid}
		</if>
		<if test="systid != null and systid != ''">
			AND a.systid=#{systid}
		</if>
		<if test="trandt != null and trandt != ''">
			AND a.trandt=#{trandt}
		</if>
		<if test="transq != null and transq != ''">
			AND a.transq=#{transq}
		</if>
		<if test="tranbr != null and tranbr != ''">
			AND a.tranbr like '%'||#{tranbr}||'%'
		</if>
		<if test="status != null and status != ''">
			AND a.status=#{status}
		</if>
		<if test="loanp8 != null and loanp8 != ''">
			AND a.loanp8=#{loanp8}
		</if>
		AND a.stacid in @BASERESC_TP_20
		AND a.tranbr in @BASERESC_TP_1
		order by a.stacid asc , a.systid asc, a.trandt asc , a.transq asc
	</select>

	<!-- 投资业务归集查询 -->
	<select id="getIvtBusisdata" parameterType="java.util.HashMap"
		resultType="java.util.HashMap">
		select a.stacid "stacid",
		a.systid "systid",
		a.trandt "trandt",
		a.transq "transq",
		a.tranbr "tranbr",
		a.prcscd "prcscd",
		a.subseq "subseq",
		a.prodcd "prodcd",
		a.ivsttp "ivsttp",
		a.variam "variam",
		a.dwinam "dwinam",
		a.adinam "adinam",
		a.mtccin "mtccin",
		a.overam "overam",
		a.rcinam "rcinam",
		a.favaam "favaam",
		a.impaam "impaam",
		a.chtotp "chtotp",
		a.invtam "invtam",
		a.acctam "acctam",
		a.status "status",
		a.crcycd "crcycd"
		from ivt_busi a
		where a.stacid=#{stacid}
		AND a.systid=#{systid}
		AND a.trandt=#{sourdt}
		AND a.transq=#{soursq}
		AND a.stacid in @BASERESC_TP_20
		AND a.tranbr in @BASERESC_TP_1
	</select>

	<!-- 内部帐户归集分页查询 -->
	<select id="getGpvBusisdatalistPage" parameterType="java.util.HashMap"
		resultType="java.util.HashMap">
		select a.stacid "stacid",
		a.systid "systid",
		a.trandt "trandt",
		a.transq "transq",
		a.tranbr "tranbr",
		a.prcscd "prcscd",
		a.sequno "sequno",
		a.amntcd "amntcd",
		a.itemcd "itemcd",
		a.tranam "tranam",
		a.centcd "centcd",
		a.custcd "custcd",
		a.prsncd "prsncd",
		a.acctno "acctno",
		a.prducd "prducd",
		a.prlncd "prlncd",
		a.assis1 "assis1",
		a.assis2 "assis2",
		a.assis3 "assis3",
		a.assis4 "assis4",
		a.status "status"
		from gpv_busi a
		where 1=1
		<if test="stacid != null and stacid != ''">
			AND a.stacid=#{stacid}
		</if>
		<if test="systid != null and systid != ''">
			AND a.systid=#{systid}
		</if>
		<if test="trandt != null and trandt != ''">
			AND a.trandt=#{trandt}
		</if>
		<if test="transq != null and transq != ''">
			AND a.transq=#{transq}
		</if>
		<if test="tranbr != null and tranbr != ''">
			AND a.tranbr like '%'||#{tranbr}||'%'
		</if>
		<if test="status != null and status != ''">
			AND a.status=#{status}
		</if>
		<if test="loanp8 != null and loanp8 != ''">
			AND a.loanp8=#{loanp8}
		</if>
		AND a.stacid in @BASERESC_TP_20
		AND a.tranbr in @BASERESC_TP_1
	</select>

	<!-- 内部帐户归集查询 -->
	<select id="getGpvBusisdata" parameterType="java.util.HashMap"
		resultType="java.util.HashMap">
		select a.stacid "stacid",
		a.systid "systid",
		a.trandt "trandt",
		a.transq "transq",
		a.tranbr "tranbr",
		a.prcscd "prcscd",
		a.sequno "sequno",
		a.amntcd "amntcd",
		a.itemcd "itemcd",
		a.tranam "tranam",
		a.centcd "centcd",
		a.custcd "custcd",
		a.prsncd "prsncd",
		a.acctno "acctno",
		a.prducd "prducd",
		a.prlncd "prlncd",
		a.assis1 "assis1",
		a.assis2 "assis2",
		a.assis3 "assis3",
		a.assis4 "assis4",
		a.status "status"
		from gpv_busi a
		where a.stacid=#{stacid}
		AND a.systid=#{systid}
		AND a.trandt=#{sourdt}
		AND a.transq=#{soursq}
		AND a.stacid in @BASERESC_TP_20
		AND a.tranbr in @BASERESC_TP_1
	</select>

	<!-- 存款类业务归集分页查询 -->
	<select id="getDepBusisdatalistPage" parameterType="java.util.HashMap"
		resultType="java.util.HashMap">
		select a.stacid "stacid",
		a.systid "systid",
		a.trandt "trandt",
		a.tranbr "tranbr",
		a.transq "transq",
		a.prcscd "prcscd",
		a.debttp "debttp",
		a.termcd "termcd",
		a.trantp "trantp",
		a.trtpdl "trtpdl",
		a.acctno "acctno",
		a.todtbt "todtbt",
		a.toterm "toterm",
		a.tobrch "tobrch",
		a.toacno "toacno",
		a.smrycd "smrycd",
		a.crcycd "crcycd",
		a.capiam "capiam",
		a.pyinam "pyinam",
		a.acinam "acinam",
		a.poudam "poudam",
		a.pdcsam "pdcsam",
		a.intxam "intxam",
		a.dcmttp "dcmttp",
		a.dealst "status"
		from dep_busi a
		where 1=1
		<if test="stacid != null and stacid != ''">
			AND a.stacid=#{stacid}
		</if>
		<if test="systid != null and systid != ''">
			AND a.systid=#{systid}
		</if>
		<if test="trandt != null and trandt != ''">
			AND a.trandt=#{trandt}
		</if>
		<if test="transq != null and transq != ''">
			AND a.transq=#{transq}
		</if>
		<if test="tranbr != null and tranbr != ''">
			AND a.tranbr=#{tranbr}
		</if>
		<if test="status != null and status != ''">
			AND a.dealst=#{status}
		</if>
		AND a.stacid in @BASERESC_TP_20
		AND a.tranbr in @BASERESC_TP_1
	</select>

	<!-- 存款类业务归集查询 -->
	<select id="getDepBusisdata" parameterType="java.util.HashMap"
		resultType="java.util.HashMap">
		select a.stacid "stacid",
		a.systid "systid",
		a.trandt "trandt",
		a.tranbr "tranbr",
		a.transq "transq",
		a.prcscd "prcscd",
		a.debttp "debttp",
		a.termcd "termcd",
		a.trantp "trantp",
		a.trtpdl "trtpdl",
		a.acctno "acctno",
		a.todtbt "todtbt",
		a.toterm "toterm",
		a.tobrch "tobrch",
		a.toacno "toacno",
		a.smrycd "smrycd",
		a.crcycd "crcycd",
		a.capiam "capiam",
		a.pyinam "pyinam",
		a.acinam "acinam",
		a.poudam "poudam",
		a.pdcsam "pdcsam",
		a.intxam "intxam",
		a.dcmttp "dcmttp",
		a.dealst "status"
		from dep_busi a
		where a.stacid=#{stacid}
		AND a.systid=#{systid}
		AND a.trandt=#{sourdt}
		AND a.transq=#{soursq}
		AND a.stacid in @BASERESC_TP_20
		AND a.tranbr in @BASERESC_TP_1
	</select>

	<!-- 现金调拨业务归集分页查询 -->
	<select id="getCsaBusisdatalistPage" parameterType="java.util.HashMap"
		resultType="java.util.HashMap">
		select a.stacid "stacid",
		a.systid "systid",
		a.trandt "trandt",
		a.transq "transq",
		a.tranbr "tranbr",
		a.prcscd "prcscd",
		a.csbxbr "csbxbr",
		a.csbxtp "csbxtp",
		a.smrycd "smrycd",
		a.crcycd "crcycd",
		a.tranam "tranam",
		a.tobxtp "tobxtp",
		a.tobxbr "tobxbr",
		a.status "status"
		from csa_busi a
		where 1=1
		<if test="stacid != null and stacid != ''">
			AND a.stacid=#{stacid}
		</if>
		<if test="systid != null and systid != ''">
			AND a.systid=#{systid}
		</if>
		<if test="trandt != null and trandt != ''">
			AND a.trandt=#{trandt}
		</if>
		<if test="transq != null and transq != ''">
			AND a.transq=#{transq}
		</if>
		<if test="tranbr != null and tranbr != ''">
			AND a.tranbr like '%'||#{tranbr}||'%'
		</if>
		<if test="status != null and status != ''">
			AND a.status=#{status}
		</if>
		<if test="loanp8 != null and loanp8 != ''">
			AND a.loanp8=#{loanp8}
		</if>
		AND a.stacid in @BASERESC_TP_20
		AND a.tranbr in @BASERESC_TP_1
	</select>

	<!-- 现金调拨业务归集查询 -->
	<select id="getCsaBusisdata" parameterType="java.util.HashMap"
		resultType="java.util.HashMap">
		select a.stacid "stacid",
		a.systid "systid",
		a.trandt "trandt",
		a.transq "transq",
		a.tranbr "tranbr",
		a.prcscd "prcscd",
		a.csbxbr "csbxbr",
		a.csbxtp "csbxtp",
		a.smrycd "smrycd",
		a.crcycd "crcycd",
		a.tranam "tranam",
		a.tobxtp "tobxtp",
		a.tobxbr "tobxbr",
		a.status "status"
		from csa_busi a
		where a.stacid=#{stacid}
		AND a.systid=#{systid}
		AND a.trandt=#{sourdt}
		AND a.transq=#{soursq}
		AND a.stacid in @BASERESC_TP_20
		AND a.tranbr in @BASERESC_TP_1
	</select>

	<!-- 通用业务归集分页查询 -->
	<select id="getCmbBusisdatalistPage" parameterType="java.util.HashMap"
		resultType="java.util.HashMap">
		select a.stacid "stacid",
		a.systid "systid",
		a.trandt "trandt",
		a.transq "transq",
		a.tranbr "tranbr",
		a.prcscd "prcscd",
		a.pckgdt "pckgdt",
		a.status "status"
		from cmb_busi a
		where 1=1
		<if test="stacid != null and stacid != ''">
			AND a.stacid=#{stacid}
		</if>
		<if test="systid != null and systid != ''">
			AND a.systid=#{systid}
		</if>
		<if test="trandt != null and trandt != ''">
			AND a.trandt=#{trandt}
		</if>
		<if test="transq != null and transq != ''">
			AND a.transq=#{transq}
		</if>
		<if test="tranbr != null and tranbr != ''">
			AND a.tranbr like '%'||#{tranbr}||'%'
		</if>
		<if test="status != null and status != ''">
			AND a.status=#{status}
		</if>
		<if test="loanp8 != null and loanp8 != ''">
			AND a.loanp8=#{loanp8}
		</if>
		AND a.stacid in @BASERESC_TP_20
		AND a.tranbr in @BASERESC_TP_1
	</select>



	<!-- 通用业务归集查询 -->
	<select id="getCmbBusisdata" parameterType="java.util.HashMap"
		resultType="java.util.HashMap">
		select a.stacid "stacid",
		a.systid "systid",
		a.trandt "trandt",
		a.transq "transq",
		a.tranbr "tranbr",
		a.prcscd "prcscd",
		a.pckgdt "pckgdt",
		a.status "status"
		from cmb_busi a
		where a.stacid=#{stacid}
		AND a.systid=#{systid}
		AND a.trandt=#{sourdt}
		AND a.transq=#{soursq}
		AND a.stacid in @BASERESC_TP_20
		AND a.tranbr in @BASERESC_TP_1
	</select>


	<!-- 回购业务归集分页查询 -->
	<select id="getBbkBusisdatalistPage" parameterType="java.util.HashMap"
		resultType="java.util.HashMap">
		select a.stacid "stacid",
		a.systid "systid",
		a.trandt "trandt",
		a.transq "transq",
		a.tranbr "tranbr",
		a.prcscd "prcscd",
		a.prodcd "prodcd",
		a.typecd "typecd",
		a.captam "captam",
		a.dwinam "dwinam",
		a.indvam "indvam",
		a.rebfam "rebfam",
		a.status "status",
		a.crcycd "crcycd"
		from bbk_busi a
		where 1=1
		<if test="stacid != null and stacid != ''">
			AND a.stacid=#{stacid}
		</if>
		<if test="systid != null and systid != ''">
			AND a.systid=#{systid}
		</if>
		<if test="trandt != null and trandt != ''">
			AND a.trandt=#{trandt}
		</if>
		<if test="transq != null and transq != ''">
			AND a.transq=#{transq}
		</if>
		<if test="tranbr != null and tranbr != ''">
			AND a.tranbr like '%'||#{tranbr}||'%'
		</if>
		<if test="status != null and status != ''">
			AND a.status=#{status}
		</if>
		<if test="loanp8 != null and loanp8 != ''">
			AND a.loanp8=#{loanp8}
		</if>
		AND a.stacid in @BASERESC_TP_20
		AND a.tranbr in @BASERESC_TP_1
	</select>

	<!-- 回购业务归集查询 -->
	<select id="getBbkBusisdata" parameterType="java.util.HashMap"
		resultType="java.util.HashMap">
		select a.stacid "stacid",
		a.systid "systid",
		a.trandt "trandt",
		a.transq "transq",
		a.tranbr "tranbr",
		a.prcscd "prcscd",
		a.prodcd "prodcd",
		a.typecd "typecd",
		a.captam "captam",
		a.dwinam "dwinam",
		a.indvam "indvam",
		a.rebfam "rebfam",
		a.status "status",
		a.crcycd "crcycd"
		from bbk_busi a
		where a.stacid=#{stacid}
		AND a.systid=#{systid}
		AND a.trandt=#{sourdt}
		AND a.transq=#{soursq}
		AND a.stacid in @BASERESC_TP_20
		AND a.tranbr in @BASERESC_TP_1
	</select>

	<!-- 资产业务归集分页查询 -->
	<select id="getAsbBusisdatalistPage" parameterType="java.util.HashMap"
		resultType="java.util.HashMap">
		select a.stacid "stacid",
		a.systid "systid",
		a.trandt "trandt",
		a.transq "transq",
		a.tranbr "tranbr",
		a.asetno "asetno",
		a.prcscd "prcscd",
		a.prodcd "prodcd",
		a.asettp "asettp",
		a.crcycd "crcycd",
		a.inchvl "inchvl",
		a.dpravl "dpravl",
		a.publvl "publvl",
		a.devvvl "devvvl",
		a.trantp "trantp",
		a.outtvl "outtvl",
		a.incmvl "incmvl",
		a.tobrch "tobrch",
		a.smrytx "smrytx",
		a.status "status"
		from asb_busi a
		where 1=1
		<if test="stacid != null and stacid != ''">
			AND a.stacid=#{stacid}
		</if>
		<if test="systid != null and systid != ''">
			AND a.systid=#{systid}
		</if>
		<if test="trandt != null and trandt != ''">
			AND a.trandt=#{trandt}
		</if>
		<if test="transq != null and transq != ''">
			AND a.transq=#{transq}
		</if>
		<if test="tranbr != null and tranbr != ''">
			AND a.tranbr=#{tranbr}
		</if>
		<if test="status != null and status != ''">
			AND a.status=#{status}
		</if>
		AND a.stacid in @BASERESC_TP_20
		AND a.tranbr in @BASERESC_TP_1
	</select>

	<!-- 资产业务归集查询 -->
	<select id="getAsbBusisdata" parameterType="java.util.HashMap"
		resultType="java.util.HashMap">
		select a.stacid "stacid",
		a.systid "systid",
		a.trandt "trandt",
		a.transq "transq",
		a.tranbr "tranbr",
		a.asetno "asetno",
		a.prcscd "prcscd",
		a.prodcd "prodcd",
		a.asettp "asettp",
		a.crcycd "crcycd",
		a.inchvl "inchvl",
		a.dpravl "dpravl",
		a.publvl "publvl",
		a.devvvl "devvvl",
		a.trantp "trantp",
		a.outtvl "outtvl",
		a.incmvl "incmvl",
		a.tobrch "tobrch",
		a.smrytx "smrytx",
		a.status "status"
		from asb_busi a
		where a.stacid=#{stacid}
		AND a.systid=#{systid}
		AND a.trandt=#{sourdt}
		AND a.transq=#{soursq}
		AND a.stacid in @BASERESC_TP_20
		AND a.tranbr in @BASERESC_TP_1
	</select>

	<!-- 应收应付费用业务归集分页查询 -->
	<select id="getAfeBusisdatalistPage" parameterType="java.util.HashMap"
		resultType="java.util.HashMap">
		select a.stacid "stacid",
		a.systid "systid",
		a.trandt "trandt",
		a.transq "transq",
		a.subseq "subseq",
		a.tranbr "tranbr",
		a.prcscd "prcscd",
		a.trantp "trantp",
		a.prodcd "prodcd",
		a.busitp "busitp",
		a.tranam "tranam",
		a.crcycd "crcycd",
		a.status "status"
		from afe_busi a
		where 1=1
		<if test="stacid != null and stacid != ''">
			AND a.stacid=#{stacid}
		</if>
		<if test="systid != null and systid != ''">
			AND a.systid=#{systid}
		</if>
		<if test="trandt != null and trandt != ''">
			AND a.trandt=#{trandt}
		</if>
		<if test="transq != null and transq != ''">
			AND a.transq=#{transq}
		</if>
		<if test="tranbr != null and tranbr != ''">
			AND a.tranbr like '%'||#{tranbr}||'%'
		</if>
		<if test="status != null and status != ''">
			AND a.status=#{status}
		</if>
		<if test="loanp8 != null and loanp8 != ''">
			AND a.loanp8=#{loanp8}
		</if>
		AND a.stacid in @BASERESC_TP_20
		AND a.tranbr in @BASERESC_TP_1
	</select>

	<!-- 应收应付费用业务归集查询 -->
	<select id="getAfeBusisdata" parameterType="java.util.HashMap"
		resultType="java.util.HashMap">
		select a.stacid "stacid",
		a.systid "systid",
		a.trandt "trandt",
		a.transq "transq",
		a.subseq "subseq",
		a.tranbr "tranbr",
		a.prcscd "prcscd",
		a.trantp "trantp",
		a.prodcd "prodcd",
		a.busitp "busitp",
		a.tranam "tranam",
		a.crcycd "crcycd",
		a.status "status"
		from afe_busi a
		where a.stacid=#{stacid}
		AND a.systid=#{systid}
		AND a.trandt=#{sourdt}
		AND a.transq=#{soursq}
		AND a.stacid in @BASERESC_TP_20
		AND a.tranbr in @BASERESC_TP_1
	</select>



	<select id="queryProdDtitInfo" parameterType="java.util.HashMap"
		resultType="java.util.HashMap">
		SELECT DC.STACID AS "stacid",
		DC.prodcd AS "prodcd",
		DC.PRODP1 AS "prodp1",
		DC.PRODP2 AS "prodp2",
		DC.PRODP3 AS "prodp3",
		DC.PRODP4 AS "prodp4",
		DC.PRODP5 AS "prodp5",
		DC.PRODP6 AS "prodp6",
		DC.PRODP7 AS "prodp7",
		DC.PRODP8 AS "prodp8",
		DC.PRODP9 AS "prodp9",
		DC.PRODPA AS "prodpa"
		FROM SYS_DTIT_CONF DC
		<where>
			<if test="stacid != null and stacid != ''">
				AND DC.STACID = #{stacid}
			</if>
			<if test="prodcd != null and prodcd != ''">
				AND DC.PRODCD = #{prodcd}
			</if>
		</where>
	</select>

	<insert id="insertLoanBusi" parameterType="java.util.HashMap">
		INSERT INTO LOAN_BUSI
		<foreach collection="loanbusi" index="key" item="ent"
			separator="," open="(" close=")">
			${key}
		</foreach>
		values
		<foreach collection="loanbusi" index="key" item="ent"
			separator="," open="(" close=")">
			#{ent}
		</foreach>

	</insert>
 

 <select id="checkLoanBusi" parameterType="java.util.HashMap" resultType="java.util.HashMap">
		select a.stacid "stacid" from loan_busi a
		<where>
				    a.stacid=#{stacid}
				AND a.systid=#{systid}
				AND a.trandt=#{trandt}
				AND a.transq=#{transq}
				and a.serino=#{serino}
		</where>
	</select>

 <select id="getDataByModule" parameterType="java.util.HashMap"  resultType="java.util.HashMap">
  SELECT  DISTINCT A.VARICD "varicd", A.VARINA "varina",B.VARITP "varitp",B.ORDEID "ordeid"
  FROM SYS_TRCD_DETL A INNER JOIN MODU_DICT_DETL B ON A.VARICD = B.VARICD AND B.MODULE = #{module}
  WHERE A.TRANCD IN (SELECT TRANCD FROM SYS_TRTL WHERE PRCSCD = #{prcscd} AND VERMOD = '0')
  AND A.VARITP = '1' order by b.ordeid asc
 </select>
 
  <select id="getDataByModuleExcludStacid" parameterType="java.util.HashMap"  resultType="java.util.HashMap">
  SELECT  DISTINCT A.VARICD "varicd", A.VARINA "varina",B.VARITP "varitp",B.ORDEID "ordeid"
  FROM SYS_TRCD_DETL A INNER JOIN MODU_DICT_DETL B ON A.VARICD = B.VARICD AND B.MODULE = #{module}
  WHERE A.TRANCD IN (SELECT TRANCD FROM SYS_TRTL WHERE PRCSCD = #{prcscd} AND VERMOD = '0')
  AND A.VARITP = '1' and A.VARICD !='stacid' order by b.ordeid asc
 </select>
 
 <select id="getDataByModuleExcludPrimeryKey" parameterType="java.util.HashMap"  resultType="java.util.HashMap">
  SELECT  DISTINCT A.VARICD "varicd", A.VARINA "varina",B.VARITP "varitp",B.ORDEID "ordeid"
  FROM SYS_TRCD_DETL A INNER JOIN MODU_DICT_DETL B ON A.VARICD = B.VARICD AND B.MODULE = #{module}
  WHERE A.TRANCD IN (SELECT TRANCD FROM SYS_TRTL WHERE PRCSCD = #{prcscd} AND VERMOD = '0')
  AND A.VARITP = '1' and A.VARICD not in ('stacid','systid','trandt','transq','serino','prcscd') order by b.ordeid asc
 </select>
	
	<select id="getRequiredColumn" resultType="String">
          SELECT column_name FROM  user_tab_columns where table_name = 'LOAN_BUSI'  AND  NULLABLE ='N' and DEFAULT_LENGTH IS NULL and column_name !='BATHID'
	</select>
	
	
	<delete id="deleteLoanBusi" parameterType="java.util.HashMap">
	   DELETE FROM LOAN_BUSI 
		<where>
				    STACID=#{stacid}
				AND SYSTID=#{systid}
				AND TRANDT=#{trandt}
				AND TRANSQ=#{transq}
		</where>
	</delete>
	
	<select id="getLoanBusiDetail" parameterType="java.util.HashMap" resultType="java.util.HashMap">
	  SELECT * FROM LOAN_BUSI 
		<where>
				    STACID=#{stacid}
				AND SYSTID=#{systid}
				AND TRANDT=#{trandt}
				AND TRANSQ=#{transq}
		</where>
	</select>
	
	<update id="updateLoanBusiStatus" parameterType="java.util.HashMap">
	   UPDATE  LOAN_BUSI  SET STATUS = #{status}
		<where>
				    STACID=#{stacid}
				AND SYSTID=#{systid}
				AND TRANDT=#{trandt}
				AND TRANSQ=#{transq}
		</where>
	</update>
</mapper>