<?xml version="1.0" encoding="UTF-8"?>
<!DOCTYPE mapper PUBLIC "-//mybatis.org//DTD Mapper 3.0//EN" "http://mybatis.org/dtd/mybatis-3-mapper.dtd">
<mapper namespace="com.sunline.sunfe.mybatis.busidatarerun">
	<!--查询源流水信息 -->
	<select id="querySourceBusiData" parameterType="java.util.HashMap" resultType="java.util.HashMap">
		SELECT  A.STACID "stacid",
				A.SYSTID "systid",
				A.TRANDT "trandt",
				A.TRANSQ "transq",
				A.TRANBR "tranbr",
				A.ACCTBR "acctbr",
				A.PRCSCD "prcscd",
				A.CRCYCD "crcycd",
				A.PRODCD "prodcd",
				A.TRPRCD "trprcd",
				A.TRANTP "trantp",
				A.TRANAM "tranam",
				A.STATUS "status",
				A.BATHID "bathid",
				A.SERINO "serino",
				A.EVETDN "evetdn"
				FROM LOAN_BUSI A
		<where>
				A.STACID=#{stacid}
			AND A.SYSTID=#{systid}
			AND A.TRANDT=#{trandt}
			AND A.TRANSQ=#{transq}
			<if test = "status != null and status != ''" >
				AND A.STATUS=#{status}
			</if>
			 <if test = "tranbr != null and tranbr != ''" >
			    AND A.TRANBR = #{tranbr}
	         </if>
	         <if test = "acctbr != null and acctbr != ''" >
	            AND A.ACCTBR = #{acctbr}
	         </if>
		</where>
	</select>

	<!-- 更新原业务流水状态为未处理 -->
	<update id="updateSoursqBusiDataStatus" parameterType="java.util.HashMap">
	    UPDATE LOAN_BUSI A SET A.STATUS=#{status}
	    <where>
				A.STACID=#{stacid}
			AND A.SYSTID=#{systid}
			AND A.TRANDT=#{trandt}
			AND A.TRANSQ=#{transq}
		</where>
    </update>
    
	
	<!-- 	生成一条红冲分录 -->
	<insert id="genRedGlaVchr" parameterType="java.util.HashMap" >
		INSERT INTO Gla_Vchr
			   (STACID, SYSTID,  TRANDT, TRANSQ,VCHRSQ,  TRANBR,  ACCTBR, 
			    ITEMCD,  CRCYCD, TRANTP, AMNTCD, TRANAM, TRANBL, 
			    IOFLAG, BLNCDN,  SMRYTX,EXCHCN, EXCHUS, USERCD, 
			    SOURDT,  SOURSQ, SOURST,SRVCSQ, BEARBL, BEARDN, 
			    TOITEM,  CENTCD,PRSNCD,PRDUCD, PRLNCD,CUSTCD,
			    ACCTNO,ASSIS0,  ASSIS1,  ASSIS2, ASSIS3, ASSIS4, 
			    ASSIS5, ASSIS6, ASSIS7,ASSIS8,ASSIS9,TRANST,
			    SUBSAC,STRKST,ODBSDT,ODBSSQ,SOURAC,CLERTG)
		SELECT 
			  	STACID, SYSTID, TRANDT, #{transq_new},VCHRSQ,TRANBR,  ACCTBR, 
			    ITEMCD, CRCYCD, TRANTP, AMNTCD, 0-TRANAM, TRANBL, 
			    IOFLAG, BLNCDN, SMRYTX||#{reason},EXCHCN, EXCHUS, USERCD, 
			    SOURDT, SOURSQ, SOURST,SRVCSQ-#{count}, BEARBL, BEARDN, 
			    TOITEM, CENTCD,PRSNCD,PRDUCD, PRLNCD,CUSTCD,
			    ACCTNO,ASSIS0,  ASSIS1,  ASSIS2, ASSIS3, ASSIS4, 
			    ASSIS5, ASSIS6, ASSIS7,ASSIS8,ASSIS9,#{transt},
			    SUBSAC,#{strkst},#{odbsdt},#{odbssq},SOURAC,#{clertg}
			FROM GLA_VCHR 
		<where>
		    	STACID=#{stacid}
			AND SYSTID=#{systid}
			AND TRANDT=#{trandt}
			AND TRANSQ=#{transq}
		</where>
 	</insert>

 	<!-- 账务查询-->
    <select id="getWrongGlaVchrdata" parameterType="java.util.HashMap" resultType="java.util.HashMap">
                select a.stacid "stacid", 
                       a.sourac "sourac",
				       a.systid "systid",
				       a.trandt "trandt",
				       a.transq "transq",
				       a.vchrsq "vchrsq",
				       a.tranbr "tranbr",
				       a.acctbr "acctbr",
				       a.itemcd "itemcd",
				       a.crcycd "crcycd",
				       a.amntcd "amntcd",
				       a.tranam "tranam",
				       a.sourdt "sourdt",
				       a.soursq "soursq",
				       a.srvcsq "srvcsq",
				       a.usercd "usercd",
				       a.smrytx "smrytx",
				       a.acctno "acctno",
				       a.transt "transt",
				       a.strkst "strkst",
				       a.odbssq "odbssq",
				       a.odbsdt "odbsdt",
				       a.clertg "clertg"
				       from gla_vchr a
				       <where>
				 		       a.stacid =#{stacid}
				           and a.sourdt = #{trandt}
				           and a.soursq = #{transq}
				           and a.sourst = #{systid}
				         <if test = "tranbr != null and tranbr != ''" >
				           and a.tranbr = #{tranbr}
				         </if>
				         <if test = "acctbr != null and acctbr != ''" >
				           and a.acctbr = #{acctbr}
				         </if>
				           AND a.stacid in @BASERESC_TP_20
				           AND a.acctbr in @BASERESC_TP_1
				           ORDER BY  a.strkst ASC,a.TRANDT DESC ,a.VCHRSQ ASC
				       </where>
    </select>
    
    
    
    	<!-- 更新错账传票源流水序号为负数 -->
	<update id="updateGlaVchr" parameterType="java.util.HashMap">
	    UPDATE GLA_VCHR A SET A.SRVCSQ=A.SRVCSQ-#{count}*2,A.SMRYTX=SMRYTX||#{reason},A.STRKST=#{strkst}
	    <where>
				A.STACID=#{stacid}
			AND A.SYSTID=#{systid}
			AND A.TRANDT=#{trandt}
			AND A.TRANSQ=#{transq}
		</where>
    </update>
    
	
	<!-- 更新错账传票源流水序号为负数 -->
	<update id="updateWrongGlaVchrdataStatus" parameterType="java.util.HashMap">
	    UPDATE GLA_VCHR A SET A.SRVCSQ=A.SRVCSQ-#{count},A.TRANST=#{transt},A.SMRYTX=A.SMRYTX||#{reason}
	    <where>
				A.STACID=#{stacid}
			AND A.SOURST=#{systid}
			AND A.SOURDT=#{trandt}
			AND A.SOURSQ=#{transq}
			AND (A.TRANST='0' or A.TRANST='2')
		</where>
    </update>
    
	<!-- 错账查询-->
    <select id="getGlaVchrlistPage" parameterType="java.util.HashMap" resultType="java.util.HashMap">
                select a.stacid "stacid", 
                       a.sourac "sourac",
				       a.systid "systid",
				       a.trandt "trandt",
				       a.transq "transq",
				       a.tranbr "tranbr",
				       a.acctbr "acctbr",
				       a.itemcd "itemcd",
				       a.crcycd "crcycd",
				       a.amntcd "amntcd",
				       a.tranam "tranam",
				       a.sourdt "sourdt",
				       a.soursq "soursq",
				       a.srvcsq "srvcsq",
				       a.usercd "usercd",
				       a.smrytx "smrytx",
				       a.acctno "acctno",
				       a.strkst "strkst",
				       a.odbssq "odbssq",
				       a.odbsdt "odbsdt",
				       a.transt "transt"
				       from gla_vchr a
				       <where>
				 		       a.stacid = #{stacid}
				           and a.sourdt = #{trandt}
				         <if test = "tranbr != null and tranbr != ''" >
				           and a.tranbr = #{tranbr}
				         </if>
				          <if test = "systid != null and systid != ''" >
				           and a.systid = #{systid}
				         </if>
				         <if test = "soursq != null and soursq != ''" >
				           and a.soursq = #{soursq}
				         </if>
				          <if test = "transq != null and transq != ''" >
				           and a.transq = #{transq}
				         </if>
				         <if test = "acctbr != null and acctbr != ''" >
				           and a.acctbr = #{acctbr}
				          </if>
				           AND a.stacid in @BASERESC_TP_20
				           AND a.acctbr in @BASERESC_TP_1
				          <if test = "strkst != null and strkst != ''" >
				           AND (a.strkst = #{strkst} or a.transt=#{transt})
				          </if>
				           ORDER BY  a.TRANDT DESC ,a.VCHRSQ ASC
				       </where>
    </select>
</mapper>


