<?xml version="1.0" encoding="UTF-8"?>
<!DOCTYPE mapper PUBLIC "-//mybatis.org//DTD Mapper 3.0//EN" "http://mybatis.org/dtd/mybatis-3-mapper.dtd">
<mapper namespace="com.sunline.sunfe.mybatis.busiHangHandle">
    <!--查找挂起错账 -->
	<select id="queryBusiHang" parameterType="java.util.HashMap" resultType="java.util.HashMap">
		SELECT * FROM BUSI_HANG a where 1=1
		<if test="stacid != null and stacid != ''">
			AND a.stacid=#{stacid}
		</if>
		<if test="systid != null and systid != ''">
			AND a.systid=#{systid}
		</if>
		<if test="trandt != null and trandt != ''">
			AND a.trandt=#{trandt}
		</if>
		<if test="transq != null and transq != ''">
			AND a.transq = #{transq}
		</if>
		<if test="status != null and status != ''">
			AND a.status = #{status}
		</if>
	</select>
	
	<select id="queryBusiDict" parameterType="java.util.HashMap" resultType="java.util.HashMap">
		SELECT * FROM busi_dict where tablcd = 'loan_busi' order by ordeid
	</select>
	
	<update id="updateBusiHang" parameterType="java.util.HashMap">
		update busi_hang
	   set status = '1'
	 where STACID = #{stacid}
	   and SYSTID = #{systid}
	   and TRANDT = #{trandt}
	   and TRANSQ = #{transq}
	</update>
	
	<insert id="insertEntitiesBatch" parameterType="java.util.List">
		INSERT INTO Gla_Vchr
			   (stacid, --账套标记
			    systid, --系统标识
			    trandt, --交易日期
			    transq, --交易流水
			    tranbr, --交易机构
			    acctbr, --账务机构
			    itemcd, --科目代码
			    crcycd, --币种代码
			    trantp, --交易类型
			    amntcd, --借贷方向
			    tranam, --交易金额
			    ioflag,
			    smrytx, --摘要
			    exchcn, --中间价
			    exchus, --折算率
			    usercd, --用户代码
			    sourdt, --业务日期
			    soursq, --业务流水
			    sourst, --源系统标识
			    srvcsq, --源传票序号
			    centcd,
			    prsncd,
			    prducd,
			    prlncd,
			    custcd,
			    acctno,
			    assis0, --辅助核算0（机构核算）
			    assis1, --辅助核算1（人员核算）
			    assis2, --辅助核算2（往来核算）
			    assis3, --辅助核算3（产品核算）
			    assis4, --辅助核算4（责任中心）
			    assis5, --辅助核算5（项目核算）
			    assis6, --辅助核算6（自定义）
			    assis7, --辅助核算7（自定义）
			    assis8, --辅助核算8（自定义）
			    assis9, --辅助核算9（自定义）
			    transt,
			    sourac)
        <foreach collection="list" item="glaVchr" index="index" separator="union all">
        select #{glaVchr.stacid},
			   #{glaVchr.systid},
			   #{glaVchr.trandt},
			   #{glaVchr.transq},
			   #{glaVchr.tranbr},
			   #{glaVchr.acctbr},
			   #{glaVchr.itemcd},
			   #{glaVchr.crcycd},
			   #{glaVchr.trantp},
			   #{glaVchr.amntcd},
			   #{glaVchr.tranam},
			   #{glaVchr.ioflag},
			   #{glaVchr.smrytx},
			   #{glaVchr.exchcn},
			   #{glaVchr.exchus},
			   #{glaVchr.usercd},
			   #{glaVchr.sourdt},
			   #{glaVchr.soursq},
			   #{glaVchr.sourst},
			   #{glaVchr.srvcsq},
			   #{glaVchr.centcd},
			   #{glaVchr.prsncd},
			   #{glaVchr.prducd},
			   #{glaVchr.prlncd},
			   #{glaVchr.custcd},
			   #{glaVchr.acctno},
			   #{glaVchr.assis0},
			   #{glaVchr.assis1},
			   #{glaVchr.assis2},
			   #{glaVchr.assis3},
			   #{glaVchr.assis4},
			   #{glaVchr.assis5},
			   #{glaVchr.assis6},
			   #{glaVchr.assis7},
			   #{glaVchr.assis8},
			   #{glaVchr.assis9},
			   #{glaVchr.transt},
			   #{glaVchr.stacid}
		from dual
        </foreach>
    </insert>
</mapper>


