<?xml version="1.0" encoding="UTF-8"?>
<!DOCTYPE mapper PUBLIC "-//mybatis.org//DTD Mapper 3.0//EN" "http://mybatis.org/dtd/mybatis-3-mapper.dtd">
<mapper namespace="com.sunline.sunfe.mybatis.checkacctbook">
	<!-- 账套和账务日期下，科目为空 执行核对逻辑 -->
	<select id="getGlbDeptBook" parameterType="java.util.HashMap" resultType="java.util.HashMap">
		select * from glb_dept_book
		<where>
			<if test="stacid !=null and stacid != ''">
				and stacid = #{stacid}
			</if>
			<if test="acctdt !='' and acctdt != null">
				and acctdt = #{acctdt}
			</if>
			and itemcd is null
		</where>
	</select>
	
	<select id ="getSysDtitConf" parameterType="java.util.HashMap" resultType="java.util.List">
		SELECT * FROM Sys_Dtit_Conf
	</select>

	<!-- 产品+属性 加工出核算代码 -->
	<update id="updateTypecd" parameterType="java.util.HashMap">
		UPDATE Glb_Dept_Book a
		SET a.Typecd = (
		SELECT DISTINCT b.Dtitcd
		FROM
		Sys_Dtit_Map b,Sys_Dtit_Conf c
		WHERE b.Prodp1 = CASE c.Prodp1
		WHEN '1'
		THEN
		a.Loanp1
		ELSE
		'*'
		END
		AND b.Prodp2 = CASE c.Prodp2
		WHEN '1' THEN
		a.Loanp2
		ELSE
		'*'
		END
		AND b.Prodp3 = CASE c.Prodp3
		WHEN '1' THEN
		a.Loanp3
		ELSE
		'*'
		END
		AND b.Prodp4 = CASE c.Prodp4
		WHEN '1' THEN
		a.Loanp4
		ELSE
		'*'
		END
		AND b.Prodp5 = CASE c.Prodp5
		WHEN '1' THEN
		a.Loanp5
		ELSE
		'*'
		END
		AND
		b.Prodp6 = CASE c.Prodp6
		WHEN '1' THEN
		a.Loanp6
		ELSE
		'*'
		END
		AND b.Prodp7 =
		CASE c.Prodp7
		WHEN '1' THEN
		a.Loanp7
		ELSE
		'*'
		END
		AND b.Prodp8 =
		CASE c.Prodp8
		WHEN '1' THEN
		a.Loanp8
		ELSE
		'*'
		END
		AND b.Prodp9 = 
		CASE c.Prodp9
		WHEN '1' THEN
		a.Loanp9
		ELSE
		'*'
		END
		AND b.Prodpa = 
		CASE c.Prodpa
		WHEN '1' THEN
		a.Loanpa
		ELSE
		'*'
		END
		AND b.Prodcd = c.Prodcd
		and b.prodcd = a.prodcd
		)
		<where>
			<if test="stacid !=null and stacid != ''">
				and a.stacid = #{stacid}
			</if>
			<if test="acctdt !='' and acctdt != null">
				and a.acctdt = #{acctdt}
			</if>
		</where>
	</update>

	<!--加工出科目代码 -->
	<update id="updateItemcd" parameterType="java.util.HashMap">
		UPDATE Glb_Dept_Book a
		SET a.Itemcd = (SELECT DISTINCT b.Itemcd
		FROM
		Sys_Dtit b
		<where>
			<if test="stacid !=null and stacid != ''">
				and a.stacid = #{stacid}
			</if>
			AND b.Typecd = a.Typecd
			AND b.Trprcd = a.Trprcd
		</where>
		)
		<where>
			<if test="stacid !=null and stacid != ''">
				and a.stacid = #{stacid}
			</if>
			<if test="acctdt !='' and acctdt != null">
				and a.acctdt = #{acctdt}
			</if>
		</where>
	</update>

	<!-- 对账时 对账数据预处理 -->
	<delete id="deleteGlbAcctBook" parameterType="java.util.HashMap">
		DELETE FROM Glb_Acct_Book
		<where>
			<if test="stacid !=null and stacid != ''">
				and stacid = #{stacid}
			</if>
			<if test="acctdt !='' and acctdt != null">
				and acctdt = #{acctdt}
			</if>
		</where>
	</delete>

	<delete id="deleteGlaChkSubl" parameterType="java.util.HashMap">
		DELETE FROM Gla_Chk_Subl
		<where>
			<if test="stacid !=null and stacid != ''">
				and stacid = #{stacid}
			</if>
			<if test="acctdt !='' and acctdt != null">
				and acctdt = #{acctdt}
			</if>
		</where>
	</delete>

	<!-- 插入业务余额登记簿 -->
	<insert id="insertGlbAcctBook" parameterType="java.util.HashMap">
		INSERT INTO Glb_Acct_Book
		(Stacid,
		Systid,
		Acctdt,
		Brchcd,
		Crcycd,
		Itemcd,
		Balanc)
		
		SELECT
		Stacid,
		Systid,
		Acctdt,
		Brchcd,
		Crcycd,
		itemcd,
		Abs(SUM(Captal)) AS Balanc
		FROM Glb_Dept_Book
		<where>
			<if test="stacid !=null and stacid != ''">
				and stacid = #{stacid}
			</if>
			<if test="acctdt !='' and acctdt != null">
				and acctdt = #{acctdt}
			</if>
		</where>
		GROUP BY Stacid,
		Systid,
		Acctdt,
		Brchcd,
		Crcycd,
		itemcd
	</insert>



	<!-- 业务余额登记簿和总账表对账 -->
	
	<!-- 核对分户汇总余额与总账科目余额不一致（包括有分户汇总余额无总账科目余额的记录 -->
	<insert id="checkFirst" parameterType="java.util.HashMap">
		INSERT INTO Gla_Chk_Subl
		(Stacid,
		Acctdt,
		Brchcd,
		Itemcd,
		Systid,
		Crcycd,
		Balanc,
		Onlnbl)
		
		
		SELECT DISTINCT Ga.Stacid,
		Ga.Acctdt,
		Ga.Brchcd,
		Ga.Itemcd,
		Ga.Systid,
		Ga.Crcycd,
		Abs(Nvl(Ga.Balanc,
		0)),
		Abs(Nvl(Gl.Onlnbl,
		0))
		
		FROM Glb_Acct_Book Ga
		
		LEFT JOIN 
		
		
		(SELECT gb.ledger_id stacid,
		gcc.segment5 systid,
		gcc.segment1 brchcd,
		gb.currency_code crcycd,
		gcc.segment3 itemcd,
		gb.period_name Acctdt,
		SUM(gb.begin_balance_dr + gb.period_net_dr -
		gb.begin_balance_cr - gb.period_net_cr) Onlnbl
		FROM gl_balances gb,
		gl_code_combinations gcc
		WHERE gb.code_combination_id = gcc.code_combination_id
		AND gb.actual_flag = 'A'
		AND gb.template_id IS NULL
		<!-- AND gcc.segment5 = '02' -->
		GROUP BY gb.ledger_id,
		gcc.segment5,
		gcc.segment1,
		gb.currency_code,
		gcc.segment3,
		gb.period_name) GL
		
		<!-- (SELECT DISTINCT                                
		a.Stacid,
		a.Systid,
		a.Acctdt,
		a.Brchcd,
		a.Itemcd,
		a.Crcycd,
		SUM(Onlnbl) AS
		Onlnbl
		FROM Gla_Glis a,Com_Item b
		WHERE a.Stacid = b.Stacid
		AND a.Itemcd = b.Itemcd
		AND a.Systid = '02'
		AND a.Crcycd <![CDATA[<]]>
		'99'
		AND a.Geldtp = 'D' 
		GROUP BY a.Stacid,
		a.Systid,
		a.Acctdt,
		a.Brchcd,
		a.Itemcd,
		a.Crcycd) Gl
		-->
		
		ON Ga.Stacid = Gl.Stacid
		AND Ga.Systid = Gl.Systid
		<!-- AND Ga.Acctdt = Gl.Acctdt -->
		AND Ga.Brchcd = Gl.Brchcd
		AND Ga.Crcycd = Gl.Crcycd
		AND Ga.Itemcd = Gl.Itemcd
		<!--
		INNER JOIN Com_Item_Prpt Cp
		
		ON Ga.Stacid = Cp.Stacid
		AND Ga.Systid = Cp.Systid
		AND Ga.Itemcd = Cp.Itemcd
		AND Cp.Status = '1' -->

		<where>
			<if test="stacid !=null and stacid != ''">
				and Ga.Stacid  = #{stacid}
			</if>
			<if test="acctdt !='' and acctdt != null">
				and Ga.Acctdt = #{acctdt}
				and GL.Acctdt = to_char(to_date(#{acctdt},'yyyyMMdd'),'yyyy-MM')
			</if>
			AND Abs(Nvl(Ga.Balanc,0)) <![CDATA[<>]]>Abs(Nvl(Gl.Onlnbl,0))
		</where>
		
	</insert>

	<!-- 核对有总账科目余额 无分户汇总余额的记录 -->
	<insert id="checkSecond" parameterType="java.util.HashMap">
		INSERT INTO Gla_Chk_Subl
		(Stacid,
		Acctdt,
		Brchcd,
		Itemcd,
		Systid,
		Crcycd,
		Balanc,
		Onlnbl)
		
		SELECT DISTINCT Gl.Stacid,
		Ga.Acctdt,
		Gl.Brchcd,
		Gl.Itemcd,
		Gl.Systid,
		Gl.Crcycd,
		Abs(Nvl(Ga.Balanc,
		0)),
		Abs(Nvl(Gl.Onlnbl,
		0))
		FROM 
		
<!-- 		(SELECT DISTINCT a.Stacid,
		a.Systid,
		a.Acctdt,
		a.Brchcd,
		a.Itemcd,
		a.Crcycd,
		SUM(Onlnbl) AS Onlnbl
		FROM Gla_Glis a,
		Com_Item b
		WHERE a.Stacid = b.Stacid
		AND a.Itemcd = b.Itemcd
		AND a.Systid = '00'
		AND a.Crcycd <![CDATA[<]]> '99' 
		AND a.Geldtp = 'D' 
		GROUP BY a.Stacid,
		a.Systid,
		a.Acctdt,
		a.Brchcd,
		a.Itemcd,
		a.Crcycd) Gl -->

		(SELECT gb.ledger_id stacid,
		gcc.segment5 systid,
		gcc.segment1 brchcd,
		gb.currency_code crcycd,
		gcc.segment3 itemcd,
		gb.period_name Acctdt,
		SUM(gb.begin_balance_dr + gb.period_net_dr -
		gb.begin_balance_cr - gb.period_net_cr) Onlnbl
		FROM gl_balances gb,
		gl_code_combinations gcc
		WHERE gb.code_combination_id = gcc.code_combination_id
		AND gb.actual_flag = 'A'
		AND gb.template_id IS NULL
		<!-- AND gcc.segment5 = '02' -->
		GROUP BY gb.ledger_id,
		gcc.segment5,
		gcc.segment1,
		gb.currency_code,
		gcc.segment3,
		gb.period_name) GL

		LEFT JOIN
	
		Glb_Acct_Book Ga
	
		ON Ga.Stacid = Gl.Stacid
		AND Ga.Systid = Gl.Systid
		<!-- AND Gl.Acctdt = Ga.Acctdt -->
		AND Ga.Brchcd = Gl.Brchcd
		AND Ga.Crcycd = Gl.Crcycd
		AND Ga.Itemcd = Gl.Itemcd
	
	<!-- 	INNER JOIN Com_Item_Prpt Cp
	
		ON Gl.Stacid = Cp.Stacid
		AND Gl.Systid = Cp.Systid
		AND Gl.Itemcd = Cp.Itemcd
		AND Cp.Status = '1' -->
		
		<where>
			<if test="stacid !=null and stacid != ''">
				and Gl.Stacid = #{stacid}
			</if>
			<if test="acctdt !='' and acctdt != null">
				and Ga.Acctdt = #{acctdt}
				and GL.Acctdt = to_char(to_date(#{acctdt},'yyyyMMdd'),'yyyy-MM')
			</if>
			<!-- AND Gl.Systid = '02' -->
			AND Abs(Nvl(Ga.Balanc,0)) <![CDATA[<>]]>Abs(Nvl(Gl.Onlnbl,0))
		</where>
			
		MINUS
		SELECT Stacid,
		Acctdt,
		Brchcd,
		Itemcd,
		Systid,
		Crcycd,
		Balanc,
		Onlnbl
		FROM Gla_Chk_Subl
	</insert>
	
	<!-- 总分校验核心排除科目-->
	<delete id="deleteNoncheckItem" parameterType="java.util.HashMap">
		delete from Gla_Chk_Subl
		 <where>
			<if test="stacid !=null and stacid != ''">
				and stacid = #{stacid}
			</if>
			<if test="acctdt !='' and acctdt != null">
				and acctdt = #{acctdt}
			</if>
			and itemcd in (
		SELECT ffvv.flex_value account_code
		FROM fnd_flex_value_sets ffvs,
		fnd_flex_values_vl ffvv
		WHERE ffvs.flex_value_set_name = 'XXT_SOURCE_ACCOUNT'
		AND ffvs.flex_value_set_id = ffvv.flex_value_set_id
		AND ffvv.enabled_flag = 'Y'
	   <![CDATA[
	   AND nvl(ffvv.start_date_active, SYSDATE) <= SYSDATE
	   AND nvl(ffvv.end_date_active, SYSDATE) >= SYSDATE
	    ]]>
		<!-- AND ffvv.attribute1 = '02' -->
		)
		</where>
	</delete>
	
	<!-- 有值则对账失败 -->
	<select id="getGlaChkSubl" parameterType="java.util.HashMap" resultType="java.util.HashMap">
		 SELECT * FROM Gla_Chk_Subl
		 <where>
			<if test="stacid !=null and stacid != ''">
				and stacid = #{stacid}
			</if>
			<if test="acctdt !='' and acctdt != null">
				and acctdt = #{acctdt}
			</if>
		</where>
	</select>
	<!-- 对账成功 则更新com_syst 会计引擎   prepst 已准备 -->
	<update id="updateComSyst" parameterType="java.util.HashMap">
		update com_syst 
		set prepst = 1
		 <where>
		 	systid = '98'
			<if test="stacid !=null and stacid != ''">
				and stacid = #{stacid}
			</if>
		</where>
	</update>

</mapper>