<?xml version="1.0" encoding="UTF-8"?>
<!DOCTYPE mapper PUBLIC "-//mybatis.org//DTD Mapper 3.0//EN" "http://mybatis.org/dtd/mybatis-3-mapper.dtd">
<mapper namespace="com.sunline.sunfe.mybatis.clpconf">
	<!-- 获取clp_conf信息by  Stacid  Efctdt -->
	<select id="queryClpConfByKey" parameterType="java.util.HashMap" resultType="com.sunline.sunfe.entity.ClpConf">
         SELECT *
         FROM clp_conf
         WHERE Stacid = #{stacid}
         AND brchcd = #{brchcd}
         AND crcycd like  '%'||#{crcycd}||'%'
    </select>
    
    <select id="quereClpConflistPage" resultType="java.util.HashMap"
		parameterType="java.util.HashMap">
		SELECT
			STACID "stacid",
			CLEROD "clerod",
			BRCHCD "brchcd",
			BRCHTP "brchtp",
			CLERTY "clerty",
			CLERBR "clerbr",
			CRCYCD "crcycd" 
		FROM
			CLP_CONF
		<where>
		<if test="stacid != null and stacid !='' ">  and  stacid =#{stacid}</if>
		<if test="brchcd != null and brchcd !='' ">  and  brchcd =#{brchcd}</if>
		<if test="clerbr != null and clerbr !='' ">  and  clerbr =#{clerbr}</if>
		<if test="crcycd != null and crcycd !='' ">  and  crcycd =#{crcycd}</if>
		</where>
	</select>
	<!-- 清理图谱增加 -->
	<insert id="insert" parameterType="java.util.HashMap">
		insert into CLP_CONF
		(STACID,
		CLEROD, BRCHCD,
		BRCHTP, CLERTY,CRCYCD
		<if test="clerbr != null and clerbr !='' "> 
			,CLERBR
		</if>
		)
		values (#{stacid}, #{clerod}, #{brchcd},
		#{brchtp}, #{clerty},#{crcycd}
		<if test="clerbr != null and clerbr !='' "> 
			,#{clerbr}
		</if>
		)
	</insert>
	
		<!-- 根据主键查询清理图谱 -->
	<select id="selectByPrimaryKey" resultType="java.util.HashMap"
		parameterType="java.util.HashMap">
		SELECT
			c.STACID "stacid",
			c.CLEROD "clerod",
			c.BRCHCD "brchcd",
			c.BRCHTP "brchtp",
			c.CLERTY "clerty",
			c.CLERBR "clerbr",
			c.CRCYCD "crcycd",
			d.deptname "deptname" 
		FROM
		    CLP_CONF c left join pcmc_dept d on c.brchcd = d.deptcode
			where 1=1
		<if test="stacid != null and stacid !='' ">  and  c.stacid = #{stacid}</if>
		<if test="brchcd != null and brchcd !='' ">  and  c.brchcd = #{brchcd}</if>
		<if test="crcycd != null and crcycd !='' ">  and  c.crcycd = #{crcycd}</if>
		<if test="oldcrcycd != null and oldcrcycd !='' ">  and  c.crcycd != #{oldcrcycd}</if>
	</select>

	<!-- 机构合并删除 -->
	<delete id="deleteByPrimaryKey" parameterType="java.util.HashMap">
		delete from CLP_CONF
		where STACID = #{stacid} and BRCHCD= #{brchcd}  and CRCYCD = #{crcycd}
	</delete>

	
	<update id="updateByPrimaryKey" parameterType="java.util.HashMap">
		update CLP_CONF
		<set>
			STACID = #{stacid}
			<if test="clerod != null">
				,CLEROD = #{clerod}
			</if>
			<if test="brchtp != null">
				,BRCHTP = #{brchtp}
			</if>
			<if test="clerty != null">
				,CLERTY = #{clerty}
			</if>
			<if test="clerbr != null">
				,CLERBR = #{clerbr}
			</if>
			<if test="crcycd != null">
				,CRCYCD = #{crcycd}
			</if>
		</set>
		where STACID = #{stacid} and BRCHCD= #{brchcd} and CRCYCD = #{oldcrcycd}
	</update>
</mapper>    