<?xml version="1.0" encoding="UTF-8"?>
<!DOCTYPE mapper PUBLIC "-//mybatis.org//DTD Mapper 3.0//EN" "http://mybatis.org/dtd/mybatis-3-mapper.dtd">
<mapper namespace="com.sunline.sunfe.mybatis.clpreg">
    <select id="quereClpReglistPage" resultType="java.util.HashMap"
		parameterType="java.util.HashMap">
		SELECT  
			STACID  "stacid" ,
			BSNSSQ  "bsnssq" ,
			BRCHCD  "brchcd" ,
			CLERTY  "clerty" ,
			CRCYCD  "crcycd" ,
			DRTSAM  "drtsam" ,
			CRTSAM  "crtsam" ,
			TRANAM  "tranam" ,
			CLERBR  "clerbr" ,
			TRANDT  "trandt" ,
			TRANSQ  "transq" ,
			DEALST  "dealst" ,
			CANCL   "cancl" ,
			BSNSDT  "bsnsdt"
		FROM
			GLB_CLER
		<where>
			<if test="stacid != null and stacid !='' ">  and  STACID =#{stacid} </if>
			<if test="acctdt != null and acctdt !='' ">  and  BSNSDT =#{acctdt} </if>
			<if test="bsnssq != null and bsnssq !='' ">  and  BSNSSQ =#{bsnssq} </if>
			<if test="dealst != null and dealst !='' ">  and  DEALST =#{dealst} </if>
			 order by BSNSSQ,BSNSDT
		</where>
		  
	</select>
	
	<select id="getClpRegByBsnssq" resultType="java.util.HashMap"
		parameterType="java.util.HashMap">
		SELECT  
			STACID  "stacid" ,
			BSNSSQ  "bsnssq" ,
			BRCHCD  "brchcd" ,
			CLERTY  "clerty" ,
			CRCYCD  "crcycd" ,
			DRTSAM  "drtsam" ,
			CRTSAM  "crtsam" ,
			CLERBR  "clerbr" ,
			TRANDT  "trandt" ,
			TRANSQ  "transq" ,
			DEALST  "dealst" ,
			TRANAM  "tranam"
		FROM
			GLB_CLER
		<where>
			<if test="stacid != null and stacid !='' ">  and  STACID =#{stacid}</if>
			<if test="bsnssq != null and bsnssq !='' ">  and  BSNSSQ =#{bsnssq}</if>
			<if test="bsnsdt != null and bsnsdt !='' ">  and  BSNSDT =#{bsnsdt}</if>
		</where>
	</select>
	
	<update id="updateGlaVchrByBsnssq" parameterType="java.util.HashMap">
		UPDATE GLA_VCHR 
		SET CLERTG=#{clertg}
		<where>
			1=1
			<if test="stacid != null and stacid !='' ">  and  STACID =#{stacid}</if>
			<if test="clerod != null and clerod !='' ">  and  CLEROD =#{clerod}</if>
			<if test="clerdt != null and clerdt !='' ">  and  CLERDT =#{clerdt}</if>
		</where>
	</update>
	
	<update id="updateGlbClerCancl" parameterType="java.util.HashMap">
		UPDATE GLB_CLER 
		SET CANCL=#{cancl},REASON=#{reason},ODCDT=#{odcdt},ODCSQ=#{odcsq}
		<where>
			1=1
			<if test="stacid != null and stacid !='' ">  and  STACID =#{stacid}</if>
			<if test="bsnssq != null and bsnssq !='' ">  and  BSNSSQ =#{bsnssq}</if>
			<if test="bsnsdt != null and bsnsdt !='' ">  and  BSNSDT =#{bsnsdt}</if>
		</where>
	</update>
	<select id="getClpRegByPrimarykey" resultType="java.util.HashMap"
		parameterType="java.util.HashMap">
		SELECT
			stacid "stacid",
	        bsnsdt "bsnsdt",
	        bsnssq "bsnssq",
	        brchcd "brchcd",
	        clerty "clerty",
	        crcycd "crcycd",
	        drtsam "drtsam",
	        crtsam "crtsam",
	        clerbr "clerbr",
	        amntcd "amntcd",
	        tranam "tranam",
	        trandt "trandt",
	        transq "transq",
	        dealst "dealst",
	        cancl  "cancl",
	        reason "reason",
	        odcsq  "odcsq",
	        odcdt  "odcdt"
		FROM GLB_CLER
		<where>
			<if test="stacid != null and stacid !='' ">  and  STACID =#{stacid}</if>
			<if test="bsnssq != null and bsnssq !='' ">  and  BSNSSQ =#{bsnssq}</if>
			<if test="crcycd != null and crcycd !='' ">  and  CRCYCD =#{crcycd}</if>
			<if test="brchcd != null and brchcd !='' ">  and  BRCHCD =#{brchcd}</if>
			<if test="bsnsdt != null and bsnsdt !='' ">  and  BSNSDT =#{bsnsdt}</if>
		</where>
	</select>
	
	<!-- 会计分录结果集glaAeuv信息录入 -->
	<insert id="insertGlbClerByPrimarykey" parameterType="java.util.HashMap">
		INSERT INTO GLB_CLER(
			STACID	,
			BSNSDT	,
			BSNSSQ	,
			BRCHCD	,
			CLERTY	,
			CRCYCD	,
			DRTSAM	,
			CRTSAM	,
			CLERBR	,
			AMNTCD	,
			TRANAM	,
			TRANDT	,
			TRANSQ	,
			DEALST	,
			CANCL	,
			REASON	,
			ODCSQ	,
			ODCDT	
		)
		SELECT
			stacid	,
			#{newbndt},
            #{newbnsq},
            brchcd	,
            clerty	,
            crcycd	,
            drtsam	,
            crtsam	,
            clerbr	,
            amntcd	,
            -tranam	,
            trandt	,
            transq	,
            dealst	,
            cancl	,
            #{reason},
            bsnssq	,
            bsnsdt	
		FROM GLB_CLER
		<where>
			<if test="stacid != null and stacid !='' ">  and  STACID =#{stacid}</if>
			<if test="bsnssq != null and bsnssq !='' ">  and  BSNSSQ =#{bsnssq}</if>
			<if test="crcycd != null and crcycd !='' ">  and  CRCYCD =#{crcycd}</if>
			<if test="brchcd != null and brchcd !='' ">  and  BRCHCD =#{brchcd}</if>
			<if test="bsnsdt != null and bsnsdt !='' ">  and  BSNSDT =#{bsnsdt}</if>
		</where>
	</insert>
</mapper>    