<?xml version="1.0" encoding="UTF-8"?>
<!DOCTYPE mapper PUBLIC "-//mybatis.org//DTD Mapper 3.0//EN" "http://mybatis.org/dtd/mybatis-3-mapper.dtd">
<mapper namespace="com.sunline.sunfe.mybatis.combrch">
	
	<!-- 通过主键获取机构信息 -->
	<select id="getComBrchByKey" parameterType="java.util.HashMap" resultType="com.sunline.sunfe.entity.ComBrch">
		select * from com_brch 
		where stacid = #{stacid} 
		and brchcd = #{brchcd} 
		and rltstp = #{rltstp} 
		and detltg = '1'
	</select>
	
	<!-- 获取账套下所有机构信息 -->
	<select id="getComBrchByStacid" parameterType="java.util.HashMap" resultType="com.sunline.sunfe.entity.ComBrch">
		select * from com_item where stacid = #{stacid} 
	</select>
	<!-- 修改账套下Usedtp信息 -->
	<update id="updateUsedtpComBrch" parameterType="java.util.HashMap">
		UPDATE 
			Com_Brch 
		SET 
			Usedtp = #{usedtp}
		WHERE 
			Brchcd = #{brchcd}
	</update>
    
    <!-- 年终损益结转配置有效性检查2、每一个会计主体都要设置损益处理规则（或是损益上划0、或是损益上划结转A、或是损益结转1） -->
    <select id="queryComBrchBySGB" parameterType="java.util.HashMap" resultType="com.sunline.sunfe.entity.ComBrch">
    	SELECT *
               FROM Com_Brch
              WHERE Stacid = #{stacid}
                AND rltstp = '1'
                AND Brchcd NOT IN
                    (SELECT DISTINCT Brchcd
                       FROM Pfp_Conf
                      WHERE Stacid = #{stacid}
                        AND Totype IN
                            ('0', '1',
                             'A'))
    </select>
    <!-- 修改账套下Usedtp信息 -->
	<update id="updateComBrchAcctToUsed" parameterType="com.sunline.sunfe.entity.ComBrch">
		UPDATE 
			Com_Brch 
		SET 
			Usedtp = '1'
		WHERE 
			stacid = #{stacid}
			and Brchcd = #{brchcd}
			and Usedtp = '0'		
	</update>

    
    <select id="selectVComBrchlistPage" parameterType="java.util.HashMap" resultType="java.util.HashMap">
        SELECT STACID "stacid", BRCHCD "brchcd", BRCHNA "brchna", SPRRCD "sprrcd", DETLTG "detltg", BRCHTP "brchtp", BRCHSQ "brchsq" FROM V_COM_BRCH_ACC
        WHERE STACID=#{stacid} AND BRCHCD=#{brchno} AND DETLTG=#{detltg}
    </select>
	<!--获取pcmc_detl表信息-->
	 <select id="queryPcmcDeptByDeptcd" parameterType="java.util.HashMap" resultType="java.util.HashMap">
      SELECT 
      		 t.deptid "deptid",
		     t.corpcode "corpcode",
		     t.deptcode "deptcode",
		     t.pdeptid "pdeptid",
		     t.levelp "levelp",
		     t.deptname "deptname",
		     t.orgtype "orgtype",
		     t.orgseq "orgseq",
		     t.linkman "linkman",
		     t.phone "phone",
		     t.brsmna "brsmna",
		     t.areano "areano",
		     t.orgbusssize "orgbusssize",
		     t.orgnaturetype "orgnaturetype",
		     t.orgbusstype "orgbusstype",
		     t.remark "remark",
		     t.disable "disable",
		     t.start_date "start_date",
		     t.end_date "end_date"
 	 FROM PCMC_DEPT t
 	 <where>
 		 <if test="deptcode != null and deptcode != ''">and t.deptcode= #{deptcode}</if>
 		 <if test="deptid != null and deptid != ''">and t.deptid= #{deptid}</if>
 	 </where>
    </select>
</mapper>