<?xml version="1.0" encoding="UTF-8"?>
<!DOCTYPE mapper PUBLIC "-//mybatis.org//DTD Mapper 3.0//EN" "http://mybatis.org/dtd/mybatis-3-mapper.dtd">
<mapper namespace="com.sunline.sunfe.mybatis.combrcr">

	<!-- 查询account数据， 分页查询 -->
	<select id="queryComBrcrlistPage" resultType="java.util.HashMap" parameterType="java.util.HashMap">
		SELECT A.BRCHCD "brchcd", A.STACID "stacid", A.SOURST "sourst", A.BRCHAC "brchac", A.CRSPST "crspst"
		FROM COM_BRCR A
		<where>
			A.STACID = #{stacid}
			and  A.crspst ='99'
			<if test="brchcd != null and brchcd != ''">
				and A.brchcd = #{brchcd}
			</if>
			<if test="sourst != null and sourst != ''">
				and A.sourst = #{sourst}
			</if>
			<if test="brchac != null and brchac != ''">
				and A.brchac = #{brchac}
			</if>
		</where>
	</select>
	
	<!-- 新增一条account数据 -->
	<insert id="addComBrcr" parameterType="java.util.HashMap">
		INSERT INTO COM_BRCR (BRCHCD,STACID,SOURST,CRSPST,BRCHAC) 
		VALUES (#{brchcd},#{stacid},#{sourst}, '99', #{brchac})
	</insert>
	
	<!-- 根据ITCRID查询一条account数据 -->
	<select id="queryComBrcrByID"  resultType="java.util.HashMap" parameterType="java.util.HashMap">
		SELECT A.BRCHCD "brchcd", A.STACID "stacid", A.SOURST "sourst", A.BRCHAC "brchac", A.CRSPST "crspst"
		FROM COM_BRCR A
		where A.BRCHCD = #{brchcd}
		and A.SOURST = #{sourst}
	</select>
	
	<!-- 根据ITCRID更新一条account数据 -->
	<update id="updateComBrcr" parameterType="java.util.HashMap">
		update COM_BRCR set
				brchac = #{brchac}
				where brchcd = #{brchcd}
				and SOURST = #{sourst}
	</update>

	<!--根据ITCRID删除一条account数据 -->
	<delete id="delComBrcr" parameterType="java.util.HashMap">
		DELETE FROM COM_BRCR where brchcd = #{brchcd} and SOURST = #{sourst}
	</delete>
	
	
<!-- 根据ITCRID查询一条item数据 -->
	<select id="queryBrchByID" parameterType="java.util.HashMap"
		resultType="java.util.HashMap">
		SELECT  *
		FROM com_brch A
		where A.brchcd = #{brchac}
	</select>
	
	<!-- 判断输入的系统标识是否存在 -->
	<select id="checkSourst" parameterType="java.util.HashMap"
		resultType="java.util.HashMap">
		select * from 
		com_syst A 
		where  A.systid = #{sourst}
	</select>
</mapper> 