<?xml version="1.0" encoding="UTF-8"?>
<!DOCTYPE mapper PUBLIC "-//mybatis.org//DTD Mapper 3.0//EN" "http://mybatis.org/dtd/mybatis-3-mapper.dtd">
<mapper namespace="com.sunline.suncm.mybatis.comcrcr">

	<!-- 查询account数据， 分页查询 -->
	<select id="queryComCrcrlistPage" parameterType="java.util.HashMap"
		resultType="java.util.HashMap">
		SELECT  A.STACID "stacid", A.CRCYCD "crcycd", A.SOURST "sourst", A.CRCYAC "crcyac", A.CRSPST "crspst"
		FROM COM_CRCR A
		<where>
				A.STACID = #{stacid}
			and  A.crspst ='99'
			<if test="crcycd != null and crcycd != ''">
				and A.crcycd = #{crcycd}
			</if>
			<if test="sourst != null and sourst != ''">
				and A.sourst = #{sourst}
			</if>
				
			<if test="crcyac != null and crcyac != ''">
				and A.crcyac = #{crcyac}
			</if>
		</where>
	</select>
	
	<!-- 新增一条account数据 -->
	<insert id="addComCrcr" parameterType="java.util.HashMap">
		INSERT INTO COM_CRCR (STACID,CRCYCD, SOURST, CRSPST, CRCYAC) 
		VALUES (#{stacid},#{crcycd}, #{sourst},'99', #{crcyac})
	</insert>
	
	<!-- 根据CRCRID查询一条account数据 -->
	<select id="queryComCrcrByID" parameterType="java.util.HashMap"
		resultType="java.util.HashMap">
		SELECT A.STACID "stacid", A.CRCYCD "crcycd", A.SOURST "sourst", A.CRCYAC "crcyac", A.CRSPST "crspst"
		FROM com_crcr A
		where A.crcycd = #{crcycd}
		and A.SOURST = #{sourst}
	</select>
	
	<!-- 根据CRCRID更新一条account数据 -->
	<update id="updateComCrcr" parameterType="java.util.HashMap">
		update com_crcr set
				crspst = '99',
				crcyac = #{crcyac}
				where crcycd = #{crcycd}
				and SOURST = #{sourst}
	</update>
	
	
<!-- 根据ITCRID查询一条crct数据 -->
	<select id="queryCrcyByID" parameterType="java.util.HashMap"
		resultType="java.util.HashMap">
		SELECT  *
		FROM com_crcy A
		where A.crcycd = #{crcyac}
	</select>

	<!--根据CRCRID删除一条account数据 -->
	<delete id="delComCrcr" parameterType="java.util.HashMap">
		DELETE FROM com_crcr where crcycd = #{crcycd} and SOURST = #{sourst}
	</delete>
	<!-- 判断输入的系统标识是否存在 -->
	<select id="checkSourst" parameterType="java.util.HashMap"
		resultType="java.util.HashMap">
		select * from 
		com_syst A 
		where  A.systid = #{sourst}
	</select>
</mapper> 