<?xml version="1.0" encoding="UTF-8"?>
<!DOCTYPE mapper PUBLIC "-//mybatis.org//DTD Mapper 3.0//EN" "http://mybatis.org/dtd/mybatis-3-mapper.dtd">
<mapper namespace="com.sunline.sunfe.mybatis.comdayendlg" >
	<insert id="saveComDayendlg" parameterType="com.sunline.sunfe.entity.ComDayendlg">
	insert into com_dayendlg
  (bsnsdt, stacid, edcttp, procna, edstep, begidt, overdt, durati, status, erortx)
values
  (#{bsnsdt}, #{stacid}, #{edcttp}, #{procna}, #{edstep}, #{begidt}, #{overdt}, #{durati}, #{status}, #{erortx,jdbcType=VARCHAR})
	</insert>
	
	<select id="qryComDayendlgByBsnsdt" parameterType="java.util.HashMap" resultType="java.util.HashMap">
	select td.edstep "edstep",td.remark "remark",case when td.proctg = '0' then '未执行' when td.proctg = '1' then '成功' else '失败' end as "proctg", to_char(t.begidt,'yyyy-MM-dd HH24:mi:ss')   "begidt",to_char(t.overdt,'yyyy-MM-dd HH24:mi:ss')  "overdt", t.erortx "erortx",t.durati "durati" from com_edct td left join com_dayendlg t
 on td.stacid=t.stacid and td.edstep=t.edstep
  and td.edcttp=t.edcttp and  t.bsnsdt=#{bsnsdt} where td.stacid=#{stacid} and td.status=1 and td.edcttp = #{edcttp}
   order by td.edstep asc, t.begidt  nulls last
	</select>
	
	<select id="qryComStacByStacid" parameterType="java.util.HashMap" resultType="java.util.HashMap">
	   select t.glisdt "bsnsdt",t.stacst "stacst" from com_stac t where t.stacid =#{stacid}
	</select>
	
	<select id="qryComDayendlgByPk" parameterType="com.sunline.sunfe.entity.ComDayendlg" resultType="com.sunline.sunfe.entity.ComDayendlg">
	      select t.* from   Com_Dayendlg t where 
        bsnsdt =#{bsnsdt} and stacid=#{stacid} and edcttp = #{edcttp} and edstep = #{edstep}
	</select>
	
	<update id="updComDayendlgByPk" parameterType="com.sunline.sunfe.entity.ComDayendlg">
	   update com_dayendlg
      set begidt = #{begidt},
          overdt = #{overdt},
          durati = #{durati},
          status = #{status},
          erortx = #{erortx}
    where  bsnsdt =#{bsnsdt} and stacid=#{stacid} and edcttp = #{edcttp} and edstep = #{edstep}
	</update>
	<!-- 查询日终错误日志 -->
	<select id="qryComErms" parameterType="java.util.HashMap" resultType="java.util.HashMap">
	    SELECT  T.STACID "stacid",
		        T.EDCTTP "edcttp",
		        T.TRANDT "trandt",
		        to_char(T.TRANTI,'yyyy-MM-dd HH24:mi:ss') "tranti",
		        T.BRCHCD "brchcd",
		        T.EDSPDS "edspds",
		        T.ERORCD "erorcd",
		        T.ERORTX "erortx",
		        T.REMARK "remark",
		        T.LEVELT "levelt"
		   FROM COM_ERMS T
		  WHERE T.STACID = #{stacid}
		    AND T.TRANDT = #{bsnsdt}
		    AND T.EDCTTP = #{edcttp}

	</select>
</mapper>