<?xml version="1.0" encoding="UTF-8"?>
<!DOCTYPE mapper PUBLIC "-//mybatis.org//DTD Mapper 3.0//EN" "http://mybatis.org/dtd/mybatis-3-mapper.dtd">
<mapper namespace="com.sunline.sunfe.mybatis.comexsr">
	
	<!-- 根据Acexcd查询 辅助核算资源表 顶层 -->
	<select id="getComExsrTopByAcexcd" parameterType="java.util.HashMap" resultType="java.util.HashMap">       
          SELECT 
				STACID "stacid",
				ACEXCD "acexcd",
				SOURCD "sourcd",
				SOURNA "sourna",
				SPRRCD "sprrcd",
				DETLTG "detltg",
				SOURTP "sourtp",
				VALIDE "valide"
              FROM COM_EXSR
            <where>
            sprrcd is null
		   <if test="stacid!=null">
		   		and stacid = #{stacid}
		   </if>
		    <if test="acexcd!=null">
		   		and acexcd = #{acexcd}
		   </if>
		   <if test="sourcd!=null">
		   		and sourcd = #{sourcd}
		   </if>
		</where>
	</select>
	
	<!-- 根据上级代码查询辅助核算资源 -->
	<select id="getComExsrBySprrcd" parameterType="java.util.HashMap" resultType="java.util.HashMap">       
          SELECT 
          	  STACID "stacid",
				ACEXCD "acexcd",
				SOURCD "sourcd",
				SOURNA "sourna",
				SPRRCD "sprrcd",
				DETLTG "detltg",
				SOURTP "sourtp",
				VALIDE "valide"
              FROM COM_EXSR
            <where>
		   <if test="stacid!=null">
		   		and stacid = #{stacid}
		   </if>
		    <if test="sprrcd!=null">
		   		and sprrcd = #{sprrcd}
		   </if>
		    <if test="acexcd!=null">
		   		and acexcd = #{acexcd}
		   </if>
		</where>
	</select>
	
	<select id="getExsrBySourcd" parameterType="java.util.HashMap" resultType="java.util.HashMap">
		SELECT 
				STACID "stacid",
				ACEXCD "acexcd",
				SOURCD "sourcd",
				SOURNA "sourna",
				SPRRCD "sprrcd",
				DETLTG "detltg",
				SOURTP "sourtp",
				VALIDE "valide"
              FROM COM_EXSR
		<where>
		<if test="stacid !=null and stacid != ''">
		and stacid = #{stacid}
		</if>
		<if test="sourcd !=null and sourcd != ''">
		and sourcd = #{sourcd}
		</if>
		<if test="acexcd !=null and acexcd != ''">
		and acexcd = #{acexcd}
		</if>
		and stacid in @BASERESC_TP_20
		</where>
	</select>
	
		<select id="getExsrBySourna" parameterType="java.util.HashMap" resultType="java.util.HashMap">
		SELECT 
				STACID "stacid",
				ACEXCD "acexcd",
				SOURCD "sourcd",
				SOURNA "sourna",
				SPRRCD "sprrcd",
				DETLTG "detltg",
				SOURTP "sourtp",
				VALIDE "valide"
              FROM COM_EXSR
		<where>
		<if test="stacid !=null and stacid != ''">
		and stacid = #{stacid}
		</if>
		<if test="acexcd !=null and acexcd != ''">
		and acexcd = #{acexcd}
		</if>
		<if test="sourna !=null and sourna != ''">
		and sourna = #{sourna}
		</if>
		and stacid in @BASERESC_TP_20
		</where>
	</select>
	
	
	<select id="getExsrlistPage" parameterType="java.util.HashMap" resultType="java.util.HashMap">
		select 
				STACID "stacid",
				ACEXCD "acexcd",
				SOURCD "sourcd",
				SOURNA "sourna",
				SPRRCD "sprrcd",
				DETLTG "detltg",
				SOURTP "sourtp",
				VALIDE "valide"
		from COM_EXSR
		<where>
		<if test="stacid !=null and stacid != ''">
		and stacid = #{stacid}
		</if>
		<if test="acexcd !=null and acexcd != ''">
		and acexcd = #{acexcd}
		</if>
		<if test= "detltg != null and detltg != ''">
		and detltg=#{detltg}
		</if>
		<if test= "sourcd != null and sourcd != ''">
		and sourcd like '%'||#{sourcd}||'%'
		</if>
		<if test= "sourna != null and sourna != ''">
		and sourna like '%'||#{sourna}||'%'
		</if>
		and stacid in @BASERESC_TP_20
		order  by  sourcd
		</where>
	</select>
	
	<!-- 根据自定义辅助核算代码查询名称  -->
	<select id="getComExsrByAcexcd" parameterType="java.util.HashMap" resultType="java.util.HashMap">       
         SELECT STACID "stacid",
				ACEXCD "acexcd",
				SOURCD "sourcd",
				SOURNA "sourna",
				SPRRCD "sprrcd",
				DETLTG "detltg",
				SOURTP "sourtp",
				VALIDE "valide"
              FROM COM_EXSR where
		   		stacid = #{stacid}
		   		and acexcd = (select acexcd from com_itex where stacid = #{stacid} and assimp = #{assimp})
		   		and sourcd = #{sourcd}
	</select>
	
	<select id="getCountSourcd" parameterType="java.util.HashMap" resultType="java.lang.Integer">
		select count(*)
		from com_itex a,com_exsr b
		where a.stacid = b.stacid
		and a.acexcd = b.acexcd 
		and a.assimp = #{assimp}
		and a.stacid = #{stacid}
	</select>
	
	    <!-- 查询辅助核算项扩展表 -->
    <select id="getComItexByAcexcd" parameterType="java.util.HashMap" resultType="com.sunline.sunfe.entity.ComItex">
        SELECT *
        FROM COM_ITEX
        <where>
            <if test="stacid!=null">
                and stacid = #{stacid}
            </if>
            <if test="acexcd!=null">
                and acexcd = #{acexcd}
            </if>

        </where>
    </select>
</mapper>    