<?xml version="1.0" encoding="UTF-8"?>
<!DOCTYPE mapper PUBLIC "-//mybatis.org//DTD Mapper 3.0//EN" "http://mybatis.org/dtd/mybatis-3-mapper.dtd">
<mapper namespace="com.sunline.sunfe.mybatis.comedct">


	 <select id="comedctCount" parameterType="java.util.HashMap" resultType="java.util.HashMap">
        SELECT count(1) "total" FROM com_edct where stacid = #{stacid} and edcttp = #{edcttp}
    </select>
    
    <!-- 页面查询不用分页-->
    <select id="queryComEdctPage1" parameterType="java.util.HashMap" resultType="java.util.HashMap">
        SELECT STACID "stacid",
        EDCTTP "edcttp",
        EDSTEP "edstep",
        PROCNA "procna",
        STATUS "status",
        PROCTG "proctg",
        REMARK "remark"
        FROM com_edct 
        where 1=1
        <if test="stacid != null and stacid != ''">
            AND stacid = #{stacid}
        </if>
        <if test="edcttp != null and edcttp != ''">
            AND edcttp = #{edcttp}
        </if>
        <if test="proctg != null and proctg != ''">
            AND proctg = #{proctg}
        </if>
        <if test="status != null and status != ''">
            AND status = #{status}
        </if>
        order by edcttp,edstep
    </select>
    
    <select id="qryComEdctByStacid" parameterType="java.util.HashMap" resultType="java.util.HashMap">
       select t.edstep "edstep",t.remark "remark",t.proctg "proctg" from com_edct t where t.stacid =#{stacid}
   and t.status ='1' and t.edcttp = #{edcttp}
  	<if test="proctg != null and proctg != ''">
	            AND t.proctg = #{proctg}
	        </if>
	         order by t.edstep
    </select>
    
    <select id="queryComEdctPage" parameterType="java.util.HashMap" resultType="java.util.HashMap">
		SELECT a.STACID "stacid",
		       a.EDCTTP "edcttp",
		       a.EDSTEP "edstep",
		       a.PROCNA "procna",
		       a.STATUS "status",
		       a.PROCTG "proctg",
		       a.REMARK "remark",
		       b.erortx "erortx"
		  FROM com_edct a
		  left join com_erms b
		    on b.edspds like a.edstep || '%'
		 where a.stacid = b.stacid
		   AND to_char(b.tranti, 'yyyymmdd') = to_char(sysdate, 'yyyymmdd')
	       AND a.stacid = #{stacid}
	        <if test="edcttp != null and edcttp != ''">
	            AND a.edcttp = #{edcttp}
	        </if>
	        <if test="proctg != null and proctg != ''">
	            AND a.proctg = #{proctg}
	        </if>
	        <if test="status != null and status != ''">
	            AND a.status = #{status}
	        </if>
		union
		SELECT a.STACID "stacid",
		       a.EDCTTP "edcttp",
		       a.EDSTEP "edstep",
		       a.PROCNA "procna",
		       a.STATUS "status",
		       a.PROCTG "proctg",
		       a.REMARK "remark",
		       '--' "erortx"
		  FROM com_edct a
		 where a.stacid = #{stacid}
		   <if test="status != null and status != ''">
	            AND a.status = #{status}
	       </if>
	       <if test="proctg != null and proctg != ''">
	            AND a.proctg = #{proctg}
	        </if>
		   AND a.edstep not in
		       (SELECT a.EDSTEP FROM com_edct a
		          left join com_erms b
		            on b.edspds like a.edstep || '%'
		   where a.stacid = b.stacid
		   AND to_char(b.tranti, 'yyyymmdd') = to_char(sysdate, 'yyyymmdd')
	       AND a.stacid = #{stacid}
	        <if test="edcttp != null and edcttp != ''">
	            AND a.edcttp = #{edcttp}
	        </if>
	        <if test="proctg != null and proctg != ''">
	            AND a.proctg = #{proctg}
	        </if>
	        <if test="status != null and status != ''">
	            AND a.status = #{status}
	        </if>)
    </select>
    
	<!-- 查询不用分页-->
	<select id="queryComEdct" parameterType="java.util.HashMap" resultType="java.util.HashMap">
		SELECT STACID "stacid",
		EDCTTP "edcttp",
		EDSTEP "edstep",
		PROCNA "procna",
		STATUS "status",
		PROCTG "proctg",
		REMARK "remark"
		FROM com_edct 
		where 1=1
		<if test="stacid != null and stacid != ''">
			AND stacid = #{stacid}
		</if>
		<if test="edcttp != null and edcttp != ''">
			AND edcttp = #{edcttp}
		</if>
		<if test="proctg != null and proctg != ''">
			AND proctg in ${proctg}
		</if>

		<if test="status != null and status != ''">
            AND status = #{status}
        </if>
		order by  edcttp,edstep
	</select>
	
		<!-- 查询修改项信息-->
	<select id="queryComEdctStep" parameterType="java.util.HashMap" resultType="java.util.HashMap">
		SELECT STACID "stacid",
		EDCTTP "edcttp",
		EDSTEP "edstep",
		PROCNA "procna",
		STATUS "status",
		PROCTG "proctg",
		REMARK "remark"
		FROM com_edct 
		where 1=1
		<if test="stacid != null and stacid != ''">
			AND stacid = #{stacid}
		</if>
		<if test="edcttp != null and edcttp != ''">
			AND edcttp = #{edcttp}
		</if>
		<if test="edstep != null and edstep != ''">
            AND edstep = #{edstep}
        </if>
	</select>

    <!-- 获得新增需要的步骤值 -->
    <select id="getEdstep" parameterType="java.util.HashMap" resultType="java.util.HashMap">
      SELECT count(1)+1 "edstep" FROM com_edct t where t.stacid = #{stacid} and t.edcttp = #{edcttp}
    </select>
	<!-- 新增 -->
	<insert id="addComEdct" parameterType="java.util.HashMap">
		INSERT INTO
		com_edct(stacid, edcttp, edstep, procna, status, proctg, remark)
		values
		(#{stacid},#{edcttp},#{edstep},#{procna},#{status},#{proctg},#{remark})
	</insert>
	
	<!-- 删除 -->
	<delete id="delComEdct" parameterType="java.util.HashMap">
		DELETE FROM com_edct WHERE STACID = #{stacid} AND EDCTTP = #{edcttp} AND EDSTEP = #{edstep}
	</delete>
	
	<!-- 更新 -->
	<update id="updateComEdctOrder" parameterType="java.util.HashMap">
		UPDATE com_edct SET
		EDSTEP = #{newEdstep}
		WHERE STACID = #{stacid} AND EDCTTP = #{edcttp} AND EDSTEP = #{edstep}
	</update>
	<update id="updateComEdct" parameterType="java.util.HashMap">
		UPDATE com_edct SET
		PROCNA=#{procna},STATUS=#{status},PROCTG=#{proctg},REMARK=#{remark}
		WHERE STACID = #{stacid} AND EDCTTP = #{edcttp} AND EDSTEP = #{edstep}
	</update>
	
	<update id="updatechecked" parameterType="java.util.HashMap">
		UPDATE com_edct SET
		edstep=edstep+1
		WHERE  
		STACID = #{stacid}
		and edcttp= #{edcttp}
		and EDSTEP = #{edstep}
	</update>
	
	<!-- 更新状态 -->
    <update id="updateComEdctProctg" parameterType="java.util.HashMap">
        UPDATE com_edct SET
        PROCTG=#{proctg}
        WHERE STACID = #{stacid} AND EDCTTP = #{edcttp} AND EDSTEP = #{edstep}
    </update>
    <!-- 更新日中步骤生成新日期状态为未执行 -->
    <update id="updateDayEndNewDateProctg" parameterType="java.util.HashMap">
        UPDATE com_edct SET PROCTG='0' WHERE STACID = #{stacid} 
        AND EDCTTP = #{edcttp} AND PROCNA like '%DayEndUnlockSystemProcesser%'
    </update>
    
    <select id="queryDialogPage1" parameterType="java.util.HashMap" resultType="java.util.HashMap">
        SELECT 
        e.EDSTEP "edstep",
        e.PROCTG "proctg",
        e.REMARK "remark",
        s.BSNSDT "bsnsdt",
        s.STACST "stacst"
        FROM com_edct e , com_stac s
        <where>
        	e.stacid = #{stacid} 
        	and e.stacid = s.stacid 
            AND e.status = '1' 
            and e.edcttp = #{edcttp}
        </where>
        order by edstep
    </select>
     <!-- 查看跑批日志-->
    <select id="queryDialogPage" parameterType="java.util.HashMap" resultType="java.util.HashMap">
		SELECT 
        e.BSNSSQ "edstep",
        e.CALLPK "proctg",
        e.LOGMSG "remark",
        s.BSNSDT "bsnsdt",
        s.STACST "stacst"
        FROM com_logm e , com_stac s
        <where>
        	s.stacid = #{stacid} 
        	and e.callpk = '系统日终' 
            AND to_char(tranti, 'yyyymmdd') = to_char(sysdate, 'yyyymmdd') 
        </where>
        order by tranti desc
    </select>
    
    <select id="querystacst" parameterType="java.util.HashMap" resultType="java.util.HashMap">
    	select stacst ,stacid,stacna from com_stac where stacid=#{stacid}
    </select>
     <!--恢复日终表步骤状态为未执行状态  -->
    <update id="updateComEdctProctgAll" parameterType="java.util.HashMap">
      	UPDATE Com_Edct
               SET Proctg = '0'
             WHERE Stacid = #{stacid}
               AND Edcttp = #{edcttp}
    </update>
   
</mapper>