<?xml version="1.0" encoding="UTF-8"?>
<!DOCTYPE mapper PUBLIC "-//mybatis.org//DTD Mapper 3.0//EN" "http://mybatis.org/dtd/mybatis-3-mapper.dtd">
<mapper namespace="com.sunline.sunfe.mybatis.comitcr">

	<!-- 查询account数据， 分页查询 -->
	<select id="queryAccountlistPage" parameterType="java.util.HashMap"
		resultType="java.util.HashMap">
		SELECT  A.STACID "stacid", A.ITEMCD "itemcd", A.SOURST "sourst", A.ITEMAC "itemac", A.CRSPST "crspst", A.DTITCD "dtitcd", A.SUBSAC "subsac"
		FROM COM_ITCR A
		<where>
			A.STACID = #{stacid}
			and  A.crspst ='99'
			<if test="itemcd != null and itemcd != ''">
				and A.itemcd = #{itemcd}
			</if>
			<if test="sourst != null and sourst != ''">
				and A.sourst = #{sourst}
			</if>
			<if test="itemac != null and itemac != ''">
				and A.itemac = #{itemac}
			</if>
		</where>
	</select>
	
	<!-- 新增一条account数据 -->
	<insert id="addAccount" parameterType="java.util.HashMap">
		INSERT INTO COM_ITCR (STACID,ITEMCD, SOURST, CRSPST, ITEMAC, DTITCD, SUBSAC) 
		VALUES (#{stacid},#{itemcd}, #{sourst}, '99', #{itemac}, #{dtitcd}, #{subsac})
	</insert>
	
	<!-- 根据ITCRID查询一条account数据 -->
	<select id="queryAccountByID" parameterType="java.util.HashMap"
		resultType="java.util.HashMap">
		SELECT  A.STACID "stacid", A.ITEMCD "itemcd", A.SOURST "sourst", A.ITEMAC "itemac", A.CRSPST "crspst", A.DTITCD "dtitcd", A.SUBSAC "subsac"
		FROM com_itcr A
		where A.itemcd = #{itemcd}
		and A.SOURST = #{sourst}
	</select>
	
	<!-- 根据ITCRID查询一条item数据 -->
	<select id="queryItemByID" parameterType="java.util.HashMap"
		resultType="java.util.HashMap">
		SELECT  *
		FROM com_item A
		where A.itemcd = #{itemac}
	</select>
	<!-- 根据ITCRID更新一条account数据 -->
	<update id="updateAccount" parameterType="java.util.HashMap">
		update com_itcr set
				itemac = #{itemac},
				dtitcd = #{dtitcd},
				subsac = #{subsac}
				where itemcd = #{itemcd}
				and SOURST = #{sourst}
	</update>

	<!--根据ITCRID删除一条account数据 -->
	<delete id="delAccountByID" parameterType="java.util.HashMap">
		DELETE FROM com_itcr where itemcd = #{itemcd} and SOURST = #{sourst}
	</delete>
	<!-- 判断输入的系统标识是否存在 -->
	<select id="checkSourst" parameterType="java.util.HashMap"
		resultType="java.util.HashMap">
		select * from 
		com_syst A 
		where  A.systid = #{sourst}
	</select>
</mapper> 