<?xml version="1.0" encoding="UTF-8"?>
<!DOCTYPE mapper PUBLIC "-//mybatis.org//DTD Mapper 3.0//EN" "http://mybatis.org/dtd/mybatis-3-mapper.dtd">
<mapper namespace="com.sunline.sunfe.mybatis.comitex">
    <!-- 获取会计科目自定义辅助核算项扩展表 信息 -->
    <cache/>
    <select id="getComItex" parameterType="java.util.HashMap" resultType="com.sunline.sunfe.entity.ComItex">
        SELECT *
        FROM Com_Itex
        WHERE Stacid = #{stacid}
        AND Assimp = #{assimp}
    </select>
    
    <!-- 查询辅助核算项扩展表 -->
    <select id="getComItexByAcexcd" parameterType="java.util.HashMap" resultType="com.sunline.sunfe.entity.ComItex">
        SELECT *
        FROM COM_ITEX
        <where>
            <if test="stacid!=null">
                and stacid = #{stacid}
            </if>
            <if test="acexcd!=null">
                and acexcd = #{acexcd}
            </if>

        </where>
    </select>

    <select id="getComItexlist" parameterType="java.util.HashMap" resultType="com.sunline.sunfe.entity.ComItex">
        SELECT *
        FROM COM_ITEX
        <where>
            <if test="stacid!=null">
                and stacid = #{stacid}
            </if>
            order by pscope,assimp
        </where>
    </select>

    <select id="getComItexlistOfU" parameterType="java.util.HashMap" resultType="com.sunline.sunfe.entity.ComItex">
        SELECT *
        FROM COM_ITEX
        <where>
            pscope = 'U'
            <if test="stacid!=null">
                and stacid = #{stacid}
            </if>
            order by assimp
        </where>
    </select>


    <!-- 查询多维总账开启维度 -->
    <select id="getStartedComitex" parameterType="java.util.HashMap" resultType="com.sunline.sunfe.entity.ComItex">
        SELECT *
        FROM COM_ITEX
        <where>
            valide = '1'
            <if test="stacid!=null">
                and stacid = #{stacid}
            </if>
        </where>
        order by pscope,assimp
    </select>

    <select id="getStartedDoublueComitex" parameterType="java.util.HashMap" resultType="java.util.HashMap">
        SELECT A.ASSIMP "assimp",A.ACEXNA "acexna",A.ACEXCD "acexcd",B.PARAAM "paraam",B.PARACH "parach",B.PARBCH "parbch",
        B.PARCCH "parcch",B.PARDCH "pardch",B.PARECH "parech" FROM
        COM_ITEX A LEFT JOIN PCMC_KNP_PARA B ON A.ASSIMP=B.PARACD
        <where>
            A.VALIDE='1'
            <if test="stacid!=null">
                and A.STACID = #{stacid}
            </if>
        </where>
        ORDER BY A.PSCOPE,A.ASSIMP
    </select>

    <!-- 查询多维总账未开启维度 -->
    <select id="getUnStartedComitex" parameterType="java.util.HashMap" resultType="com.sunline.sunfe.entity.ComItex">
        SELECT *
        FROM COM_ITEX
        <where>
            valide = '0'
            <if test="stacid!=null">
                and stacid = #{stacid}
            </if>
        </where>
        order by pscope,assimp
    </select>


    <update id="updateComItexOfU" parameterType="java.util.HashMap">
        update COM_ITEX
        SET valide = '1',
        acexcd = #{acexcd},
        acexna = #{acexna}
        <where>
            <if test="stacid!=null">
                and stacid = #{stacid}
            </if>
            <if test="assimp!=null">
                and assimp = #{assimp}
            </if>
        </where>
    </update>

    <update id="updateComItex" parameterType="java.util.HashMap">
        update COM_ITEX
        SET valide = '1'
        <where>
            <if test="stacid!=null">
                and stacid = #{stacid}
            </if>
            <if test="assimp!=null">
                and assimp = #{assimp}
            </if>
        </where>
    </update>

    <update id="shutComItex" parameterType="java.util.HashMap">
        update COM_ITEX
        SET valide = '0'
        <where>
            <if test="stacid!=null">
                and stacid = #{stacid}
            </if>
            <if test="assimp!=null">
                and assimp = #{assimp}
            </if>
        </where>
    </update>
    <update id="nullComItex" parameterType="java.util.HashMap">
        update COM_ITEX
        SET acexcd = null,
        acexna = null
        <where>
            pscope = 'U'
            <if test="stacid!=null">
                and stacid = #{stacid}
            </if>
            <if test="assimp!=null">
                and assimp = #{assimp}
            </if>
        </where>
    </update>

    <select id="getStartedComItexByUpdate" parameterType="java.util.HashMap" resultType="com.sunline.sunfe.entity.ComItex">
        select *
        from COM_ITEX
        <where>
            <if test="stacid!=null">
                and stacid = #{stacid}
            </if>
            and assimp in
            (
            #{itemcd,jdbcType=VARCHAR},
            #{centcd,jdbcType=VARCHAR},
            #{prsncd,jdbcType=VARCHAR},
            #{custcd,jdbcType=VARCHAR},
            #{prducd,jdbcType=VARCHAR},
            #{prlncd,jdbcType=VARCHAR},
            #{acctno,jdbcType=VARCHAR},
            #{assis0,jdbcType=VARCHAR},
            #{assis1,jdbcType=VARCHAR},
            #{assis2,jdbcType=VARCHAR},
            #{assis3,jdbcType=VARCHAR},
            #{assis4,jdbcType=VARCHAR},
            #{assis5,jdbcType=VARCHAR},
            #{assis6,jdbcType=VARCHAR},
            #{assis7,jdbcType=VARCHAR},
            #{assis8,jdbcType=VARCHAR},
            #{assis9,jdbcType=VARCHAR}
            )
        </where>
    </select>

</mapper>    