<?xml version="1.0" encoding="UTF-8"?>
<!DOCTYPE mapper PUBLIC "-//mybatis.org//DTD Mapper 3.0//EN" "http://mybatis.org/dtd/mybatis-3-mapper.dtd">
<mapper namespace="com.sunline.sunfe.mybatis.comitem">
	
	<!-- 获取科目信息 -->
	<select id="getComItemByKey" parameterType="java.util.HashMap" resultType="com.sunline.sunfe.entity.AccountingItem">
		select * from com_item where stacid = #{stacid} and itemcd = #{itemcd} 
	</select>
	<!-- 根据科目获取科目信息 -->
	<select id="getComItemByItemcd" parameterType="java.util.HashMap" resultType="com.sunline.sunfe.entity.AccountingItem">
		select * from com_item where itemcd = #{itemcd} 
	</select>
	
	<!-- 获取账套下所有科目信息 -->
	<select id="getComItemByStacid" parameterType="java.util.HashMap" resultType="com.sunline.sunfe.entity.AccountingItem">
		select * from com_item where stacid = #{stacid} 
	</select>
	
	<!-- 更新科目为可使用 -->
	<update id="updateUsedtpByKey" parameterType="java.util.HashMap">
		 UPDATE Com_Item
               SET Usedtp = '1'
             WHERE Stacid = #{stacid}
               AND Itemcd = #{itemcd}
	</update>
	
	<!-- 更新科目为不可使用 0-->
	<update id="updateUsedtpByKey01" parameterType="java.util.HashMap">
		 UPDATE Com_Item
               SET Detltg = '0'
             WHERE Stacid = #{stacid}
               AND Itemcd = #{itemfm}
	</update>
<!-- 	保存新增科目信息 -->
	<insert id="insertComItem" parameterType="com.sunline.sunfe.entity.AccountingItem">
	    <![CDATA[
		 INSERT INTO Com_Item
            (Stacid,Itemcd,Sprrcd,Itemna,Cutrna,Itemlv,Itemtp,Itempr,Detltg,Itemdn,Usedtp,Measut,Confin,Pomdtg,Mntytg,Inactp,Brchtg,Prcdtg,Bulntg,Custtg,Emlytg,Accttg,Itemcl,Ioflag,Hdopmd )
         VALUES 
            (#{stacid,jdbcType=INTEGER},       
		     #{itemcd,jdbcType=VARCHAR},	
		     #{sprrcd,jdbcType=VARCHAR},	
		     #{itemna,jdbcType=VARCHAR},	
		     #{cutrna,jdbcType=INTEGER},	
		     #{itemlv,jdbcType=VARCHAR},	
		     #{itemtp,jdbcType=VARCHAR},	
		     #{itempr,jdbcType=VARCHAR},	
		     #{detltg,jdbcType=VARCHAR},	
		     #{itemdn,jdbcType=VARCHAR},	
		     #{usedtp,jdbcType=VARCHAR},	
		     #{measut,jdbcType=VARCHAR},	
		     #{confin,jdbcType=VARCHAR},	
		     #{pomdtg,jdbcType=VARCHAR},	
		     #{mntytg,jdbcType=VARCHAR},	
		     #{inactp,jdbcType=VARCHAR},	
		     #{brchtg,jdbcType=VARCHAR},	
		     #{prcdtg,jdbcType=VARCHAR},	
		     #{bulntg,jdbcType=VARCHAR},	
		     #{custtg,jdbcType=VARCHAR},	
		     #{emlytg,jdbcType=VARCHAR},	
		     #{accttg,jdbcType=VARCHAR},	
		     #{itemcl,jdbcType=VARCHAR},	
		     #{ioflag,jdbcType=VARCHAR},	
		     #{hdopmd,jdbcType=VARCHAR})
			]]>
	</insert>
	
	<!-- 修改账套下Usedtp信息 -->
	<update id="updateAccountingItemToUsed" parameterType="com.sunline.sunfe.entity.AccountingItem">
		UPDATE 
			Com_item
		SET 
			Usedtp = '1'
		WHERE 
			stacid = #{stacid}
			and itemcd = #{itemcd}
			and Usedtp = '0'		
	</update>
</mapper>