<?xml version="1.0" encoding="UTF-8"?>
<!DOCTYPE mapper PUBLIC "-//mybatis.org//DTD Mapper 3.0//EN" "http://mybatis.org/dtd/mybatis-3-mapper.dtd">
<mapper namespace="com.sunline.sunfe.mybatis.compara">
	<select id="queryComParalistPage" parameterType="java.util.HashMap" resultType="java.util.HashMap">
		select 
		    STACID "stacid",
		    PARANA "parana",
		    PARAVL "paravl",
		    MODUCD "moducd",
		    PARALV "paralv",
		    PARATX "paratx" 
		from 
		    com_para
		where 
			1=1
		<if test="stacid!=null and stacid!=''">
			and STACID = #{stacid}
		</if>	
		<if test="moducd!=null and moducd!=''">
			and MODUCD = #{moducd}
		</if>   
		<if test="parana!=null and parana!=''">
			and PARANA like '%'||#{parana}||'%'
		</if> 
		order by stacid ,parana
		
    </select>
	<insert id="saveComPara" parameterType="java.util.HashMap">
		insert into com_para (
			STACID,
		    PARANA,
		    PARAVL,
		    MODUCD,
		    PARALV,
		    PARATX 
		) values (
			#{stacid,jdbcType=INTEGER},
		    #{parana},
		    #{paravl},
		    #{moducd},
		    #{paralv},
		    #{paratx} 
		)
	</insert>
	<update id="updateComPara" parameterType="java.util.HashMap">
		update 
			com_para 
		set
		    PARAVL=#{paravl},
		    MODUCD=#{moducd},
		    PARALV=#{paralv},
		    PARATX=#{paratx} 
		where
		 	STACID = #{stacid}
		    and PARANA = #{parana}  
	</update>
	<delete id="delComPara" parameterType="java.util.HashMap">
		delete from com_para where stacid=#{stacid} and parana=#{parana}
	</delete>
	<select id="getComPara" parameterType="java.util.HashMap" resultType="java.util.HashMap">
		select 
		    STACID "stacid",
		    PARANA "parana",
		    PARAVL "paravl",
		    MODUCD "moducd",
		    PARALV "paralv",
		    PARATX "paratx" 
		from 
		    com_para
		where 
			STACID = #{stacid}
		<if test="parana!=null and parana!=''">
			and PARANA=#{parana}
		</if>
	</select>
</mapper>    