<?xml version="1.0" encoding="UTF-8"?>
<!DOCTYPE mapper PUBLIC "-//mybatis.org//DTD Mapper 3.0//EN" "http://mybatis.org/dtd/mybatis-3-mapper.dtd">
<mapper namespace="com.sunline.sunfe.mybatis.comsyst">
    <!-- 查询合同信息 -->
    <select id="queryComSystInfolistPage" parameterType="java.util.HashMap" resultType="java.util.HashMap">
        SELECT STACID "stacid", SYSTID "systid", SYSTNA "systna", SPRRCD "sprrcd", DETLTG "detltg", SYSTDT "systdt", PREPST "prepst", VALIDE "valide", SYRMTX "syrmtx", ISSAME "issame" FROM FMB_DRRT WHERE STACID=#{stacid}
        <if test="systid!=null and systid!=''">
            AND SYSTID=#{systid}
        </if>
        <if test="sourst!=null and sourst!=''">
            AND SYSTID=#{sourst}
        </if>
        <if test="valide!=null and valide!=''">
            AND VALIDE=#{valide}
        </if>
    </select>
</mapper> 