<?xml version="1.0" encoding="UTF-8"?>
<!DOCTYPE mapper PUBLIC "-//mybatis.org//DTD Mapper 3.0//EN" "http://mybatis.org/dtd/mybatis-3-mapper.dtd">
<mapper namespace="com.sunline.sunfe.mybatis.comtdcr">

	<!-- 查询account数据， 分页查询 -->
	<select id="queryComTdcrlistPage" parameterType="java.util.HashMap"
		resultType="java.util.HashMap">
		SELECT A.STACID "stacid", A.TRDNCD "trdncd", A.SOURST "sourst", A.TRDNAC "trdnac", A.CRSPST "crspst"
		FROM COM_TDCR A
		<where>
			A.STACID = #{stacid}
			and  A.crspst ='99'
			<if test="trdncd != null and trdncd != ''">
				and A.trdncd = #{trdncd}
			</if>
			<if test="sourst != null and sourst != ''">
				and A.sourst = #{sourst}
			</if>
				
			<if test="trdnac != null and trdnac != ''">
				and A.trdnac = #{trdnac}
			</if>
		</where>
	</select>
	
	<!-- 新增一条account数据 -->
	<insert id="addComTdcr" parameterType="java.util.HashMap">
		INSERT INTO COM_TDCR (STACID,TRDNCD, SOURST, CRSPST, TRDNAC) 
		VALUES (#{stacid},#{trdncd}, #{sourst}, '99', #{trdnac})
	</insert>
	
	<!-- 根据TDCRID查询一条account数据 -->
	<select id="queryComTdcrByID" parameterType="java.util.HashMap"
		resultType="java.util.HashMap">
		SELECT A.STACID "stacid", A.TRDNCD "trdncd", A.SOURST "sourst", A.TRDNAC "trdnac", A.CRSPST "crspst"
		FROM com_tdcr A
		where A.trdncd = #{trdncd}
		and A.SOURST = #{sourst}
	</select>
	
	<!-- 根据TDCRID更新一条account数据 -->
	<update id="updateComTdcr" parameterType="java.util.HashMap">
		update com_tdcr set
				crspst = '99',
				trdnac = #{trdnac}
				where trdncd = #{trdncd}
				and SOURST = #{sourst}
	</update>

	<!--根据TDCRID删除一条account数据 -->
	<delete id="delComTdcr" parameterType="java.util.HashMap">
		DELETE FROM com_tdcr where trdncd = #{trdncd} and SOURST = #{sourst}
	</delete>
	
	
<!-- 根据ITCRID查询一条item数据 -->
	<select id="queryTdcrByID" parameterType="java.util.HashMap"
		resultType="java.util.HashMap">
		select * from pcmc_knp_para where SUBSCD = 'COMM' and PARATP = 'trdncd'
		and paracd = #{trdnac}
	</select>
	<!-- 判断输入的系统标识是否存在 -->
	<select id="checkSourst" parameterType="java.util.HashMap"
		resultType="java.util.HashMap">
		select * from 
		com_syst A 
		where  A.systid = #{sourst}
	</select>
</mapper> 