<?xml version="1.0" encoding="UTF-8"?>
<!DOCTYPE mapper PUBLIC "-//mybatis.org//DTD Mapper 3.0//EN" "http://mybatis.org/dtd/mybatis-3-mapper.dtd">
<mapper namespace="com.sunline.sunfe.mybatis.cond">
	<!--查询系统条件清单 -->
	<select id="queryCondlistPage" parameterType="java.util.HashMap"
		resultType="java.util.HashMap">
		SELECT CONDCD AS "condcd",
		       CONDTP AS "condtp",
		       CONDNA AS "condna",
		       DESCTX AS "desctx",
		       ENNAME AS "enname",
		       VERMOD AS "vermod",
		       PROJCD AS "projcd",
		       MODULE AS "module"
		FROM SYS_COND
		<where>
			<if test="condcd != null and condcd != ''">
				AND CONDCD LIKE  #{condcd} ESCAPE '\'
			</if>
			<if test="condna != null and condna != ''">
				AND CONDNA LIKE '%'||#{condna}||'%'
			</if>
			<if test="vermod != null and vermod != ''">
				AND VERMOD = #{vermod}
			</if>
		</where>
	</select>
	<!-- 根据系统条件查询条件明细详细 -->
	<select id="queryCondInfo" parameterType="java.util.HashMap"
		resultType="java.util.HashMap">
		SELECT CONDCD AS "condcd",
		       CONDTP AS "condtp",
		       CONDNA AS "condna",
		       DESCTX AS "desctx",
		       ENNAME AS "enname",
		       VERMOD AS "vermod",
		       PROJCD AS "projcd",
		       MODULE AS "module"
		FROM SYS_COND
		<where>
			<if test="condcd != null and condcd != ''">
				AND CONDCD = #{condcd}
			</if>
			<if test="vermod != null and vermod != ''">
				AND VERMOD = #{vermod}
			</if>
		</where> 
    </select>
    <!--查询条件明细 -->
	<select id="queryDetlBycondcdlistPage" parameterType="java.util.HashMap"	resultType="java.util.HashMap">
		SELECT A.CONDCD AS "condcd",
		       A.SORTNO AS "sortno",
		       A.LADSTR AS "ladstr",
		       A.FUNCCD AS "funccd",
		       A.FILDCD AS "fildcd",
		       b.busina as "fildna",
		       A.CMPTYP AS "cmptyp",
		       A.CMPCOD AS "cmpcod",
		       A.CMPVAL AS "cmpval",
		       A.RADSTR AS "radstr",
		       A.OPRCOD AS "oprcod",
		       A.NULRET AS "nulret",
		       A.DESCTX AS "cdesctx",
		       A.VERMOD AS "vermod",
		       A.MODULE AS "module",
		       A.PROJCD AS "projcd"
		FROM SYS_COND_DETL A INNER JOIN  MODU_DICT_DETL B ON
		A.MODULE = B.MODULE AND  A.FILDCD = B.VARICD
		<where>
			<if test="condcd != null and condcd != ''">
				AND CONDCD = #{condcd}
			</if>
			<if test="vermod != null and vermod != ''">
				AND VERMOD = #{vermod}
			</if>
		</where>
	</select>
	<!-- 新增条件明细 -->
	<insert id="insertCondDetl" parameterType="java.util.HashMap">
	    INSERT INTO SYS_COND_DETL 
	    (CONDCD,SORTNO,LADSTR,FILDCD,CMPTYP,CMPCOD,CMPVAL,RADSTR
	    <if test="oprcod != null and oprcod != ''">
	    ,OPRCOD
	    </if>
	     <if test="funccd != null and funccd != ''">
	    ,funccd
	    </if>
	    ,NULRET,DESCTX,VERMOD,MODULE,PROJCD) 
        VALUES 
        (#{condcd},#{sortno},#{ladstr},#{fildcd},#{cmptyp},#{cmpcod},#{cmpval},#{radstr}
        <if test="oprcod != null and oprcod != ''">
	    ,#{oprcod}
	    </if>
	     <if test="funccd != null and funccd != ''">
	    ,#{funccd}
	    </if>
        ,#{nulret},#{cdesctx},#{vermod},#{module},#{projcd})
	</insert>
	<!-- 校验系统条件是否已存在 -->
	<select id="checkExistCond" parameterType="java.util.HashMap" resultType="java.util.HashMap">
		 <![CDATA[
		SELECT COUNT(*) AS CC FROM SYS_COND
		]]>
		<where>
		   <if test="condcd != null and condcd != ''">
			   AND CONDCD = #{condcd}
		   </if>
		   <if test="vermod != null and vermod != ''">
				AND VERMOD = #{vermod}
			</if>
		</where>
	</select>
	<!-- 校验条件明细是否已存在 -->
	<select id="checkExistCondDetl" parameterType="java.util.HashMap" resultType="java.util.HashMap">
		 <![CDATA[
		SELECT COUNT(*) AS CC FROM SYS_COND_DETL
		]]>
		<where>
			   AND CONDCD = #{condcd}
			   AND SORTNO = #{sortno}
			   AND VERMOD = #{vermod}
		</where>
	</select>
	<!-- 新增系统条件信息 -->
	<insert id="addCond" parameterType="java.util.HashMap">
	    INSERT INTO SYS_COND
		(CONDCD,CONDNA,CONDTP,DESCTX,VERMOD,MODULE,PROJCD)
		VALUES
		(#{condcd},#{condna},#{condtp},#{desctx},#{vermod},#{module},#{projcd})
	</insert>
	<!-- 修改系统条件信息 -->
	<update id="updateCond" parameterType="java.util.HashMap">
		UPDATE SYS_COND  SET
		       VERMOD = vermod+1
	     WHERE CONDCD = #{condcd}			
	</update>
	
	<update id="updateCondDetl" parameterType="java.util.HashMap">
		UPDATE SYS_COND_DETL  SET
		       VERMOD = vermod+1
	     WHERE CONDCD = #{condcd}			
	</update>
	
	<!-- 删除系统条件信息 -->
	<delete id="deleteCond" parameterType="java.util.HashMap">
     	   <![CDATA[
			  DELETE FROM SYS_COND
		]]>
		<where>
			<if test="condcdList!=null and condcdList.size()>0">
				AND CONDCD IN
				<foreach collection="condcdList" item="condcd" open="("
					close=")" separator=",">
					#{condcd}
				</foreach>
			</if>
		</where>
	</delete>
	<!-- 批量删除系统条件 时 删除条件明细-->
	<delete id="deleteDetl" parameterType="java.util.HashMap">
     	   <![CDATA[
			  DELETE FROM SYS_COND_DETL
		]]>
		<where>
			<if test="condcdList!=null and condcdList.size()>0">
				AND CONDCD IN
				<foreach collection="condcdList" item="condcd" open="("
					close=")" separator=",">
					#{condcd}
				</foreach>
			</if>
		</where>
	</delete>
	<!-- 根据系统条件condcd删除条件明细 -->
	<delete id="deleteDetlById" parameterType="java.util.HashMap">
     	   <![CDATA[
			  DELETE FROM SYS_COND_DETL
		]]>
		<where>
			<if test="condcd !=null and condcd !='' ">
				AND CONDCD = #{condcd}
			</if>
		</where>
	</delete>
</mapper>