<?xml version="1.0" encoding="UTF-8"?>
<!DOCTYPE mapper PUBLIC "-//mybatis.org//DTD Mapper 3.0//EN" "http://mybatis.org/dtd/mybatis-3-mapper.dtd">
<mapper namespace="com.sunline.sunfe.mybatis.dayend-dealhistsunfe">
	<!-- 删除交易流水历史Gla_Tran_h -->
	<delete id="deleteGlaTranHBySG" parameterType="java.util.HashMap">
		 DELETE 
         Gla_Tran_h
          WHERE Stacid = #{stacid}
            AND Trandt = #{glisdt}
	</delete>
	
	<!-- 删除传票信息历史Gla_Vchr_h -->
	<delete id="deleteGlaVchrHBySG" parameterType="java.util.HashMap">
		 DELETE 
         Gla_Vchr_h
          WHERE Stacid = #{stacid}
            AND Trandt = #{glisdt}
	</delete>
	
	<!-- 删除接口传票历史Gli_Vchr_h -->
	<delete id="deleteGliVchrHBySG" parameterType="java.util.HashMap">
		 DELETE 
         Gli_Vchr_h
          WHERE Stacid = #{stacid}
            AND Sourdt = #{glisdt}
	</delete>
	
	<!-- 传入交易流水历史Gla_Tran_h -->
	<insert id="addGlaTranHBySG" parameterType="java.util.HashMap">
		INSERT /*+ INDEX(Gla_Tran, PK_GLA_TRAN) */ /*+ parallel(Gla_Tran_h,4) */
         INTO Gla_Tran_h
            (Stacid,
             Trandt,
             Transq,
             Tranti,
             Tranbr,
             Usercd,
             Acctbr,
             Sourst,
             Sourdt,
             Soursq,
             Trantp,
             Dcmtno,
             Dcmttp,
             Prcscd,
             Tranam,
             Itemcd,
             Psauus,
             Strkst,
             Acsrnm,
             Remark)
            SELECT Stacid,
                   Trandt,
                   Transq,
                   Tranti,
                   Tranbr,
                   Usercd,
                   Acctbr,
                   Systid,
                   Sourdt,
                   Soursq,
                   Trantp,
                   Dcmtno,
                   Dcmttp,
                   Prcscd,
                   Tranam,
                   Itemcd,
                   Psauus,
                   Strkst,
                   Acsrnm,
                   Remark
              FROM Gla_Tran
             WHERE Stacid = #{stacid}
               AND Trandt = #{glisdt}
	</insert>
	
	<!-- 传入传票信息历史 -->
	<insert id="addGlaVchrHBySG" parameterType="java.util.HashMap">
	INSERT 
         INTO Gla_Vchr_h
            (Stacid,
             Systid, --20141027 zhengyou
             Trandt,
             Transq,
             Vchrsq,
             Tranbr,
             Acctbr,
             Itemcd,
             Crcycd,
             Trantp,
             Amntcd,
             Tranam,
             Tranbl,
             Blncdn,
             Smrytx,
             Exchcn,
             Exchus,
             Usercd,
             Sourdt,
             Soursq,
             Sourst,
             Srvcsq,
             Bearbl,
             Beardn,
             Toitem,
             Centcd, --
             Prsncd, --
             Custcd, --
             Prducd, --
             Prlncd, --
             Acctno, --
             Assis0,
             Assis1,
             Assis2,
             Assis3,
             Assis4,
             Assis5,
             Assis6,
             Assis7,
             Assis8,
             Assis9,
             Subsac,
             sourac,
             clertg,
			clerod,
			centsq,
			brchsq,
			clerdt,
			transt)
            SELECT Stacid,
                   Systid, --20141027 zhengyou
                   Trandt,
                   Transq,
                   Vchrsq,
                   Tranbr,
                   Acctbr,
                   Itemcd,
                   Crcycd,
                   Trantp,
                   Amntcd,
                   Tranam,
                   Tranbl,
                   Blncdn,
                   Smrytx,
                   Exchcn,
                   Exchus,
                   Usercd,
                   Sourdt,
                   Soursq,
                   Sourst,
                   Srvcsq,
                   Bearbl,
                   Beardn,
                   Toitem,
                   Centcd, --
                   Prsncd, --
                   Custcd, --
                   Prducd, --
                   Prlncd, --
                   Acctno, --
                   Assis0,
                   Assis1,
                   Assis2,
                   Assis3,
                   Assis4,
                   Assis5,
                   Assis6,
                   Assis7,
                   Assis8,
                   Assis9,
                   Subsac, --modify by hexd@sunline 增加字段
                   sourac,
             		clertg,
					clerod,
					centsq,
					brchsq,
					clerdt,
					transt
              FROM Gla_Vchr
             WHERE Stacid = #{stacid}
               AND Trandt = #{glisdt}
	</insert>
	
	<!-- 传入接口传票历史 -->
	<insert id="addGliVchrHBySG" parameterType="java.util.HashMap">
		INSERT 
         INTO Gli_Vchr_h
            (Stacid,
             Sourst,
             Sourdt,
             Soursq,
             Vchrsq,
             Tranbr,
             Acctbr,
             Itemcd,
             Crcycd,
             Trantp,
             Amntcd,
             Tranam,
             Trannm,
             Smrytx,
             Exchcn,
             Exchus,
             Usercd,
             Toitem,
             Transt,
             Trandt,
             Transq,
             Centcd, --
             Prsncd, --
             Custcd, --
             Prducd, --
             Prlncd, --
             Acctno, --
             Assis0,
             Assis1,
             Assis2,
             Assis3,
             Assis4,
             Assis5,
             Assis6,
             Assis7,
             Assis8,
             Assis9)
            SELECT Stacid,
                   Sourst,
                   Sourdt,
                   Soursq,
                   Vchrsq,
                   Tranbr,
                   Acctbr,
                   Itemcd,
                   Crcycd,
                   Trantp,
                   Amntcd,
                   Tranam,
                   Trannm,
                   Smrytx,
                   Exchcn,
                   Exchus,
                   Usercd,
                   Toitem,
                   Transt,
                   Trandt,
                   Transq,
                   Centcd, --
                   Prsncd, --
                   Custcd, --
                   Prducd, --
                   Prlncd, --
                   Acctno, --
                   Assis0,
                   Assis1,
                   Assis2,
                   Assis3,
                   Assis4,
                   Assis5,
                   Assis6,
                   Assis7,
                   Assis8,
                   Assis9
              FROM Gli_Vchr
             WHERE Stacid = #{stacid}
               AND Sourdt = #{glisdt}
	</insert>
	
	<!-- 删除某日交易流水 -->
	<delete id="deleteGlaTranBySG" parameterType="java.util.HashMap">
		 DELETE 
         Gla_Tran
          WHERE Stacid = #{stacid}
            AND trandt = #{glisdt}
	</delete>
	
	<!-- 删除某日传票 -->
	<delete id="deleteGlaVchrBySG" parameterType="java.util.HashMap">
		 DELETE 
         Gla_Vchr
          WHERE Stacid = #{stacid}
            AND trandt = #{glisdt}
	</delete>
	
    <!-- 删除接口传票Gli_Vchr -->
	<delete id="deleteGliVchr" parameterType="java.util.HashMap">
		 DELETE Gli_Vchr WHERE Stacid = #{stacid} AND Sourdt = #{glisdt}
	</delete>
	
	<delete id="deleteLoanBusiH" parameterType="java.util.HashMap">
		 DELETE loan_busi_h WHERE Stacid = #{stacid} AND trandt = #{glisdt}
	</delete>
	<insert id="insertLoanBusiH" parameterType="java.util.HashMap">
	  insert into loan_busi_h select * from loan_busi where stacid =#{stacid} and trandt =#{glisdt}
	</insert>
	<delete id="deleteLoanBusi" parameterType="java.util.HashMap">
		 DELETE loan_busi WHERE Stacid = #{stacid} AND trandt = #{glisdt}
	</delete>
</mapper>
