<?xml version="1.0" encoding="UTF-8"?>
<!DOCTYPE mapper PUBLIC "-//mybatis.org//DTD Mapper 3.0//EN" "http://mybatis.org/dtd/mybatis-3-mapper.dtd">
<mapper namespace="com.sunline.sunfe.mybatis.dayend-newdate">
	<!-- 更新用户记账状态 -->
	<update id="updateUssatg" parameterType="java.util.HashMap">
		UPDATE pcmc_user SET Ussatg = '0'
    </update>
    <!-- 更新部门记账状态 -->
	<update id="updateBrsatg" parameterType="java.util.HashMap">
		UPDATE Com_Brch SET Brsatg = '0'
    </update>
    <!-- 调整系统日期 -->
	<update id="updateComStacDate" parameterType="java.util.HashMap">
	 UPDATE Com_Stac
            SET Glisdt = #{newdate},
                Acctdt = #{newdate},
                Bsnsdt = #{newdate},
                Stacst = 20
          WHERE Stacid = #{stacid}
    </update>
	<update id="updateComStacAcpd" parameterType="java.util.HashMap">
	 UPDATE Com_Stac
            SET Curtmh = #{curtmh},
                Closmh = #{closmh}
          WHERE Stacid = #{stacid}
    </update>
	<update id="updateComAcpdStatus" parameterType="java.util.HashMap">
	 UPDATE Com_Acpd
            SET status = '1'
          WHERE Stacid = #{stacid} and acptcd = #{closmh}
    </update>
    <!-- 开放下一日外围系统控制信息-->
	<update id="updateComSystDate" parameterType="java.util.HashMap">
	 UPDATE Com_Syst
            SET Systdt = #{newdate},
                Prepst = '0'
          WHERE Stacid = #{stacid}
            AND Systdt = #{glisdt}
            AND Valide = '1'
    </update>
    <!-- 更新jraf平台的sysDataDate参数-->
	<update id="updateSysDataDate" parameterType="java.util.HashMap">
        update sys_pub_para a set a.para_value = #{newdate}
         where a.para_code = 'sysDataDate' 
    </update>
</mapper>


