<?xml version="1.0" encoding="UTF-8"?>
<!DOCTYPE mapper PUBLIC "-//mybatis.org//DTD Mapper 3.0//EN" "http://mybatis.org/dtd/mybatis-3-mapper.dtd">
<mapper namespace="com.sunline.sunfe.mybatis.dayend-glbacctcheck">

    <select id="queryGlaChkSubl" parameterType="java.util.HashMap" resultType="java.util.HashMap">
         SELECT COUNT(1) as "count" FROM Gla_Chk_Subl WHERE Acctdt = #{glisdt}
    </select>

<!-- 	<select id="queryGlaglisByGlisdt"  parameterType="java.util.HashMap" resultType="java.util.HashMap">
	   SELECT g.itemcd itemcd,
	   		  g.crctbl crctbl,
	   		  g.drltbl drltbl
	   FROM gla_glis g
	  <where>
	   <if test="stacid != null and stacid !=''">
          AND stacid = #{stacid}
       </if>
        <if test="glisdt != null and glisdt !=''">
          AND ACCTDT = #{glisdt}
       </if>
     </where>
	</select> -->
    

	<!-- 查询业务登记薄提取余额配置 -->
	<select id="querySysacctconf"  parameterType="java.util.HashMap" resultType="com.sunline.sunfe.entity.SysAcctConf">
	    SELECT  STACID "stacid",
				DBSOUR "dbsour",
				TYPECO "typeco",
				TRPRCD "trprcd",
				CRCYCO "crcyco",
				BRCHCO "brchco",
				VALUCO "valuco",
				SMRYTX "smrytx",
				SQLSTR "sqlstr",
				USEDTP "usedtp"
		  FROM  SYS_ACCT_CONF
		<where>
		     <if test="stacid != null and stacid != ''">
		        AND STACID = #{stacid}
		     </if>
		     <if test="usedtp != null and usedtp != ''">
		        AND USEDTP = #{usedtp}
		     </if>
		     <if test="trprcd != null and trprcd != ''">
		        AND TRPRCD = #{trprcd}
		     </if>
		     <if test="dbsour != null and dbsour != ''">
		        AND DBSOUR = #{dbsour}
		     </if>
		</where>
	</select>
    <!-- 根据账套日期把数据从glb_acct 插入 glb_acct_book -->
    <insert id="insertGlbAcctBook" parameterType="java.util.HashMap">
        INSERT INTO GLB_ACCT_BOOK(STACID,SYSTID,ACCTDT,BRCHCD,CRCYCD,ITEMCD,BALANC)
		SELECT STACID,
		       SYSTID,
		       ACCTDT,
		       BRCHCD,
		       CRCYCD,
		       TYPECD,
		       SUM(BALANC)
		  FROM GLB_ACCT
		  where stacid = #{stacid}		 	   
			   AND ACCTDT = #{glisdt}
		 GROUP BY STACID,SYSTID,ACCTDT,BRCHCD,CRCYCD,TYPECD
    </insert>
    <!-- 根据账套日期把业务余额glb_glis_book的数据存入业务余额登记簿glb_acct_book -->
    <insert id="unloadGlbGlisBookToGlbAcctBook" parameterType="java.util.HashMap">
      INSERT INTO GLB_ACCT_BOOK(STACID,SYSTID,ACCTDT,BRCHCD,CRCYCD,ITEMCD,BALANC)
			SELECT a.STACID,
		       a.SYSTID,
		       a.ACCTDT,
		       a.BRCHCD,
		       a.CRCYCD,
		       a.ITEMCD,
		       sum(a.ONLNBL)
		  FROM GLB_GLIS_BOOK a
		 where
			 a.STACID = #{stacid}
			   AND a.ACCTDT = #{glisdt}
			   and not exists(select 1 from GLB_ACCT_BOOK b 
			   where a.stacid = b.stacid 
			   and a.systid = b.systid
			   and a.acctdt = b.acctdt
			   and a.brchcd = b.brchcd
			   and a.itemcd = b.itemcd)
		GROUP BY STACID,SYSTID,ACCTDT,BRCHCD,CRCYCD,ITEMCD
    </insert>
    
    <update id="updateBalance" parameterType="java.util.HashMap">
    	update GLB_ACCT_BOOK a
    		set a.balanc = a.balanc + b.ONLNBL
        where 
         a.STACID = #{stacid}
			   AND a.ACCTDT = #{glisdt}
			   and 
        exists(select 1 from GLB_GLIS_BOOK b 
			   where a.stacid = b.stacid 
			   and a.systid = b.systid
			   and a.acctdt = b.acctdt
			   and a.brchcd = b.brchcd
			   and a.itemcd = b.itemcd)
    </update>
    
    <!-- 核对分户汇总余额与总账科目余额不一致 -->
    <insert id="insertGlaChkSublRightBook" parameterType="java.util.HashMap">
         INSERT INTO Gla_Chk_Subl
                (Stacid,
                 Acctdt,
                 Brchcd,
                 Itemcd,
                 Systid,
                 Crcycd,
                 Balanc,
                 Onlnbl)
                SELECT DISTINCT Ga.Stacid,
                                Ga.Acctdt,
                                Ga.Brchcd,
                                Ga.Itemcd,
                                Ga.Systid,
                                Ga.Crcycd,
                                Abs(Nvl(Ga.Balanc,0)),
                                Abs(Nvl(Gl.Onlnbl,0))
                  FROM Glb_Acct_Book Ga
                  LEFT JOIN (SELECT DISTINCT a.Stacid,
                                             a.Systid,
                                             a.Acctdt,
                                             a.Brchcd,
                                             a.Itemcd,
                                             a.Crcycd,
                                             SUM(Onlnbl) AS Onlnbl
                               FROM Gla_Glis a
                             <![CDATA[      
                              WHERE a.Stacid = #{stacid}
                                AND a.Geldtp = #{geldtp}
                                AND a.acctdt = #{glisdt}  
                                ]]>
                              GROUP BY a.Stacid,
                                       a.Systid,
                                       a.Acctdt,
                                       a.Brchcd,
                                       a.Itemcd,
                                       a.Crcycd) Gl ON Ga.Stacid = Gl.Stacid
                                                   AND Ga.Systid = Gl.Systid
                                                   AND Gl.Acctdt = Ga.Acctdt
                                                   AND Ga.Brchcd = Gl.Brchcd
                                                   AND Ga.Crcycd = Gl.Crcycd
                                                   AND Ga.Itemcd = Gl.Itemcd
                 INNER JOIN Com_Item_Prpt Cp ON Ga.Stacid = Cp.Stacid
                                            AND Ga.Systid = Cp.Systid
                                            AND Ga.Itemcd = Cp.Itemcd
                                            AND Cp.Status = #{status}
                 <![CDATA[                            
                 WHERE Ga.Stacid = #{stacid}
                   AND Ga.Acctdt = #{glisdt}
                   AND Abs(Nvl(Ga.Balanc,0)) <> Abs(Nvl(Gl.Onlnbl,0))
                 ]]>          
    </insert>
    
    <!-- 核对有总账科目余额无分户汇总余额的记录 -->
    <insert id="insertGlaChkSublLeftBook" parameterType="java.util.HashMap">
         INSERT INTO Gla_Chk_Subl
                (Stacid,
                 Acctdt,
                 Brchcd,
                 Itemcd,
                 Systid,
                 Crcycd,
                 Balanc,
                 Onlnbl)
                SELECT DISTINCT Gl.Stacid,
                                Gl.Acctdt,
                                Gl.Brchcd,
                                Gl.Itemcd,
                                Gl.Systid,
                                Gl.Crcycd,
                                Abs(Nvl(Ga.Balanc,0)),
                                Abs(Nvl(Gl.Onlnbl,0))
                  FROM (SELECT DISTINCT a.Stacid,
                                        a.Systid,
                                        a.Acctdt,
                                        a.Brchcd,
                                        a.Itemcd,
                                        a.Crcycd,
                                        SUM(Onlnbl) AS Onlnbl
                          FROM Gla_Glis a
                         <![CDATA[      
                         WHERE a.Stacid = #{stacid}
                           AND a.Geldtp = #{geldtp}
                           AND a.acctdt = #{glisdt} 
                           ]]>
                         GROUP BY a.Stacid,
                                  a.Systid,
                                  a.Acctdt,
                                  a.Brchcd,
                                  a.Itemcd,
                                  a.Crcycd) Gl
                  LEFT JOIN Glb_Acct_Book Ga ON Ga.Stacid = Gl.Stacid
                                            AND Ga.Systid = Gl.Systid
                                            AND Gl.Acctdt = Ga.Acctdt
                                            AND Ga.Brchcd = Gl.Brchcd
                                            AND Ga.Crcycd = Gl.Crcycd
                                            AND Ga.Itemcd = Gl.Itemcd
                 INNER JOIN Com_Item_Prpt Cp ON Gl.Stacid = Cp.Stacid
                                            AND Gl.Systid = Cp.Systid
                                            AND Gl.Itemcd = Cp.Itemcd
                                            AND Cp.Status = #{status}
                 <![CDATA[                           
                 WHERE Gl.Stacid = #{stacid}
                   AND Gl.Acctdt = #{glisdt}
                   AND Abs(Nvl(Ga.Balanc,0)) <> Abs(Nvl(Gl.Onlnbl,0))
                   ]]>
                MINUS
                SELECT Stacid,Acctdt,Brchcd,Itemcd,Systid,Crcycd,Balanc,Onlnbl  FROM Gla_Chk_Subl
    </insert>
    <!-- 清除业务余额表历史数据 -->
    <delete id="deleteGlbAcct" parameterType="java.util.HashMap">
		  DELETE FROM  GLB_ACCT where stacid = #{stacid} and acctdt = #{glisdt}
    </delete> 
    <!-- 清除业务余额登记薄表历史数据 -->
    <delete id="deleteGlbAcctBook" parameterType="java.util.HashMap">
         <![CDATA[
		  DELETE FROM  GLB_ACCT_BOOK where stacid = #{stacid} AND ACCTDT = #{glisdt}
		]]>
    </delete> 
    <!-- 清除总分核对结果表历史数据 -->
    <delete id="deleteGlaChkSubl" parameterType="java.util.HashMap">
         <![CDATA[
		  DELETE FROM  GLA_CHK_SUBL where stacid = #{stacid} AND ACCTDT = #{glisdt}
		]]>
    </delete> 
    

</mapper>


