<?xml version="1.0" encoding="UTF-8"?>
<!DOCTYPE mapper PUBLIC "-//mybatis.org//DTD Mapper 3.0//EN" "http://mybatis.org/dtd/mybatis-3-mapper.dtd">
<mapper namespace="com.sunline.sunfe.mybatis.dayend-glbdeptbook">
   
	<update id="updateBySysTrcr" parameterType="java.util.HashMap">
	      <![CDATA[
	      UPDATE Glb_Dept_Book a
            SET a.Trprcd = Nvl((SELECT Nvl(b.Trprcd,
                                        'NI00')
                               FROM Sys_Trcr b
                              WHERE a.Loanp8 = b.Module
                                AND a.Trprcd = b.Lstrpr),
                             'NI00')
          where a.Trprcd IN (SELECT DISTINCT Lstrpr FROM Sys_Trcr)
           and  a.Acctdt = #{glisdt}
          ]]>
	</update>
	<update id="updateForBB" parameterType="java.util.HashMap">
	      UPDATE Glb_Dept_Book
             SET Trprcd = 'DP01'
           WHERE Acctdt = #{glisdt}
             AND Loanp8 = 'BB'
             AND Loanp2 = '1'
             AND Trprcd = '1'
	</update>
	<update id="updateForDC" parameterType="java.util.HashMap">
	      UPDATE Glb_Dept_Book
             SET Trprcd = 'DP01'
           WHERE Acctdt = #{glisdt}
             AND Loanp8 = 'DC'
             AND Loanp1 IN ('20', '40')
             AND Trprcd = '1'
	</update>
	<update id="updateForTACE" parameterType="java.util.HashMap">
	      UPDATE Glb_Dept_Book
             SET Trprcd = 'NI00'
           WHERE Acctdt = #{glisdt}
             AND Loanp8 IN ('TA', 'CE')
	</update>
	<update id="updateForLikeCA" parameterType="java.util.HashMap">
	      UPDATE Glb_Dept_Book
             SET Loanp9 = Prodcd
           WHERE Prodcd LIKE 'CA%'
             AND Acctdt = #{glisdt}
	</update>
	<update id="updateForCA" parameterType="java.util.HashMap">
	      <![CDATA[
	      UPDATE Glb_Dept_Book
             SET Loanp9 = Loanp8 || '01'
           WHERE Loanp8 <> 'CA'
             AND Acctdt = #{glisdt}
          ]]>   
	</update>
	<update id="updateForDP" parameterType="java.util.HashMap">
	      UPDATE Glb_Dept_Book
             SET Loanp9 = Loanp8 || Loanp1
           WHERE Loanp8 = 'DP'
             AND Acctdt = #{glisdt}
	</update>
	<update id="updateForCA0001" parameterType="java.util.HashMap">
	      UPDATE Glb_Dept_Book
             SET Loanp3 = '*'
           WHERE Loanp9 = 'CA0001'
             AND Loanp3 IS NULL
             AND Acctdt = #{glisdt}
	</update>
	<update id="updateForBA" parameterType="java.util.HashMap">
	      <![CDATA[
	      UPDATE Glb_Dept_Book
             SET Captal = -captal,
                 Intret = 3
           WHERE Captal <> 0
             AND Loanp8 = 'BA'
             AND Intret <> 3
             AND Acctdt = #{glisdt}
          ]]>   
	</update>
   <!--  <update id="updateForSysDtitMap" parameterType="java.util.HashMap">
	     <![CDATA[
			UPDATE Glb_Dept_Book a
			   SET a.Typecd =
			       (SELECT DISTINCT b.Dtitcd
			          FROM Sys_Dtit_Map b, Sys_Dtit_Conf c
			         WHERE b.Prodp1 = DECODE(c.prodp1, '1', a.Loanp1, '*')
			           AND b.Prodp2 = DECODE(c.prodp2, '1', a.Loanp2, '*')
			           AND b.Prodp3 = DECODE(c.prodp3, '1', a.Loanp3, '*')
			           AND b.Prodp4 = DECODE(c.prodp4, '1', a.Loanp4, '*')
			           AND b.Prodp5 = DECODE(c.prodp5, '1', a.Loanp5, '*')
			           AND b.Prodp6 = DECODE(c.prodp6, '1', a.Loanp6, '*')
			           AND b.Prodp7 = DECODE(c.prodp7, '1', a.Loanp7, '*')
			           AND b.Prodp8 = '*'
			           AND b.Prodp9 = '*'
			           AND b.Prodpa = '*'
			           AND b.Prodcd = c.Prodcd)
			 WHERE a.Acctdt = #{glisdt}
			   AND a.Loanp8 <> 'TA'
			   and exists
			 (SELECT 1 FROM Sys_Dtit_Conf d where a.Loanp9 = d.Prodcd)
		   ]]>
	</update>   -->
	<!-- 更新核算代码 -->
	 <update id="updateTypecdForSysDtitMap" parameterType="java.util.HashMap">
	     <![CDATA[
			UPDATE Glb_Dept_Book a
			   SET a.Typecd =
			       (SELECT DISTINCT b.Dtitcd
			          FROM Sys_Dtit_Map b, Sys_Dtit_Conf c
			         WHERE b.Prodp1 = DECODE(c.prodp1, '1', a.Loanp1, '*')
			           AND b.Prodp2 = DECODE(c.prodp2, '1', a.Loanp2, '*')
			           AND b.Prodp3 = DECODE(c.prodp3, '1', a.Loanp3, '*')
			           AND b.Prodp4 = DECODE(c.prodp4, '1', a.Loanp4, '*')
			           AND b.Prodp5 = DECODE(c.prodp5, '1', a.Loanp5, '*')
			           AND b.Prodp6 = DECODE(c.prodp6, '1', a.Loanp6, '*')
			           AND b.Prodcd = c.Prodcd
			           AND c.stacid = a.stacid
			           and a.prodcd = b.prodcd)
			 WHERE a.Acctdt = #{glisdt}
			   and a.stacid = #{stacid}
			   and a.loanp8 <> 'TA'
			   and exists
			 (SELECT 1 FROM Sys_Dtit_Conf d where a.prodcd = d.Prodcd AND d.stacid = a.stacid)
		   ]]>
	</update> 
	<!-- 删除不存在的核算码 -->
	<delete id="deleteNonTypecd" parameterType="java.util.HashMap">
		DELETE FROM Glb_Dept_Book a
             WHERE a.Stacid = #{stacid} and (a.Typecd, a.Trprcd) NOT IN
                   (SELECT 
                           Typecd,
                           (CASE a.Trprcd
                               WHEN 'NI00' THEN
                                a.Trprcd
                               ELSE
                                Trprcd
                           END)
                      FROM Sys_Dtit where stacid = a.stacid)
	</delete> 
	
	<update id="updateItemcdWithSysDtit" parameterType="java.util.HashMap">
	      UPDATE Glb_Dept_Book a
             SET a.Itemcd = (SELECT DISTINCT Itemcd
                               FROM Sys_Dtit
                              WHERE Stacid = a.Stacid
                                AND Typecd = a.Typecd
                                AND Trprcd = a.Trprcd)
           WHERE a.Acctdt = #{glisdt} 
           and a.stacid = #{stacid}
	</update>
	<select id="querySysDeptBook" parameterType="java.util.HashMap" resultType="com.sunline.sunfe.entity.GlbDeptBook">
	      select * from glb_dept_book
	</select>
</mapper>


