<?xml version="1.0" encoding="UTF-8"?>
<!DOCTYPE mapper PUBLIC "-//mybatis.org//DTD Mapper 3.0//EN" "http://mybatis.org/dtd/mybatis-3-mapper.dtd">
<mapper namespace="com.sunline.sunfe.mybatis.dayend-interfacefeedback">
	<!-- 查找有错误批次 -->		
    <select id="getErrorGloImdtList" parameterType="java.util.HashMap" resultType="java.util.HashMap">		
       	select t.stacid "stacid",
       		   t.bathid "bathid",t.status "status", 
       	       t.sourst "sourst",t.plancd "plancd",
       	       t.sourdt "sourdt",t.datach "certno"
       	  from glo_imdt t where
       		   t.status in('2','B','F','J') 
       	   and t.sourdt = #{sourdt} 
       	   and t.stacid = #{stacid}  
	</select>
	
	
	 <select id="queryTablename" parameterType="java.util.HashMap" resultType="java.lang.String">	
	 
		 select entina "tablename" from gli_imp where stacid = #{stacid} and systid=#{sourst} and certno=#{certno}
	 
	 </select>

	<!-- 查找导入错误日志 -->		
	<select id="qryImpEroLog" parameterType="java.util.HashMap" resultType="java.lang.String">
		  select b.imerlg from gli_dtlg b where b.bathid=#{bathid}  and  b.stacid = #{stacid}  and systid=#{sourst}
	</select>
	
		<!-- 查找加工错误日志 -->		
	<select id="qryProEroLog" parameterType="java.util.HashMap" resultType="java.lang.String">
		  select a.prerlg from gli_balg a where a.bathid= #{bathid} and  a.stacid = #{stacid} 
	</select>
	
		<!-- 查找有错误的交易流水批次 -->		
	<select id="qryLoanByBathidAndSourdt" parameterType="java.util.HashMap" resultType="java.util.HashMap">		
      SELECT a.stacid "stacid",
             a.systid "systid",
             a.trandt "trandt",
             a.transq "transq",
             a.serino "vchrsq",
             a.status "status" 
      FROM loan_busi a
     WHERE   a.stacid=#{stacid} and a.systid=#{sourst}  and a.trandt=#{sourdt}  and a.bathid=#{bathid} 	
     	  
	</select>
	
	<!-- 查找有错误的会计流水批次 -->		
	<select id="qryGliByBathidAndSourdt" parameterType="java.util.HashMap" resultType="java.util.HashMap">		
      SELECT a.stacid "stacid",
             a.sourst "systid",
             a.sourdt "trandt",
             a.soursq "transq",
             a.vchrsq "vchrsq",
             a.itemcd "itemcd",
             a.transt "status"
      FROM Gli_Vchr a
     WHERE a.stacid=#{stacid} and  a.sourst=#{sourst} and a.sourdt=#{sourdt} and a.bathid=#{bathid} 
	</select>
	
	<select id="querySystid" parameterType="java.util.HashMap" resultType="java.util.HashMap">
        select distinct systid "systid"  from  gla_chk_subl 
        <where> 
       		 <if test="stacid != null and stacid != ''">
				AND Stacid =#{stacid}
			  </if>
			   <if test="trandt != null and trandt != ''">
				AND acctdt=#{trandt}
			  </if>
	 	</where> 
	</select>
	
	<select id="querySublList" parameterType="java.util.HashMap" resultType="java.util.HashMap">
       select stacid "stacid",acctdt "acctdt",brchcd "brchcd",
              itemcd "itemcd",systid "systid",balanc "balanc",
              onlnbl "onlnbl",crcycd "crcycd",status "status" 
       from gla_chk_subl where systid=#{systid} and stacid=#{stacid} and acctdt=#{trandt}
	  </select>
	
</mapper>


