<?xml version="1.0" encoding="UTF-8"?>
<!DOCTYPE mapper PUBLIC "-//mybatis.org//DTD Mapper 3.0//EN" "http://mybatis.org/dtd/mybatis-3-mapper.dtd">
<mapper namespace="com.sunline.sunfe.mybatis.dtitmap">
       <!-- 查询产品对应属性映射列表 -->
       <select id="queryDtitMaplistPage" parameterType="java.util.HashMap" resultType="java.util.HashMap">
               SELECT  PRODCD AS "prodcd",
                       PRODP1 AS "prodp1",
                       PRODP2 AS "prodp2",
                       PRODP3 AS "prodp3",
                       PRODP4 AS "prodp4",
                       PRODP5 AS "prodp5",
                       PRODP6 AS "prodp6",
                       PRODP7 AS "prodp7",
                       PRODP8 AS "prodp8",
                       PRODP9 AS "prodp9",
                       PRODPA AS "prodpa",
                       DTITCD AS "dtitcd"
               FROM    SYS_DTIT_MAP 
               <where>
                     <if test="prodcd != null and prodcd != ''">
                        AND PRODCD LIKE '%'||#{prodcd}||'%'
                     </if>
                     <if test="prodpa != null and prodpa != ''">
						AND PRODPA LIKE '%'||#{prodpa}||'%'
					 </if>
               </where>
       </select>
       <!-- 查询产品对应属性映射详情 -->
       <select id="queryDtitMapInfo" parameterType="java.util.HashMap" resultType="java.util.HashMap">
               SELECT  PRODCD AS "prodcd",
                       PRODP1 AS "prodp1",
                       PRODP2 AS "prodp2",
                       PRODP3 AS "prodp3",
                       PRODP4 AS "prodp4",
                       PRODP5 AS "prodp5",
                       PRODP6 AS "prodp6",
                       PRODP7 AS "prodp7",
                       PRODP8 AS "prodp8",
                       PRODP9 AS "prodp9",
                       PRODPA AS "prodpa",
                       DTITCD AS "dtitcd"
               FROM    SYS_DTIT_MAP 
               WHERE   PRODCD = #{prodcd} AND PRODP1 = #{prodp1} AND PRODP2 = #{prodp2} AND PRODP3 = #{prodp3} AND PRODP4 = #{prodp4}  
                 AND   PRODP5 = #{prodp5} AND PRODP6 = #{prodp6} AND PRODP7 = #{prodp7} AND PRODP8 = #{prodp8} AND PRODP9 = #{prodp9}
                 <if test="dtitcd != null and dtitcd != ''">
                 AND DTITCD = #{dtitcd}  
                </if> 
       </select>
       <!-- 新增产品对应属性映射 -->
       <insert id="addDtitMap" parameterType="java.util.HashMap">
               INSERT INTO SYS_DTIT_MAP
               (PRODCD,PRODP1,PRODP2,PRODP3,PRODP4,PRODP5,PRODP6,PRODP7,PRODP8,PRODP9,PRODPA,DTITCD)
               VALUES
               (#{prodcd},#{prodp1},#{prodp2},#{prodp3},#{prodp4},#{prodp5},#{prodp6},#{prodp7},#{prodp8},#{prodp9},#{prodpa},#{dtitcd})
       </insert>
       <!-- 校验产品对应属性映射是否已存在 -->
	   <select id="checkExistDtitMap" parameterType="java.util.HashMap" resultType="java.util.HashMap">
	           <![CDATA[
				SELECT  COUNT(*) AS CC FROM SYS_DTIT_MAP
				]]>
				 WHERE  PRODCD = #{prodcd} AND PRODP1 = #{prodp1} AND PRODP2 = #{prodp2} AND PRODP3 = #{prodp3} AND PRODP4 = #{prodp4}  
                 AND    PRODP5 = #{prodp5} AND PRODP6 = #{prodp6} AND PRODP7 = #{prodp7} AND PRODP8 = #{prodp8} AND PRODP9 = #{prodp9}
                 AND    PRODPA = #{prodpa} 
                <if test="dtitcd != null and dtitcd != ''">
                 AND DTITCD = #{dtitcd}  
                </if> 
       </select>
       <!-- 删除产品对应属性映射 -->
       <delete id="deleteDtitMap" parameterType="java.util.HashMap">
               <![CDATA[
				DELETE  FROM   SYS_DTIT_MAP
				]]>
				 WHERE  PRODCD = #{prodcd} AND PRODP1 = #{prodp1} AND PRODP2 = #{prodp2} AND PRODP3 = #{prodp3} AND PRODP4 = #{prodp4}  
                 AND    PRODP5 = #{prodp5} AND PRODP6 = #{prodp6} AND PRODP7 = #{prodp7} AND PRODP8 = #{prodp8} AND PRODP9 = #{prodp9}
                 AND    PRODPA = #{prodpa} 
                <if test="dtitcd != null and dtitcd != ''">
                 AND DTITCD = #{dtitcd}  
                </if>  
       </delete>
       <!-- 修改产品对应属性映射 -->
       <update id="updateDtitMap" parameterType="java.util.HashMap">
		UPDATE SYS_DTIT_MAP  SET
			    PRODCD = #{prodcd },
				PRODP1 = #{prodp1 },
				PRODP2 = #{prodp2 },
				PRODP3 = #{prodp3 },
				PRODP4 = #{prodp4 },
				PRODP5 = #{prodp5 },
				PRODP6 = #{prodp6 },
				PRODP7 = #{prodp7 },
				PRODP8 = #{prodp8 },
				PRODP9 = #{prodp9 },
				PRODPA = #{prodpa },
				DTITCD = #{dtitcd }
	      WHERE  PRODCD = #{prodcd01} AND PRODP1 = #{prodp11} AND PRODP2 = #{prodp22} AND PRODP3 = #{prodp33} 
	      AND  PRODP4 = #{prodp44} AND    PRODP5 = #{prodp55} AND PRODP6 = #{prodp66} AND PRODP7 = #{prodp77} 
	      AND  PRODP8 = #{prodp88} AND PRODP9 = #{prodp99} AND PRODPA = #{prodpa01}	
	      <if test="dtitcd01 != null and dtitcd01 != ''">
               AND DTITCD = #{dtitcd01}  
          </if>		
	</update>
</mapper>


