<?xml version="1.0" encoding="UTF-8"?>
<!DOCTYPE mapper PUBLIC "-//mybatis.org//DTD Mapper 3.0//EN" "http://mybatis.org/dtd/mybatis-3-mapper.dtd">
<mapper namespace="com.sunline.sunfe.mybatis.dtitconf">
      <!-- 查询产品对应属性启用列表 -->
      <select id="queryDtitConflistPage" parameterType="java.util.HashMap" resultType="java.util.HashMap">
               SELECT  STACID AS "stacid",
                       PRODCD AS "prodcd",
                       PRODP1 AS "prodp1",
                       PRODP2 AS "prodp2",
                       PRODP3 AS "prodp3",
                       PRODP4 AS "prodp4",
                       PRODP5 AS "prodp5",
                       PRODP6 AS "prodp6",
                       PRODP7 AS "prodp7",
                       PRODP8 AS "prodp8",
                       PRODP9 AS "prodp9",
                       PRODPA AS "prodpa"
               FROM    SYS_DTIT_CONF 
               <where>
                     <if test="prodcd != null and prodcd != ''">
                        AND PRODCD LIKE '%'||#{prodcd}||'%'
                     </if>
                     <if test="prodpa != null and prodpa != ''">
						AND PRODPA LIKE '%'||#{prodpa}||'%'
					 </if>
               </where>
       </select>
      <select id="queryDtitConfInfo" parameterType="java.util.HashMap" resultType="java.util.HashMap">
               SELECT  STACID AS "stacid",
                       PRODCD AS "prodcd",
                       PRODP1 AS "prodp1",
                       PRODP2 AS "prodp2",
                       PRODP3 AS "prodp3",
                       PRODP4 AS "prodp4",
                       PRODP5 AS "prodp5",
                       PRODP6 AS "prodp6",
                       PRODP7 AS "prodp7",
                       PRODP8 AS "prodp8",
                       PRODP9 AS "prodp9",
                       PRODPA AS "prodpa"
               FROM    SYS_DTIT_CONF 
               <where>
                     <if test="prodcd != null and prodcd != ''">
                        AND PRODCD = #{prodcd}
                     </if>
                     <if test="prodpa != null and prodpa != ''">
						AND STACID = #{stacid}
					 </if>
               </where>
       </select>
       <!-- 新增产品对应属性启用 -->
       <insert id="addDtitConf" parameterType="java.util.HashMap">
               INSERT INTO SYS_DTIT_CONF
               (PRODCD,PRODP1,PRODP2,PRODP3,PRODP4,PRODP5,PRODP6,PRODP7,PRODP8,PRODP9,PRODPA,STACID)
               VALUES
               (#{prodcd},#{prodp1},#{prodp2},#{prodp3},#{prodp4},#{prodp5},#{prodp6},#{prodp7},#{prodp8},#{prodp9},#{prodpa},#{stacid})
       </insert>
       <!-- 校验产品对应属性启用是否已存在 -->
	   <select id="checkExistDtitConf" parameterType="java.util.HashMap" resultType="java.util.HashMap">
           <![CDATA[
			SELECT  COUNT(*) AS CC FROM SYS_DTIT_CONF
			]]>
				<where>
                     <if test="prodcd != null and prodcd != ''">
                        AND PRODCD = #{prodcd}
                     </if>
                     <if test="prodpa != null and prodpa != ''">
						AND STACID = #{stacid}
					 </if>
                </where>
       </select>
       <!-- 修改产品对应属性启用信息 -->
       <update id="updateDtitConf" parameterType="java.util.HashMap">
             UPDATE SYS_DTIT_CONF SET PRODP1 = #{prodp1},
	                                  PRODP2 = #{prodp2},
	                                  PRODP3 = #{prodp3},
	                                  PRODP4 = #{prodp4},
	                                  PRODP5 = #{prodp5},
	                                  PRODP6 = #{prodp6},
	                                  PRODP7 = #{prodp7},
	                                  PRODP8 = #{prodp8},
	                                  PRODP9 = #{prodp9},
	                                  PRODPA = #{prodpa}
            WHERE  STACID = #{stacid} AND PRODCD = #{prodcd}                   
       </update>
        <!-- 删除产品对应属性启用 -->
       <delete id="deleteDtitConf" parameterType="java.util.HashMap">
            <![CDATA[
			DELETE  FROM   SYS_DTIT_CONF
			]]>
			   <where>
	               <if test="stacid != null and stacid != ''">
	                   AND STACID = #{stacid}  
	               </if>  
                   <if test="prodcd != null and prodcd != ''">
                       AND PRODCD = #{prodcd}
                   </if>  
               </where>  
       </delete>
</mapper>


