<?xml version="1.0" encoding="UTF-8"?>
<!DOCTYPE mapper PUBLIC "-//mybatis.org//DTD Mapper 3.0//EN" "http://mybatis.org/dtd/mybatis-3-mapper.dtd">
<mapper namespace="com.sunline.sunfe.mybatis.dtit">
       <!-- 查询科目代码列表 -->
       <select id="queryItemlistPage" parameterType="java.util.HashMap" resultType="java.util.HashMap">
               SELECT  STACID AS "stacid",
                       ITEMCD AS "itemcd",
                       ITEMNA AS "itemna",
                       ITEMTP AS "itemtp",
                       ITEMDN AS "itemdn",
                       DETLTG AS "detltg"
               FROM    COM_ITEM 
               <where>
                     <if test="stacid != null and stacid != ''">
                        AND stacid = #{stacid}
                     </if>
                     <if test="detltg != null and detltg != ''">
                        AND detltg = #{detltg}
                     </if>
                     <if test="itemtp != null and itemtp != ''">
                        AND ITEMTP LIKE '%'||#{itemtp}||'%'
                     </if>
                     <if test="itemna != null and itemna != ''">
						AND ITEMNA LIKE '%'||#{itemna}||'%'
					 </if>
                     <if test="itemcd != null and itemcd != ''">
						AND ITEMCD LIKE '%'||#{itemcd}||'%'
					 </if>
               </where>
       </select>
       <!-- 查询核算配置列表 -->
	   <select id="queryDtitlistPage" parameterType="java.util.HashMap" resultType="java.util.HashMap">
	           SELECT  DT.STACID AS "stacid",
	                   DT.TYPECD AS "typecd",
	                   DT.TRPRCD AS "trprcd",
	                   TR.TRPRNA AS "trprna",
	                   DT.ITEMCD AS "itemcd",
	                   DT.REITEM AS "reitem",
	                   DT.USEDTP AS "usedtp",
	                   DT.EFCTDT AS "efctdt",
	                   DT.INEFDT AS "inefdt",
	                   DT.DESCTX AS "desctx",
	                   DT.module as "module"
	           FROM    SYS_DTIT DT 
	           		   left JOIN COM_ITEM IT ON DT.ITEMCD = IT.ITEMCD AND DT.STACID = IT.STACID
	                   left JOIN SYS_TRPR TR ON DT.TRPRCD = TR.TRPRCD and DT.MODULE = TR.MODULE
	           <where>
	           			DT.STACID = #{stacid}
	                <if test="itemcd != null and itemcd != ''">
						AND (DT.ITEMCD LIKE '%'||#{itemcd}||'%' OR IT.ITEMNA  LIKE '%'||#{itemcd}||'%')
					</if>
					<if test="trprna != null and trprna != ''">
						AND (DT.TRPRCD LIKE '%'||#{trprna}||'%' OR TR.TRPRNA LIKE '%'||#{trprna}||'%')
					</if>  
					<if test="typecd != null and typecd != ''">
						AND DT.TYPECD LIKE  #{typecd} escape '\'
					</if>  
	           </where>        
       </select>
       <!-- 查询核算配置列表  启用状态 -->
	   <select id="dtitLookupSinglistPage" parameterType="java.util.HashMap" resultType="java.util.HashMap">
	           SELECT  DT.STACID AS "stacid",
	                   DT.TYPECD AS "typecd",
	                   DT.TRPRCD AS "trprcd",
	                   TR.TRPRNA AS "trprna",
	                   DT.ITEMCD AS "itemcd",
	                   IT.ITEMNA AS "itemna",
	                   DT.REITEM AS "reitem",
	                   DT.USEDTP AS "usedtp",
	                   DT.EFCTDT AS "efctdt",
	                   DT.INEFDT AS "inefdt",
	                   DT.DESCTX AS "desctx",
	                   DT.module as "module"
	           FROM    SYS_DTIT DT LEFT JOIN COM_ITEM IT ON DT.ITEMCD = IT.ITEMCD AND DT.STACID = IT.STACID
	                   LEFT JOIN SYS_TRPR TR ON DT.TRPRCD = TR.TRPRCD
	           <where>
	           			DT.STACID = #{stacid}
	                <if test="itemna != null and itemna != ''">
						AND IT.ITEMNA LIKE '%'||#{itemna}||'%' OR IT.ITEMCD LIKE '%'||#{itemna}||'%'
					</if>
					<if test="typecd != null and typecd != ''">
						AND DT.TYPECD LIKE '%'||#{typecd}||'%'
					</if>  
					    AND DT.USEDTP = '1'
	           </where>        
       </select>
       <!-- 查询核算配置详情 -->
	   <select id="queryDtitInfo" parameterType="java.util.HashMap" resultType="java.util.HashMap">
	           SELECT  DT.STACID AS "stacid",
	                   DT.TYPECD AS "typecd",
	                   TR.TRPRCD AS "trprcd",
	                   TR.TRPRNA AS "trprna",
	                   IT.ITEMCD AS "itemcd",
	                   IT.ITEMNA AS "itemna",
	                   DT.REITEM AS "reitem",
	                   DT.USEDTP AS "usedtp",
	                   DT.EFCTDT AS "efctdt",
	                   DT.INEFDT AS "inefdt",
	                   DT.DESCTX AS "desctx",
	                    DT.module as "module"
	           FROM    SYS_DTIT DT LEFT JOIN COM_ITEM IT ON DT.ITEMCD = IT.ITEMCD AND DT.STACID = IT.STACID
	                   LEFT JOIN SYS_TRPR TR ON DT.TRPRCD = TR.TRPRCD
	           <where>
	           			DT.STACID = #{stacid}
					<if test="typecd != null and typecd != ''">
						AND DT.TYPECD = #{typecd}
					</if>  
					<if test="trprcd != null and trprcd != ''">
						AND DT.TRPRCD = #{trprcd}
					</if>  
	           </where>        
       </select>
       <!-- 校验核算配置是否已存在 -->
	   <select id="checkExistDtit" parameterType="java.util.HashMap" resultType="java.util.HashMap">
	           <![CDATA[
				SELECT COUNT(*) AS CC FROM SYS_DTIT
				]]>
	           <where>
	           			STACID = #{stacid}
					<if test="typecd != null and typecd != ''">
						AND TYPECD = #{typecd}
					</if>  
					<if test="trprcd != null and trprcd != ''">
						AND TRPRCD = #{trprcd}
					</if>
					<if test="module != null and module != ''">
						AND module = #{module}
					</if>    
	           </where>        
       </select>
       <!-- 新增核算配置 -->
       <insert id="addDtit" parameterType="java.util.HashMap">
               INSERT INTO SYS_DTIT
               (STACID,TYPECD,TRPRCD,ITEMCD,REITEM,USEDTP,EFCTDT,INEFDT,DESCTX,module)
               VALUES
               (#{stacid},#{typecd},#{trprcd},#{itemcd},#{itemna},#{usedtp},#{efctdt},#{inefdt},#{desctx},#{module})
       </insert>
       <!-- 修改核算配置 -->
       <update id="updateDtit" parameterType="java.util.HashMap">
               UPDATE SYS_DTIT SET 
                                   ITEMCD = #{itemcd},
                                   REITEM = #{itemna},
                                   USEDTP = #{usedtp},
                                   EFCTDT = #{efctdt},
                                   INEFDT = #{inefdt},
                                   DESCTX = #{desctx}
			               WHERE   STACID = #{stacid} 
			              	  AND  TYPECD = #{typecd} 
			              	  AND  TRPRCD = #{trprcd}                   
       </update>
       <!-- 删除核算配置信息 -->
       <delete id="deleteDtit" parameterType="java.util.HashMap">
               <![CDATA[
				DELETE  FROM   SYS_DTIT
				]]>
	           <where>
	           			STACID = #{stacid}
					<if test="typecd != null and typecd != ''">
						AND TYPECD = #{typecd}
					</if>  
					<if test="trprcd != null and trprcd != ''">
						AND TRPRCD = #{trprcd}
					</if>  
					<if test="stacid != null and stacid != ''">
						AND STACID = #{stacid}
					</if>  
	           </where> 
       </delete>
</mapper>


