<?xml version="1.0" encoding="UTF-8"?>
<!DOCTYPE mapper PUBLIC "-//mybatis.org//DTD Mapper 3.0//EN" "http://mybatis.org/dtd/mybatis-3-mapper.dtd">
<mapper namespace="com.sunline.sunfe.mybatis.fmbcntr">
    <!-- 查询合同信息 -->
    <select id="queryFmbCntrInfolistPage" parameterType="java.util.HashMap" resultType="java.util.HashMap">
        SELECT STACID "stacid",CNTRNO "cntrno", APLYDT "aplydt", APLYSQ "aplysq", BRCHNO "brchno", UPPRBR "upprbr", USERID "userid", CNTRTP "cntrtp", CNTRCL "cntrcl", CRCYCD "crcycd", TERMCD "termcd", INSTRT
        "instrt", CNTRAM "cntram", CNTRBL "cntrbl", BGINDT "bgindt", MATUDT "matudt", RENWTG
        "renwtg", TRANST "transt", ACPTDT "acptdt", ACPTSQ "acptsq", REMARK "remark", WKFLID "wkflid" FROM FMB_CNTR
        WHERE STACID=#{stacid} AND TRANST=#{transt} AND CNTRBL>0
        <if test="bgindt!=null and bgindt!=''">
            AND BGINDT=#{bgindt}
        </if>
        <if test="matudt!=null and matudt!=''">
            AND MATUDT=#{matudt}
        </if>
    </select>
    
    <update id="updateFmbCntr" parameterType="java.util.HashMap">
        UPDATE FMB_CNTR SET CNTRBL=0,TRANST='0' WHERE STACID=#{stacid} AND CNTRNO=#{cntrno}
    </update>
    
    
    <insert id="insertFmbCntr" parameterType="com.sunline.sunfe.entity.FmbCntr">
    insert into fmb_cntr
  (stacid,cntrno, aplydt, aplysq, brchno, upprbr, userid, cntrtp, cntrcl, crcycd, termcd, instrt, cntram, cntrbl, bgindt, matudt, renwtg, transt, acptdt, acptsq, remark, wkflid)
values
  (#{stacid},#{cntrno}, #{aplydt}, #{aplysq,jdbcType=VARCHAR}, #{brchno}, #{upprbr}, #{userid,jdbcType=VARCHAR}, #{cntrtp}, #{cntrcl}, #{crcycd}, #{termcd,jdbcType=VARCHAR}, #{instrt}, #{cntram}, #{cntrbl}, #{bgindt,jdbcType=VARCHAR}, #{matudt,jdbcType=VARCHAR}, #{renwtg ,jdbcType=VARCHAR}, #{transt}, #{acptdt ,jdbcType=VARCHAR}, #{acptsq ,jdbcType=VARCHAR}, #{remark ,jdbcType=VARCHAR}, #{wkflid,jdbcType=BIGINT})
    </insert>
    
    <!--支取归还后 更新合同状态 -->
   <update id="updateFmbCntrAfterAppl" parameterType="java.util.HashMap">
  	<![CDATA[    UPDATE Fmb_Cntr
              SET Cntrbl = Cntrbl - #{drrtam},
                Bgindt = #{bgindt}, 
                  Transt = CASE WHEN Cntrbl - #{drrtam} <= 0 THEN '0' ELSE Transt END
                                         WHERE Cntrno = #{cntrno} and stacid = #{stacid}]]>
   </update>
   
   	<!-- 查询未到期合同余额总和 -->
	<select id="queryFmb_CntrSumfamNotDue" parameterType="java.util.HashMap"
		resultType="java.util.HashMap">
	   SELECT COUNT(1) "fmbcntrcount",
                                   SUM(Cntrbl) "sumfam"
                              FROM Fmb_Cntr
                           <where>
                               AND stacid = #{stacid}
                               AND Cntrtp = #{cntrtp}
                               AND Matudt > #{matudt}
                               AND Cntrbl > 0
                               AND Transt = #{transt}
                               AND Crcycd = #{crcycd}
                               AND Brchno = #{brchno}
                               </where>
	</select>
	<!-- 查询未到期合同，按申请日期逆序排序-->
	<select id="queryFmb_CntrNotDue" parameterType="java.util.HashMap"
		resultType="com.sunline.sunfe.entity.FmbCntr">
	   SELECT  *
                              FROM Fmb_Cntr
                             WHERE Cntrtp = #{cntrtp}
                               AND Matudt > #{matudt}
                               AND Cntrbl > 0
                               AND Transt = #{transt}
                               AND Crcycd = #{crcycd}
                               AND Brchno = #{brchno}
                                ORDER BY Aplydt DESC
	</select>
	
	<!-- 资金合同查询 -->
	<select id="queryFmbCntrlistPage" parameterType="java.util.HashMap" resultType="java.util.HashMap">
 	select a.cntrno "cntrno" ,a.cntrtp "cntrtp" ,a.cntrcl "cntrcl",a.transt "transt",a.brchno "brchno",b.brchna "brchna",a.crcycd "crcycd",a.termcd "termcd",a.instrt "instrt",a.bgindt "bgindt",a.matudt "matudt",a.renwtg "renwtg",a.cntram "cntram",a.cntrbl "cntrbl",a.acptdt "acptdt",a.acptsq "acptsq",a.remark "remark",a.userid "userid",c.usercd "usercd" from fmb_cntr a left join gla_tran c on(a.acptdt=c.trandt and a.acptsq=c.transq and a.stacid = c.stacid),com_brch b 
	<where>
	a.STACID IN @BASERESC_TP_20  and a.stacid = b.stacid and a.brchno=b.brchcd  and b.rltstp = '1'
	<if test="stacid != null and stacid != ''">
       and a.stacid =#{stacid}
    </if>
    <if test="cntrno != null and cntrno != ''">
	   and a.cntrno like '%'||#{cntrno}||'%'
	</if>
	<if test="cntrtp != null and cntrtp != ''">
	   and a.cntrtp =#{cntrtp}
	</if>
	<if test="cntrcl != null and cntrcl != ''">
	   and a.cntrcl =#{cntrcl}
	</if>
	<if test="transt != null and transt != ''">
	   and a.transt =#{transt}
	</if>
	<if test="brchno != null and brchno != ''">
	   and a.brchno =#{brchno}
	</if>
	<if test="matudtBegin != null and matudtBegin != ''">
	   <![CDATA[ and a.matudt >=#{matudtBegin} ]]>
	</if>
	<if test="matudtEnd != null and matudtEnd != ''">
	   <![CDATA[ and a.matudt <=#{matudtEnd} ]]>
	</if>
	<if test="mincntram != null and mincntram != ''">
	   and a.cntram <![CDATA[>=]]>#{mincntram}
	</if>
	<if test="maxcntram != null and maxcntram != ''">
	   and a.cntram <![CDATA[<=]]>#{maxcntram}
	</if>
	<if test="aplydtBegin != null and aplydtBegin != ''">
	   and a.aplydt >=#{aplydtBegin}
	</if>
	<if test="aplydtEnd != null and aplydtEnd != ''">
	   <![CDATA[ and a.aplydt <=#{aplydtEnd} ]]>
	</if>
	</where>
	
	</select>
	
    <select id="queryFmbCntrInfo" parameterType="java.util.HashMap" resultType="java.util.HashMap">
         SELECT STACID "stacid", CNTRNO "cntrno", APLYDT "aplydt", APLYSQ "aplysq",
         BRCHNO "brchno", UPPRBR "upprbr", USERID "userid", CNTRTP "cntrtp",
         CNTRCL "cntrcl", CRCYCD "crcycd", TERMCD "termcd", INSTRT "instrt",
         CNTRAM "cntram", CNTRBL "cntrbl", BGINDT "bgindt", MATUDT "matudt",
         RENWTG "tenwtg", TRANST "transt", ACPTDT "acptdt", ACPTSQ "acptsq",
         REMARK "remark", WKFLID "wkflid" FROM FMB_CNTR WHERE STACID IN @BASERESC_TP_20
         <if test="stacid!=null and stacid!=''">
            AND STACID=#{stacid}
         </if>
          <if test="cntrno!=null and cntrno!=''">
            AND CNTRNO=#{cntrno}
         </if>
    </select>
    
    <!-- 查询合同结息金额 -->
     <select id="queryFmbCntrInterest" parameterType="java.util.HashMap" resultType="java.util.HashMap">
        SELECT     cntrno "cntrno",
                   cntrcl "cntrcl",
                   brchno "brchno",
                   cntrtp "cntrtp",
                   crcycd "crcycd",
                   instrt "instrt",
                   cntrbl "cntrbl",
                   termcd "termcd",
                   bgindt "bgindt",
                   Round(Cntrbl * 1 * Instrt / 36000,
                         2) "instam"
              FROM Fmb_Cntr
             WHERE Transt = #{transt} --生效
               AND Matudt > #{matudt} --未到期(到期有其他日终步骤处理)
               AND Cntrbl > 0
     </select>
</mapper> 