<?xml version="1.0" encoding="UTF-8"?>
<!DOCTYPE mapper PUBLIC "-//mybatis.org//DTD Mapper 3.0//EN" "http://mybatis.org/dtd/mybatis-3-mapper.dtd">
<mapper namespace="com.sunline.sunfe.mybatis.fmbdrrt">
    <!-- 查询合同信息 -->
    <select id="queryFmbDrrtInfolistPage" parameterType="java.util.HashMap" resultType="java.util.HashMap">
        SELECT STACID "stacid",DRRTNO "drrtno",
        CNTRNO "cntrno",DATATP "datatp",BRCHNO "brchno",
        UPPRBR "upprbr",USERID "userid",APLYDT "aplydt",
        APLYSQ "aplysq",APLYAM "aplyam",TRANST "transt",
        ACPTDT "acptdt",ACPTSQ "acptsq",REMARK "remark",
        WKFLID "wkflid" FROM FMB_DRRT WHERE STACID IN @BASERESC_TP_20
         <if test="stacid!=null and stacid!=''">
            AND STACID=#{stacid}
         </if>
          <if test="cntrno!=null and cntrno!=''">
            AND CNTRNO=#{cntrno}
         </if>
         <if test="drrtno!=null and drrtno!=''">
            AND DRRTNO=#{drrtno}
         </if>
    </select>
    <!-- DB2 -->
    <select id="selectDB2SequenceId" parameterType="java.util.HashMap" resultType="java.util.HashMap">
        SELECT (NEXTVAL FOR ${sequenceName}) AS "sequenceId" FROM SYSIBM.SYSDUMMY1
    </select>
    <!-- ORACLE -->
    <select id="selectOracleSequenceId" parameterType="java.util.HashMap" resultType="java.util.HashMap">
        SELECT (${sequenceName}.NEXTVAL) AS "sequenceId" FROM DUAL
    </select>
</mapper> 