<?xml version="1.0" encoding="UTF-8"?>
<!DOCTYPE mapper PUBLIC "-//mybatis.org//DTD Mapper 3.0//EN" "http://mybatis.org/dtd/mybatis-3-mapper.dtd">
<mapper namespace="com.sunline.sunfe.mybatis.fmpcntraebs">
    <!-- 查询上存拆借分录信息 -->
    <select id="queryFmpCntrAebsInfolistPage" parameterType="java.util.HashMap" resultType="java.util.HashMap">
        SELECT STACID "stacid",AEBSCD "aebscd", LOWRDR "lowrdr", LOWRCR "lowrcr",
        UPPRDR "upprdr", UPPRCR "upprcr", AEBSLV "aebslv" FROM FMP_CNTR_AEBS
        WHERE STACID IN @BASERESC_TP_20
        <if test="stacid!=null and stacid!=''">
            AND STACID= #{stacid}
        </if>
        <if test="aebscd!=null and aebscd!=''">
            AND AEBSCD=#{aebscd}
        </if>
        <if test="aebslv!=null and aebslv!=''">
            AND AEBSLV=#{aebslv}
        </if>
    </select>

    <delete id="deleteFmpCntrAebs" parameterType="java.util.HashMap">
        DELETE FROM FMP_CNTR_AEBS WHERE STACID IN @BASERESC_TP_20 AND STACID=#{stacid} AND AEBSCD=#{aebscd} AND AEBSLV=#{aebslv}
    </delete>

    <insert id="insertFmpCntrAebs" parameterType="java.util.HashMap">
        INSERT INTO FMP_CNTR_AEBS (STACID, AEBSCD, AEBSNA,LOWRDR, LOWRCR, UPPRDR, UPPRCR, AEBSLV)
        VALUES (#{stacid}, #{aebscd},#{aebsna},#{lowrdr},#{lowrcr},#{upprdr},#{upprcr},#{aebslv})
    </insert>

    <update id="updateFmpCntrAebs" parameterType="java.util.HashMap">
        UPDATE FMP_CNTR_AEBS SET LOWRDR=#{lowrdr},LOWRCR=#{lowrcr},STACID=#{stacid},AEBSCD=#{aebscd},
        AEBSLV=#{aebslv},UPPRDR=#{upprdr},UPPRCR=#{upprcr} WHERE STACID IN @BASERESC_TP_20 AND
        STACID=#{oldStacid} AND AEBSCD=#{oldAebscd} AND AEBSLV=#{oldAebslv}
    </update>
</mapper> 