<?xml version="1.0" encoding="UTF-8"?>
<!DOCTYPE mapper PUBLIC "-//mybatis.org//DTD Mapper 3.0//EN" "http://mybatis.org/dtd/mybatis-3-mapper.dtd">
<mapper namespace="com.sunline.sunfe.mybatis.fmpinrt">


    <select id="queryFmp_InrtInrtrt" parameterType="java.util.HashMap" resultType="java.util.HashMap">
		<![CDATA[
	   SELECT STACID "stacid", INRTTP "inttp", CRCYCD "crcycd", TERMCD "termcd", INRTRT "inrtrt", STATUS "status", EFCTDT "efctdt", INEFDT "inefdt", BRCHCD "brchcd"
              FROM Fmp_Inrt a
             WHERE a.STACID=#{stacid}
               AND a.Inrttp = #{inrttp}
               AND a.Termcd = #{termcd}
               AND a.Brchcd = #{brchcd}
               AND a.Crcycd = #{crcycd}
               AND a.Efctdt = (SELECT MAX(Efctdt)
                                 FROM Fmp_Inrt b
                                WHERE b.Inrttp =#{inrttp}
                                  AND b.Termcd = #{termcd}
                                  AND b.Brchcd =  #{brchcd}
                                  AND b.Crcycd = #{crcycd}
                                  AND b.Efctdt <= #{efctdt}
                                  AND b.STACID=#{stacid}
                                  )
	]]>
    </select>

    <update id="updateFmpInrt" parameterType="java.util.HashMap">
        UPDATE FMP_INRT SET STATUS='0',INEFDT=#{sourdt} WHERE
        STACID=#{stacid}
        <if test="inrttp!=null and inrttp!=''">
            AND INRTTP=#{inrttp}
        </if>
        <if test="termcd!=null and termcd!=''">
            AND TERMCD=#{termcd}
        </if>
        <if test="efctdt!=null and efctdt!=''">
            AND EFCTDT=#{oldEfctdt}
        </if>
        <if test="brchcd!=null and brchcd!=''">
            AND BRCHCD=#{brchcd}
        </if>
        <if test="crcycd!=null and crcycd!=''">
            AND CRCYCD=#{crcycd}
        </if>
    </update>

    <select id="queryFmpInrtlistPage" parameterType="java.util.HashMap" resultType="java.util.HashMap">
        SELECT STACID "stacid", INRTTP "inrttp", CRCYCD "crcycd", TERMCD "termcd", INRTRT "inrtrt", STATUS "status", EFCTDT "efctdt", INEFDT "inefdt", BRCHCD "brchcd"
        FROM Fmp_Inrt
        WHERE STACID IN @BASERESC_TP_20
        <if test="stacid!=null and stacid!=''">
            AND STACID=#{stacid}
        </if>
        <if test="crcycd!=null and crcycd!=''">
            AND CRCYCD=#{crcycd}
        </if>
        <if test="inrttp!=null and inrttp!=''">
            AND INRTTP=#{inrttp}
        </if>
        <if test="termcd!=null and termcd!=''">
            AND TERMCD=#{termcd}
        </if>
        <if test="status!=null and status!=''">
            AND STATUS=#{status}
        </if>
        <if test="efctdt!=null and efctdt!=''">
            AND EFCTDT=#{efctdt}
        </if>
        <if test="inefdt!=null and inefdt!=''">
            AND INEFDT=#{inefdt}
        </if>
    </select>
</mapper>


