<?xml version="1.0" encoding="UTF-8"?>
<!DOCTYPE mapper PUBLIC "-//mybatis.org//DTD Mapper 3.0//EN" "http://mybatis.org/dtd/mybatis-3-mapper.dtd">
<mapper namespace="com.sunline.sunfe.mybatis.fmpinrtajst">
    <select id="queryFmpInrtAjstlistPage" parameterType="java.util.HashMap" resultType="java.util.HashMap">
        SELECT STACID "stacid",INTRDT "intrdt",INTRSQ "intrsq",INTRUS "intrus",INRTTP "inrttp",CRCYCD "crcycd",TERMCD "termcd",EFCTDT "efctdt",INRTRT "inrtrt",STATUS "status",BRCHCD "brchcd"
        FROM FMP_INRT_AJST WHERE STACID IN @BASERESC_TP_20
        <if test="stacid!=null and stacid!=''">
            AND STACID=#{stacid}
        </if>
        <if test="efctdt!=null and efctdt!=''">
            AND EFCTDT = #{efctdt}
        </if>
        <if test="status!=null and status!=''">
            AND STATUS = #{status}
        </if>
        <if test="startDay!=null and startDay!=''">
            <![CDATA[AND INTRDT>=#{startDay}]]>
        </if>
        <if test="endDay!=null and endDay!=''">
            <![CDATA[AND INTRDT<=#{endDay}]]>
        </if>
        <if test="intrsq!=null and intrsq!=''">
            AND INTRSQ LIKE '%'||#{intrsq}||'%'
        </if>
        <if test="inrttp!=null and inrttp!=''">
            AND INRTTP = #{inrttp}
        </if>
        <if test="brchcd!=null and brchcd!=''">
            AND BRCHCD = #{brchcd}
        </if>
        <if test="crcycd!=null and crcycd!=''">
            AND CRCYCD = #{crcycd}
        </if>
        <if test="intrus!=null and intrus!=''">
            AND INTRUS LIKE '%'||#{intrus}||'%'
        </if>
        <if test="termcd!=null and termcd!=''">
            AND TERMCD = #{termcd}
        </if>
        <if test="intrdt!=null and intrdt!=''">
            AND INTRDT = #{intrdt}
        </if>
    </select>

    <select id="queryTableFieldInfo" parameterType="java.util.HashMap" resultType="java.util.HashMap">
        ${sqlInfo}
    </select>

    <delete id="deleteFmpInrtAjst" parameterType="java.util.HashMap">
        DELETE FROM FMP_INRT_AJST WHERE STACID=#{stacid} AND INTRDT=#{intrdt} AND INTRSQ = #{intrsq}
    </delete>

    <insert id="insertFmpInrtAjst" parameterType="java.util.HashMap">
        INSERT INTO FMP_INRT_AJST(STACID, INTRDT, INTRSQ, INTRUS, INRTTP, CRCYCD, TERMCD, INRTRT, EFCTDT
        <if test="status!=null and status!=''">,STATUS</if>
        <if test="brchcd!=null and brchcd!=''">,BRCHCD</if>
        ) VALUES (
        #{stacid},#{intrdt},#{intrsq},#{intrus},#{inrttp},#{crcycd},#{termcd},#{inrtrt},#{efctdt}
        <if test="status!=null and status!=''">,#{status}</if>
        <if test="brchcd!=null and brchcd!=''">,#{brchcd}</if>
        )
    </insert>

    <update id="updateFmpInrtAjst" parameterType="java.util.HashMap">
        UPDATE FMP_INRT_AJST SET STACID=#{stacid}
        <if test="intrus!=null and intrus!=''">,INTRUS=#{intrus}</if>
        <if test="inrttp!=null and inrttp!=''">,INRTTP=#{inrttp}</if>
        <if test="crcycd!=null and crcycd!=''">,CRCYCD=#{crcycd}</if>
        <if test="termcd!=null and termcd!=''">,TERMCD=#{termcd}</if>
        <if test="inrtrt!=null and inrtrt!=''">,INRTRT=#{inrtrt}</if>
        <if test="efctdt!=null and efctdt!=''">,EFCTDT=#{efctdt}</if>
        <if test="status!=null and status!=''">,STATUS=#{status}</if>
        <if test="brchcd!=null and brchcd!=''">,BRCHCD=#{brchcd}</if>
        WHERE STACID=#{oldStacid} AND INTRDT=#{intrdt} AND INTRSQ=#{intrsq}
    </update>

    <update id="updateFmpInrtAjstStatus" parameterType="java.util.HashMap">
        UPDATE FMP_INRT_AJST SET STATUS=#{status} WHERE STATUS=#{oldStatus} AND EFCTDT=#{efctdt}
    </update>
</mapper>


