<?xml version="1.0" encoding="UTF-8"?>
<!DOCTYPE mapper PUBLIC "-//mybatis.org//DTD Mapper 3.0//EN" "http://mybatis.org/dtd/mybatis-3-mapper.dtd">
<mapper namespace="com.sunline.sunfe.mybatis.fmsinst">


	<insert id="insertFmsInst" parameterType="com.sunline.sunfe.entity.FmsInst">
	insert into fms_inst
  (stacid,trandt, transq, insttp, brchno, cntrno, drrtno, crcycd, inrttp, termcd, bgindt, acmlbl, inrtrt, instam)
values
  (#{stacid},#{trandt}, #{transq}, #{insttp}, #{brchno}, #{cntrno,jdbcType=VARCHAR}, #{drrtno,jdbcType=VARCHAR}, #{crcycd}, #{inrttp}, #{termcd,jdbcType=VARCHAR}, #{bgindt}, #{acmlbl}, #{inrtrt}, #{instam})
	</insert>
    
    <select id="queryFmsInstInfolistPage" parameterType="java.util.HashMap" resultType="java.util.HashMap">
        SELECT STACID "stacid",TRANDT "trandt",
        TRANSQ "transq",INSTTP "insttp",BRCHNO "brchno",
        CNTRNO "cntrno",DRRTNO "drrtno",CRCYCD "crcycd",
        INRTTP "inrttp",TERMCD "termcd",BGINDT "bgindt",
        ACMLBL "acmlbl",INRTRT "inrtrt",INSTAM "instam"
        FROM FMS_INST WHERE STACID IN @BASERESC_TP_20
         <if test="stacid!=null and stacid!=''">
            AND STACID=#{stacid}
         </if>
          <if test="cntrno!=null and cntrno!=''">
            AND CNTRNO=#{cntrno}
         </if>
         <if test="drrtno!=null and drrtno!=''">
            AND DRRTNO=#{drrtno}
         </if>
         <if test="transq!=null and transq!=''">
            AND TRANSQ=#{transq}
         </if>
    </select>
</mapper>


