<?xml version="1.0" encoding="UTF-8"?>
<!DOCTYPE mapper PUBLIC "-//mybatis.org//DTD Mapper 3.0//EN" "http://mybatis.org/dtd/mybatis-3-mapper.dtd">
<mapper namespace="com.sunline.sunfe.mybatis.glaacct">

    <!--查询账户是否存在,这边只存在1 手工账户和2 基准账户 -->
    <select id="selectEntitiesByGlaAeuvDetl" parameterType="java.util.HashMap" resultType="com.sunline.sunfe.entity.GlaAcct">
        select * from gla_acct
        where stacid = #{stacid}
        and systid = #{sourst}
        and brchno = #{acctbr}
        and itemcd = #{itemcd}
        and crcycd = #{crcycd}
        and centcd = #{centcd}
        and prsncd = #{prsncd}
        and custcd = #{custcd}
        and prducd = #{prducd}
        and prlncd = #{prlncd}
        and acctno = #{acctno}
        and assis0 = #{assis0}
        and assis1 = #{assis1}
        and assis2 = #{assis2}
        and assis3 = #{assis3}
        and assis4 = #{assis4}
        and assis5 = #{assis5}
        and assis6 = #{assis6}
        and assis7 = #{assis7}
        and assis8 = #{assis8}
        and assis9=  #{assis9}
      <if test="subscd!=null and subscd!=''">
      	and subscd = #{subscd}
       </if>
    </select>

    <select id="selectEntityByAcctnoForUpdate" parameterType="java.lang.String" resultType="com.sunline.sunfe.entity.GlaAcct">
        select * from gla_acct where acctcd = #{acctcd} for update
    </select>

    <select id="selectEntityByAccount" parameterType="com.sunline.sunfe.entity.GlaAcct" resultType="com.sunline.sunfe.entity.GlaAcct">
        select * from gla_acct where acctcd = #{acctcd}
    </select>
    <select id="queryGlaAeuvDetl" parameterType="java.util.HashMap" resultType="java.util.HashMap">
        select * from gla_aeuv_detl where acctcd = #{acctcd}
    </select>

    <update id="updateBalance" parameterType="com.sunline.sunfe.entity.GlaAcct">
        update gla_acct set blncdn = #{blncdn},
        onlnbl = #{onlnbl},
        lstrdt = #{lstrdt},
        lstrsq = #{lstrsq}
        where acctcd = #{acctcd}
    </update>
    <!-- 插入账户信息 -->
    <insert id="insertGlaAcct" parameterType="com.sunline.sunfe.entity.GlaAcct">
        insert into gla_acct(
        acctcd,
        acctna,
        systid,
        brchno,
        crcycd,
        itemcd,
        acctcl,
        subscd,
        openbr,
        opendt,
        optrsq,
        lstrdt,
        lstrsq,
        ioflag,
        blncdn,
        onlnbl,
        lastdn,
        lastbl,
        lastdt,
        acmlbl,
        acmldt,
        acctst,
        drhdbk,
        crhdbk,
        openus,
        pmodtg,
        stacid,
        centcd,prsncd,custcd,prducd,prlncd,acctno,
        assis0,assis1,assis2,assis3,assis4,assis5,assis6,assis7,assis8,assis9
        ) values(
        #{acctcd},
        #{acctna},
        #{systid},
        #{brchno},
        #{crcycd},
        #{itemcd},
        #{acctcl},
        #{subscd,jdbcType=VARCHAR},
        #{openbr,jdbcType=VARCHAR},
        #{opendt,jdbcType=VARCHAR},
        #{optrsq,jdbcType=VARCHAR},
        #{lstrdt,jdbcType=VARCHAR},
        #{lstrsq,jdbcType=VARCHAR},
        #{ioflag},
        #{blncdn},
        #{onlnbl},
        #{lastdn},
        #{lastbl},
        #{lastdt,jdbcType=VARCHAR},
        #{acmlbl,jdbcType=NUMERIC},
        #{acmldt,jdbcType=VARCHAR},
        #{acctst},
        #{drhdbk},
        #{crhdbk},
        #{openus,jdbcType=VARCHAR},
        #{pmodtg},
        #{stacid},
        #{centcd}, #{prsncd}, #{custcd}, #{prducd}, #{prlncd}, #{acctno},
        #{assis0}, #{assis1}, #{assis2}, #{assis3}, #{assis4},
        #{assis5}, #{assis6}, #{assis7}, #{assis8}, #{assis9}
        )
    </insert>
    <!-- 手工账户取账户序号，取值50000后 -->
    <select id="getMaxSubAcctByHand" parameterType="java.util.HashMap" resultType="java.lang.String">
        SELECT Lpad(To_Char(Nvl(MAX(To_Number(Substr(Acctcd,-5,5))),50000) + 1),5,'0') sequno
        FROM Gla_Acct
        WHERE stacid = #{stacid}
        and systid = #{systid}
        and brchno = #{brchno}
        and crcycd = #{crcycd}
        and acctcl = '1'
        and
        acctcd LIKE CONCAT(#{acctcdpx},'%')
    </select>
    <!--基准账户、专用账户取账户序号 -->
    <select id="getMaxSubAcctByOther" parameterType="java.util.HashMap" resultType="java.lang.String">
        SELECT Lpad(To_Char(Nvl(MAX(To_Number(Substr(Acctcd,-5,5))),0) + 1),5,'0') sequno
        FROM Gla_Acct
        WHERE stacid = #{stacid}
        and systid = #{systid}
        and brchno = #{brchno}
        and crcycd = #{crcycd}
        and acctcl in ('2','3')
        and acctcd LIKE CONCAT(#{acctcdpx},'%')
    </select>

    <!-- 查询账户信息 -->
    <select id="selectGlaAcctByAcctno" parameterType="java.util.HashMap" resultType="java.util.HashMap">
        SELECT STACID "stacid",ACCTCD "acctcd", ACCTNA "acctna", SYSTID "systid", BRCHNO "brchno", CRCYCD "crcycd", ITEMCD "itemcd", ACCTCL "acctcl", SUBSCD "subscd", OPENBR "openbr", OPENDT "opendt", OPTRSQ "optrsq", LSTRDT "lstrdt", LSTRSQ "lstrsq", CLOSDT "closdt", CLTRSQ "cltrsq", IOFLAG
        "ioflag", BLNCDN "blncdn", ONLNBL "onlnbl", LASTDN "lastdn", LASTBL "lastbl", LASTDT "lastdt", ACMLBL "acmlbl", ACMLDT "acmldt", ACCTST "acctst", DRHDBK "drhdbk", CRHDBK "crhdbk", OPENUS "openus", CLOSUS "closus", PMODTG "pmodtg" FROM GLA_ACCT WHERE STACID=#{stacid}
        <if test="acctlD!=null and acctlD!=''">
            AND ACCTCD=#{acctlD}
        </if>
    </select>
    <!-- 查询需要进行内部资金计提的账户数据 -->
    <select id="selectGlaAcctAcmlbl" parameterType="java.util.HashMap" resultType="java.util.HashMap">
        SELECT a.STACID "stacid", b.fundtp "fundtp", ACCTCD "acctcd", ACCTNA "acctna", SYSTID "systid", BRCHNO "brchno", CRCYCD "crcycd", a.ITEMCD "itemcd", ACCTCL "acctcl", SUBSCD "subscd", OPENBR "openbr", OPENDT "opendt", OPTRSQ "optrsq",
        LSTRDT "lstrdt", LSTRSQ "lstrsq", CLOSDT "closdt", CLTRSQ "cltrsq", IOFLAG
        "ioflag", BLNCDN "blncdn", ONLNBL "onlnbl", LASTDN "lastdn", LASTBL "lastbl", LASTDT "lastdt", ACMLBL "acmlbl", ACMLDT "acmldt", ACCTST "acctst", DRHDBK "drhdbk", CRHDBK "crhdbk", OPENUS "openus", CLOSUS "closus",
        PMODTG "pmodtg" FROM GLA_ACCT a,v_fmp_item_config b WHERE a.STACID=#{stacid}
        and b.stacid = #{stacid}  
        AND a.ITEMCD = b.ITEMCD and  b.fundtp in
        <foreach item="item" index="index" collection="fundtp" open="(" separator="," close=")">
            #{item}
        </foreach>
        AND CRCYCD IN (SELECT CRCYCD FROM COM_CRCY WHERE USABTG='1')
        AND ONLNBL>0
    </select>

    <!-- 机构+科目+币种+子目号 查询账户 -->
    <select id="queryGlaAcctByBrchItemCrcySubs" parameterType="java.util.HashMap" resultType="com.sunline.sunfe.entity.GlaAcct">
        select * from gla_acct t
        <where>
            and  t.stacid= #{stacid}  and t.brchno = #{brchno} and t.itemcd = #{itemcd} and t.crcycd=#{crcycd}
            <if test="subscd!=null and subscd!=''">
                and t.subscd = #{subscd}
            </if>
        </where>
    </select>



    <update id="updateGlaAcctAcmlbl" parameterType="java.util.HashMap">
        UPDATE GLA_ACCT SET ACMLDT=#{sourdt},ACMLBL=0 WHERE STACID=#{stacid} AND ACCTCD IN
        <foreach item="acctcd" index="index" collection="acctcds" open="(" separator="," close=")">
            #{acctcd}
        </foreach>
    </update>
    
     <update id="updateGlaAcctAcmldt4ZeroAcmlbl" parameterType="java.util.HashMap">
       update GLA_ACCT  a set a.acmldt = #{acmldt} ,a.acmlbl = 0  where exists (
        select 1 from v_fmp_item_config  b where b.stacid = a.stacid and a.itemcd = b.ITEMCD
        and b.fundtp in 
        <foreach item="item" index="index" collection="fundtp" open="(" separator="," close=")">
            #{item}
        </foreach>
        AND A.STACID = #{stacid} and A.ACCTST = '1' AND ( A.ACMLBL = 0  or a.acmlbl is null))
	</update>
</mapper>