<?xml version="1.0" encoding="UTF-8"?>
<!DOCTYPE mapper PUBLIC "-//mybatis.org//DTD Mapper 3.0//EN" "http://mybatis.org/dtd/mybatis-3-mapper.dtd">
<mapper namespace="com.sunline.sunfe.mybatis.glaaeuv">
	<!-- 更新会计分录主表为可用 -->
	<update id="updateGlaAeuvTranstByKey" parameterType="com.sunline.sunfe.entity.GlaAeuv">
		UPDATE
		Gla_Aeuv
		SET Transt = '1' --处理状态（1已处理 0未处理）
		WHERE Stacid = #{stacid}
		AND
		Sourst = #{sourst}
		AND Sourdt = #{sourdt}
		AND Soursq = #{soursq}
	</update>
	<!-- 会计分录结果集glaAeuv信息录入 -->
	<insert id="saveGlaAeuvBatch" parameterType="java.util.List">
		INSERT INTO Gla_Aeuv
		(Stacid,
		Sourst,
		Sourdt,
		Soursq,
		Tranbr,
		Acetna,
		Trantp,
		Usercd,
		Psauus,
		Acsrnm,
		Dcmtno,
		Dcmttp,
		Remark,
		Prcscd,
		Transt,
		Strkst
		)
		<foreach collection="list" item="glaAeuv" index="index"
			separator="union all">
			select
			#{glaAeuv.stacid},
			#{glaAeuv.sourst},
			#{glaAeuv.sourdt},
			#{glaAeuv.soursq},
			#{glaAeuv.tranbr},
			#{glaAeuv.acetna},
			#{glaAeuv.trantp},
			#{glaAeuv.usercd,jdbcType=VARCHAR},
			#{glaAeuv.psauus,jdbcType=VARCHAR},
			#{glaAeuv.acsrnm},
			#{glaAeuv.dcmtno,jdbcType=NUMERIC},
			#{glaAeuv.dcmttp,jdbcType=NUMERIC},
			#{glaAeuv.remark},
			#{glaAeuv.prcscd},
			'1',
			#{glaAeuv.strkst}
			from dual
		</foreach>
	</insert>


	<select id="quereGlaAeuv"  parameterType="java.util.HashMap"
		resultType="com.sunline.sunfe.entity.GlaAeuv">
		select
		*
		from
		gla_aeuv a
		where 1=1

		<if test="stacid != null and stacid !='' "> and a.STACID = #{stacid}</if>
		<if test="prcscd != null and prcscd !='' "> and a.PRCSCD = #{prcscd}</if>
		<if test="soursq != null and soursq !='' "> and a.SOURSQ = #{soursq}</if>
		<if test="tranbr != null and tranbr !='' "> and a.TRANBR =#{tranbr}</if>
		<if test="usercd != null and usercd !='' "> and a.USERCD = #{usercd}</if>
		<if test="transt != null and transt !='' "> and a.TRANST = #{transt}</if>
		<if test="psauus != null and psauus !='' "> and a.PSAUUS = #{psauus}</if>
		<if test="acetna != null and acetna !='' "> and a.ACETNA like '%${acetna}%'</if>
		<if test="sourdtst != null and sourdtst !=''">
			and a.SOURDT <![CDATA[  >=  ]]>
			#{sourdtst}
		</if>
		<if test="sourdtend != null and sourdtend !=''">
			and a.SOURDT <![CDATA[ <= ]]>
			#{sourdtend}
		</if>
		AND a.STACID in @BASERESC_TP_20
		AND a.TRANBR in @BASERESC_TP_1
		order by
		rownum desc
	</select>
	
		<select id="quereGlaAeuvlistPage" resultType="java.util.HashMap"
		parameterType="java.util.HashMap">
		select
		a.SOURSQ "soursq",
		a.TRANBR "tranbr",
		a.SOURDT "sourdt",
		a.USERCD
		"usercd",
		a.PSAUUS "psauus",
		a.TRANST "transt",
		a.STACID "stacid",
		a.SOURST "sourst",
		a.ACETNA "acetna"
		from
		gla_aeuv a
		where 1=1

		<if test="stacid != null and stacid !='' "> and a.STACID = #{stacid}</if>
		<if test="prcscd != null and prcscd !='' "> and a.PRCSCD = #{prcscd}</if>
		<if test="soursq != null and soursq !='' "> and a.SOURSQ = #{soursq}</if>
		<if test="tranbr != null and tranbr !='' "> and a.TRANBR =#{tranbr}</if>
		<if test="usercd != null and usercd !='' "> and a.USERCD = #{usercd}</if>
		<if test="transt != null and transt !='' "> and a.TRANST = #{transt}</if>
		<if test="psauus != null and psauus !='' "> and a.PSAUUS = #{psauus}</if>
		<if test="acetna != null and acetna !='' "> and a.ACETNA like '%${acetna}%'</if>
		<if test="sourdtst != null and sourdtst !=''">
			and a.SOURDT <![CDATA[  >=  ]]>
			#{sourdtst}
		</if>
		<if test="sourdtend != null and sourdtend !=''">
			and a.SOURDT <![CDATA[ <= ]]>
			#{sourdtend}
		</if>
		AND a.STACID in @BASERESC_TP_20
		AND a.TRANBR in @BASERESC_TP_1
		order by
		rownum desc
	</select>

	<select id="queryGlCorrectionlistPage" resultType="java.util.HashMap"
		parameterType="java.util.HashMap">
		select
		a.SOURSQ "soursq",
		a.TRANBR "tranbr",
		a.SOURDT "sourdt",
		a.USERCD
		"usercd",
		a.PSAUUS "psauus",
		a.TRANST "transt",
		a.STACID "stacid",
		a.SOURST "sourst",
		a.ACETNA "acetna",
		a.WKFLID "wkflid",
		a.prcscd "prcscd"
		from
		gla_aeuv a,gla_tran b
		where
		a.stacid = b.stacid
		and a.soursq = b.soursq
		and a.sourdt = b.sourdt
		and a.prcscd = b.prcscd
		and a.STACID =
		#{stacid}
		and a.PRCSCD = #{prcscd}
		and a.SOURSQ = #{soursq}
		and a.tranbr
		= #{tranbr}
		<if test="acetna != null and acetna !='' "> and a.ACETNA like '%${acetna}%'</if>
		<if test="sourdt != null and sourdt !=''">
			and a.SOURDT = #{sourdt}
		</if>
		and a.transt = '1'
		and a.strkst = '0'
		AND a.STACID in @BASERESC_TP_20
		AND a.TRANBR in @BASERESC_TP_1
	</select>

	<select id="queryGlCorrectionDetllistPage" resultType="java.util.HashMap"
		parameterType="java.util.HashMap">
		select
		STACID "stacid",
		SOURST "sourst",
		SOURDT "sourdt",
		SOURSQ "soursq",
		DISPSQ "dispsq",
		ACCTBR "acctbr",
		ITEMCD "itemcd",
		(
		CASE amntcd
		WHEN 'C' THEN
		tranam
		WHEN 'P' THEN
		tranam
		ELSE
		0
		END
		) AS "crtram",
		(
		CASE
		amntcd
		WHEN 'D' THEN
		tranam
		WHEN 'R' THEN
		tranam
		ELSE
		0
		END
		) AS
		"drtram",
		<!-- AMNTCD "amntcd",
		TRANAM "tranam", -->
		TRANNM "trannm",
		SMRYTX "smrytx",
		CENTCD "centcd",
		PRSNCD "prsncd",
		CUSTCD "custcd",
		PRDUCD "prducd",
		PRLNCD "prlncd",
		ACCTNO "acctno",
		ASSIS0 "assis0",
		ASSIS1 "assis1",
		ASSIS2 "assis2",
		ASSIS3 "assis3",
		ASSIS4 "assis4",
		ASSIS5 "assis5",
		ASSIS6 "assis6",
		ASSIS7 "assis7",
		ASSIS8 "assis8",
		ASSIS9 "assis9",
		CNVTMD "cnvtmd",
		CVTRMB "cvtrmb",
		CVTUSD "cvtusd",
		CRCYCD "crcycd",
		ACCTCD "acctcd"
		from
		gla_aeuv_detl
		where
		STACID = #{stacid}
		and SOURSQ =
		#{soursq}
		and SOURDT = #{sourdt}
		and sourst = #{sourst}
		AND
		STACID in
		@BASERESC_TP_20
		AND acctbr in @BASERESC_TP_1
	</select>
	
	<!-- 查找会计分录明细 -->
	<select id="queryGlCorrectionDetlByWkflidlistPage" resultType="java.util.HashMap"
		parameterType="java.util.HashMap">
		SELECT
		A.sourdt "sourdt",
		A.soursq "soursq",
		A.acctno "acctno",
		A.acctbr "acctbr",
		A.amntcd
		"amntcd",
		A.trannm "trannm",
		A.tranam "tranam",
		A.cnvtmd "cnvtmd",
		A.cvtrmb "cvtrmb",
		A.cvtusd "cvtusd",
		A.itemcd "itemcd",
		A.crcycd "crcycd",
		A.CENTCD "centcd",
		A.PRSNCD "prsncd",
		A.CUSTCD "custcd",
		A.PRDUCD "prducd",
		A.PRLNCD "prlncd",
		A.ACCTNO "acctno",
		A.ASSIS0 "assis0",
		A.ASSIS1 "assis1",
		A.ASSIS2 "assis2",
		A.ASSIS3 "assis3",
		A.ASSIS4 "assis4",
		A.ASSIS5 "assis5",
		A.ASSIS6 "assis6",
		A.ASSIS7 "assis7",
		A.ASSIS8 "assis8",
		A.ASSIS9 "assis9",
		D.wkflid "wkflid",
		A.smrytx
		"smrytx",
		D.acetna
		"acetna",
		D.tranbr "tranbr",
		D.transt "transt",
		D.trandt "trandt",
		D.transq "transq",
		D.stacid "stacid",
		D.soursq "soursq",
		D.sourst "sourst",
		(
		CASE A.amntcd
		WHEN 'C' THEN
		A.tranam
		WHEN 'P' THEN
		A.tranam
		ELSE
		0
		END
		) AS "crtram",
		(
		CASE
		A.amntcd
		WHEN 'D' THEN
		A.tranam
		WHEN 'R' THEN
		A.tranam
		ELSE
		0
		END
		) AS
		"drtram"
		FROM
		gla_aeuv_detl A  left join gla_aeuv D
		on A.soursq = D.soursq
		and A.sourst = D.sourst
		and A.sourdt = D.sourdt
		and A.stacid = D.stacid
		where 1=1
		<if test="stacid != null and stacid !='' "> and D.stacid = #{stacid}</if>
		<if test="sourst != null and sourst !='' "> and D.sourst = #{sourst}</if>
		<if test="sourdt != null and sourdt !='' "> and D.sourdt = #{sourdt}</if>
		<if test="soursq != null and soursq !='' "> and D.soursq = #{soursq}</if>
		<if test="prcscd != null and prcscd !='' "> and D.prcscd = #{prcscd}</if>
		<if test="wkflid != null and wkflid !='' "> and D.wkflid = #{wkflid}</if>
		AND D.STACID in @BASERESC_TP_20
		AND D.TRANBR in @BASERESC_TP_1
	</select>
	


	<!-- 查找会计分录明细 -->
	<select id="selectByPrimaryKey" resultType="java.util.HashMap"
		parameterType="java.util.HashMap">
		SELECT
		A.sourdt "sourdt",
		A.soursq "soursq",
		A.acctno "acctno",
		A.amntcd
		"amntcd",
		A.trannm "trannm",
		A.tranam "tranam",
		A.cnvtmd "cnvtmd",
		A.cvtrmb "cvtrmb",
		A.cvtusd "cvtusd",
		D.wkflid "wkflid",
		A.smrytx
		"smrytx",
		B.crcycd "crcycd",
		B.itemcd "itemcd",
		B.brchno "brchno",
		B.acctna "acctna",
		B.ioflag "ioflag",
		C.remark "remark",
		D.acetna
		"acetna",
		D.transt "transt",
		D.trandt "trandt",
		D.transq "transq",
		D.stacid "stacid",
		D.soursq "soursq",
		D.sourst "sourst",
		(
		CASE A.amntcd
		WHEN 'C' THEN
		A.tranam
		WHEN 'P' THEN
		A.tranam
		ELSE
		0
		END
		) AS "crtram",
		(
		CASE
		A.amntcd
		WHEN 'D' THEN
		A.tranam
		WHEN 'R' THEN
		A.tranam
		ELSE
		0
		END
		) AS
		"drtram"
		FROM
		gla_aeuv D
		left join gla_aeuv_detl A on a.soursq = D.soursq
		and A.sourdt = D.sourdt
		left join gla_acct B on A.acctno = B.acctno
		left join gla_tran C on C.soursq=D.soursq and C.sourdt = D.sourdt and
		C.stacid=D.stacid
		where 1=1
		<if test="stacid != null and stacid !='' "> and D.stacid = #{stacid}</if>
		<if test="sourst != null and sourst !='' "> and D.sourst = #{sourst}</if>
		<if test="sourdt != null and sourdt !='' "> and D.sourdt = #{sourdt}</if>
		<if test="soursq != null and soursq !='' "> and D.soursq = #{soursq}</if>
		<if test="prcscd != null and prcscd !='' "> and D.prcscd = #{prcscd}</if>
		<if test="wkflid != null and wkflid !='' "> and D.wkflid = #{wkflid}</if>
		AND D.STACID in @BASERESC_TP_20
		AND D.TRANBR in @BASERESC_TP_1
	</select>

	<!-- 根据主键查询插入数据是否重复 -->
	<select id="beforeAddCheck" resultType="java.util.HashMap"
		parameterType="java.util.HashMap">
		select count(1) "total" from gla_aeuv_detl
		where
		STACID=#{stacid}
		and SOURST=#{sourst}
		and SOURDT=#{sourdt}
		and
		SOURSQ=#{soursq}
		and DISPSQ=#{dispsq}
	</select>
	<!-- 新增会计分录明细 -->
	<insert id="insertGlaAeuvDetl" parameterType="java.util.HashMap">
		INSERT INTO
		GLA_AEUV_DETL
		(STACID,SOURST,SOURDT,SOURSQ,DISPSQ,ACCTBR,ITEMCD,AMNTCD,TRANAM,TRANNM,SMRYTX,ACCTNO,CRCYCD)
		VALUES
		(#{stacid},#{sourst},#{sourdt},#{soursq},#{dispsq},#{brchno},#{itemcd},#{amntcd},#{tranam},1,#{smrytx},#{acctno},#{crcycd})
	</insert>

	<!-- 新增会计分录 -->
	<insert id="insertGlaAeuv" parameterType="com.sunline.sunfe.entity.GlaAeuv">
	insert into gla_aeuv
  (stacid, sourst, sourdt, soursq, tranbr, acetna, trantp, usercd, psauus, acsrnm, dcmtno, dcmttp, remark, prcscd, transt, trandt, transq, strkst, odbsdt, odbssq, wkflid)
values
  (#{stacid}, #{sourst}, #{sourdt}, #{soursq}, #{tranbr}, #{acetna}, #{trantp}, #{usercd}, #{psauus, jdbcType=VARCHAR}, #{acsrnm,jdbcType=INTEGER}, #{dcmtno,jdbcType=VARCHAR}, #{dcmttp,jdbcType=VARCHAR}, #{remark,jdbcType=VARCHAR}, #{prcscd}, #{transt}, #{trandt,jdbcType=VARCHAR}, #{transq,jdbcType=VARCHAR}, #{strkst}, #{odbsdt,jdbcType=VARCHAR}, #{odbssq,jdbcType=VARCHAR}, #{wkflid ,jdbcType=BIGINT})
	</insert>
	
	<!-- 冲正后新增会计分录 -->
	<insert id="insertGlaAeuvByTran" parameterType="com.sunline.sunfe.entity.GlaAeuv">
		INSERT INTO
		GLA_AEUV
		(STACID,SOURST,SOURDT,SOURSQ,TRANBR,ACETNA,TRANTP,USERCD,psauus,STRKST,PRCSCD,WKFLID,ODBSDT,ODBSSQ,TRANST)
		VALUES
		(#{stacid},#{sourst},#{sourdt},#{soursq},#{tranbr},#{acetna},#{trantp},#{usercd},#{psauus},#{strkst},#{prcscd},
		#{wkflid}, #{odbsdt}, #{odbssq},#{transt,jdbcType=VARCHAR})
	</insert>

	<!-- 跟新会计分录 -->
	<update id="updateGlaAeuvByPrimaryKey" parameterType="java.util.HashMap">
		UPDATE
		GLA_AEUV
		SET acetna=#{acetna}
		WHERE
		sourdt=#{sourdt} and
		soursq=#{soursq}
		and
		sourst=#{sourst} and
		stacid=#{stacid}
	</update>
	<!-- 删除会计分录明细 -->
	<delete id="deleteGlaAeuvDetl" parameterType="java.util.HashMap">
		DELETE FROM
		GLA_AEUV_DETL
		WHERE
		sourdt=#{sourdt} and
		soursq=#{soursq} and
		sourst=#{sourst} and
		stacid=#{stacid}


	</delete>
	<!-- 删除会计分录 -->
	<delete id="deleteByPrimaryKey" parameterType="java.util.HashMap">
		DELETE FROM
		GLA_AEUV
		WHERE
		sourdt=#{sourdt} and
		soursq=#{soursq} and
		sourst=#{sourst}
		and
		stacid=#{stacid}
	</delete>
	<!-- 新增会计分录 -->
	<insert id="insertGlaTran" parameterType="java.util.HashMap">
		INSERT INTO GLA_TRAN
		(STACID,TRANDT,TRANSQ,TRANTI,TRANBR,USERCD,ACCTBR,SOURDT,SOURSQ,TRANTP,CRCYCD
		,PRCSCD,TRANAM,ITEMCD,STRKST,SYSTID,MAINBD)
		VALUES
		(#{stacid},#{trandt},#{transq},sysdate,#{tranbr},#{usercd},#{acctbr},#{sourdt},#{soursq},#{trantp}
		,#{crcycd},#{prcscd},#{tranam},#{itemcd},#{strkst},#{systid}
		,#{mainbd})
	</insert>

	<update id="updateGlaAeuvTranst" parameterType="java.util.HashMap">
		UPDATE GLA_AEUV
		SET TRANST=#{transt}
		<where>
			<if test="sourdt != null and sourdt !='' "> sourdt = #{sourdt}</if>
			<if test="soursq != null and soursq !='' "> and soursq = #{soursq}</if>
			<if test="sourst != null and sourst !='' "> and sourst = #{sourst}</if>
			<if test="stacid != null and stacid !='' "> and stacid = #{stacid}</if>
			<if test="wkflid != null and wkflid !='' "> and wkflid = #{wkflid}</if>
		</where>
	</update>
	<update id="updatePsauus" parameterType="java.util.HashMap">
		UPDATE GLA_AEUV
		SET PSAUUS=#{psauus}
		<where>
			stacid = #{stacid}
			<if test="wkflid != null and wkflid !='' "> and wkflid = #{wkflid}</if>
		</where>
	</update>
	<update id="updateGlaAeuvStrkst" parameterType="java.util.HashMap">
		UPDATE GLA_AEUV
		SET STRKST=#{strkst}
		<where>
			stacid = #{stacid}
			<if test="wkflid != null and wkflid !='' "> and wkflid = #{wkflid}</if>
		</where>
	</update>
	<update id="updateGlaAeuvRemark" parameterType="java.util.HashMap">
		UPDATE GLA_AEUV
		SET remark=#{remark}
		where 
		stacid = #{stacid}
		and  wkflid = #{wkflid}
	</update>
	<!-- 查找总账日期 -->
	<select id="selectGlisdt" parameterType="java.util.HashMap"
		resultType="java.util.HashMap">
		SELECT
		GLISDT "glisdt"
		FROM
		COM_STAC
		WHERE STACID=#{stacid}
	</select>
	<!-- 查找处理状态 -->
	<select id="selectTranst" parameterType="java.util.HashMap"
		resultType="java.util.HashMap">
		SELECT
		TRANST "transt"
		FROM
		GLA_AEUV
		<where>
			<if test="soursq != null and soursq !='' "> and soursq = #{soursq}</if>
			<if test="sourst != null and sourst !='' "> and sourst = #{sourst}</if>
			<if test="stacid != null and stacid !='' "> and stacid = #{stacid}</if>
			<if test="wkflid != null and wkflid !='' "> and wkflid = #{wkflid}</if>
		</where>
	</select>
	<!-- 查找会计分录信息 -->
	<select id="queryGlaAeuvByWkflid" parameterType="java.util.HashMap"
		resultType="com.sunline.sunfe.entity.GlaAeuv">
		SELECT
		STACID "stacid",
		SOURST "sourst",
		SOURDT "sourdt",
		SOURSQ "soursq",
		TRANBR "tranbr",
		ACETNA "acetna",
		TRANTP "trantp",
		USERCD "usercd",
		PSAUUS "psauus",
		ACSRNM "acsrnm",
		DCMTNO "dcmtno",
		DCMTTP "dcmttp",
		REMARK "remark",
		PRCSCD "prcscd",
		TRANST "transt",
		TRANDT "trandt",
		TRANSQ "transq",
		STRKST "strkst",
		ODBSDT "odbsdt",
		ODBSSQ "odbssq",
		WKFLID "wkflid"
		FROM
		GLA_AEUV
		<where>
			<if test="wkflid != null and wkflid !='' "> and wkflid = #{wkflid}</if>
		</where>
		AND STACID in @BASERESC_TP_20
		AND TRANBR in @BASERESC_TP_1
	</select>

	<!-- 1.判断是否为记帐员角色 -->
	<select id="checkUserType" parameterType="java.util.HashMap"
		resultType="java.util.HashMap">
		select * from pcmc_user_role a
		where a.userid=( select
		b.userid from pcmc_user b where
		b.usercode=#{usercd})
		and
		a.roleid=(select roleid from pcmc_role where rolename='记账员')
	</select>

	<!-- 2.判断交易机构的有效性 -->
	<select id="checkUserDeptcd" parameterType="java.util.HashMap"
		resultType="java.util.HashMap">
		select * from pcmc_dept a where a.disable = '0' and
		a.deptcode = #{tranbr}
	</select>


	<!-- 2.查询通用记账流程审批中的记录 -->
	<select id="getGlaAeuvList" parameterType="java.util.HashMap"
		resultType="java.util.HashMap">
		select * from gla_aeuv a 
		where  a.sourdt = #{sourdt}
		 and
		       a.stacid = #{stacid} 
		 and
		       a.transt = #{transt}
	</select>
</mapper>