<?xml version="1.0" encoding="UTF-8"?>
<!DOCTYPE mapper PUBLIC "-//mybatis.org//DTD Mapper 3.0//EN" "http://mybatis.org/dtd/mybatis-3-mapper.dtd">
<mapper namespace="com.sunline.sunfe.mybatis.glaaeuvdetl">
	<!--保存会计分录明细信息  -->
	<insert id="saveGlaAeuvDetlBatch" parameterType="java.util.List">
			INSERT INTO Gla_Aeuv_Detl
                    (Stacid, 
                     Sourst,
                     Sourdt, 
                     Soursq,
                     Dispsq, 
                     Acctbr, 
                     Itemcd, 
                     Amntcd, 
                     Tranam, 
                     Trannm, 
                     Crcycd,
                     Smrytx, 
                     Cnvtmd, 
                     Centcd,
                     Prsncd,
                     Custcd,
                     Prducd,
                     Prlncd,
                     Acctno,
                     Assis0, 
                     Assis1, 
                     Assis2, 
                     Assis3,
                     Assis4,
                     Assis5, 
                     Assis6,
                     Assis7,
                     Assis8,
                     Assis9,
                     Acctcd 
                     )
       	<foreach collection="list" item="glaAeuvDetl" index="index" separator="union all">
        select 
        	#{glaAeuvDetl.stacid},
            #{glaAeuvDetl.sourst},
            #{glaAeuvDetl.sourdt},
            #{glaAeuvDetl.soursq},
            #{glaAeuvDetl.dispsq},
            #{glaAeuvDetl.acctbr},
            #{glaAeuvDetl.itemcd},
            #{glaAeuvDetl.amntcd},
            #{glaAeuvDetl.tranam},
            #{glaAeuvDetl.trannm},
            #{glaAeuvDetl.crcycd},
            #{glaAeuvDetl.smrytx},
            #{glaAeuvDetl.cnvtmd},
            #{glaAeuvDetl.centcd},
            #{glaAeuvDetl.prsncd},
            #{glaAeuvDetl.custcd},
            #{glaAeuvDetl.prducd},
            #{glaAeuvDetl.prlncd},
            #{glaAeuvDetl.acctno},
            #{glaAeuvDetl.assis0},
            #{glaAeuvDetl.assis1},
            #{glaAeuvDetl.assis2},
            #{glaAeuvDetl.assis3},
            #{glaAeuvDetl.assis4},
            #{glaAeuvDetl.assis5},
            #{glaAeuvDetl.assis6},
            #{glaAeuvDetl.assis7},
            #{glaAeuvDetl.assis8},
            #{glaAeuvDetl.assis9},
            #{glaAeuvDetl.acctcd,jdbcType=VARCHAR}
         from dual
        </foreach>
	</insert>
	<select id="queryGlaAeuvDetl" parameterType="java.util.HashMap"  resultType="com.sunline.sunfe.entity.GlaAeuvDetl">
        SELECT * FROM Gla_Aeuv_Detl
        <where>
            <if test="stacid != null and stacid != ''">
                 AND STACID = #{stacid}
            </if>
            <if test="soursq != null and soursq != ''">
                 AND SOURSQ = #{soursq}
            </if>
              <if test="sourst != null and sourst != ''">
                 AND SOURST = #{sourst}
            </if>
              <if test="sourdt != null and sourdt != ''">
                 AND SOURDT = #{sourdt}
            </if>
            <if test="oldItemcd != null and oldItemcd != ''">
                 AND ITEMCD = #{oldItemcd}
            </if>
        </where>
    </select>
</mapper>