<?xml version="1.0" encoding="UTF-8"?>
<!DOCTYPE mapper PUBLIC "-//mybatis.org//DTD Mapper 3.0//EN" "http://mybatis.org/dtd/mybatis-3-mapper.dtd">
<mapper namespace="com.sunline.sunfe.mybatis.glachksubl">
	<!--获取总分不平记录  -->
    <select id="queryGlaChkSublList" parameterType="java.util.HashMap" resultType="java.util.HashMap">
	SELECT  G.STACID "stacid" , G.ACCTDT "acctdt" ,
			G.BRCHCD "brchcd" , G.ITEMCD "itemcd" ,
			G.SYSTID "systid" , G.BALANC "balanc" ,
			G.ONLNBL "onlnbl" , G.CRCYCD "crcycd" ,
			G.ONLNBL - G.BALANC "tranam"
		FROM GLA_CHK_SUBL G  
	<where>
	        G.STATUS = '0' AND G.STACID = #{stacid}
	    <if test="acctdt !=null and  acctdt != ''">
	       AND G.ACCTDT = #{acctdt}
	    </if>
	</where>
	</select>
	
	<!-- 获取总账表当前余额方向 -->
	<select id="getGlaGlisBlncdn" parameterType="java.util.HashMap" resultType="java.util.HashMap">
		SELECT BLNCDN  "blncdn" 
			FROM GLA_GLIS
            WHERE STACID = #{stacid}
              AND ACCTDT = #{acctdt}
              AND BRCHCD = #{brchcd}
              AND ITEMCD = #{itemcd}
              AND SYSTID = #{systid}
              AND CRCYCD = #{crcycd}
              AND GELDTP = #{geldtp}
	</select>
	
	<!--生成挂账登记簿-->
	<insert  id="genGlaChkBook" parameterType="java.util.HashMap">
     	INSERT INTO Gla_Chk_Book
		    (Stacid,
		     Acctdt,
		     Brchcd,
		     Itemcd,
		     Hgitem,
		     Systid,
		     Crcycd,
		     Tranam,
		     Status,
		     Amntcd)
		 VALUES
		    (#{stacid},
		     #{acctdt},
		     #{brchcd},
		     #{itemcd},
		     #{hgitem},
		     #{systid},
		     #{crcycd},
		     #{tranam},
		     #{status},
		     #{amntcd})
 	</insert>
 
 	<!-- 	更新总分核对结果表状态 -->
	<update id="updateGlaChkSubl" parameterType="java.util.HashMap">
		UPDATE Gla_Chk_Subl g
		   SET g.Status = '1'
		 WHERE g.Stacid = #{stacid}
		   AND g.Acctdt = #{acctdt}
		   AND g.Brchcd = #{brchcd}
		   AND g.Itemcd = #{itemcd}
		   AND g.Crcycd = #{crcycd}
		   AND g.Systid = #{systid}
	</update> 
</mapper>