<?xml version="1.0" encoding="UTF-8"?>
<!DOCTYPE mapper PUBLIC "-//mybatis.org//DTD Mapper 3.0//EN" "http://mybatis.org/dtd/mybatis-3-mapper.dtd">
<mapper namespace="com.sunline.sunfe.mybatis.glaChkBook">
	<!--查询业务规则列表 -->
	<select id="getglaChkBooklistPage" parameterType="java.util.HashMap" resultType="java.util.HashMap">
				SELECT  STACID  "stacid",
						ACCTDT  "acctdt",
						BRCHCD  "brchcd",
						ITEMCD  "itemcd",
						hgitem  "hgitem",
						SYSTID  "systid",
						CRCYCD  "crcycd",
						TRANAM  "tranam",
						DEALAM  "dealam",
						STATUS  "status",
						amntcd  "amntcd"
					FROM GLA_CHK_BOOK 
		<where>
			<if test="stacid != null and stacid != ''">
				AND stacid =#{stacid}
			</if>
			<if test="acctdt != null and acctdt != ''">
				AND acctdt =#{acctdt}
			</if>
			<if test="brchcd != null and brchcd != ''">
				AND BRCHCD =#{brchcd}
			</if>
			<if test="itemcd != null and itemcd != ''">
				AND ITEMCD =#{itemcd}
			</if>
			<if test="hgitem != null and hgitem != ''">
				AND HGITEM =#{hgitem}
			</if>
			<if test="amntcd != null and amntcd != ''">
				AND AMNTCD =#{amntcd}
			</if>
			<if test="systid != null and systid != ''">
				AND SYSTID =#{systid}
			</if>
			<if test="crcycd != null and crcycd != ''">
				AND crcycd =#{crcycd}
			</if>
			<if test="status != null and status != ''">
				AND STATUS =#{status}
			</if>
		</where>
	</select>
</mapper>


