<?xml version="1.0" encoding="UTF-8"?>
<!DOCTYPE mapper PUBLIC "-//mybatis.org//DTD Mapper 3.0//EN" "http://mybatis.org/dtd/mybatis-3-mapper.dtd">
<mapper namespace="com.sunline.sunfe.mybatis.glatran" >

	<update id="updatePsauus"  parameterType="java.util.HashMap">
		UPDATE GLA_AEUV 
			SET PSAUUS=#{psauus}
		<where>
			<if test="wkflid != null and wkflid !='' "> and wkflid = #{wkflid}</if>
		</where>
	</update>



	<!-- 保存交易流水 -->	
	<insert id="saveGlaTran" parameterType="com.sunline.sunfe.entity.GlaTran">
		 INSERT INTO Gla_Tran
		   (Stacid,
		    Trandt,
		    Transq,
		    Tranti,
		    Tranbr,
		    Usercd,
		    Acctbr,
		    Sourdt,
		    Soursq,
		    Trantp,
		    Crcycd,
		    Dcmtno,
		    Dcmttp,
		    Prcscd,
		    Tranam,
		    Itemcd,
		    Psauus,
		    Strkst,
		    Odtrdt,
		    Odtrsq,
		    Acsrnm,
		    Systid,
		    Menuid,
		    Authus,
		    Mainbd,
		    Pckgsq,
		    Bookno,
		    Clertg,
		    Clerno,
		    Remark)
		VALUES
		   (#{stacid},
		#{trandt, jdbcType=VARCHAR},
		#{transq, jdbcType=VARCHAR},
		#{tranti},
		#{tranbr, jdbcType=VARCHAR},
		#{usercd, jdbcType=VARCHAR},
		#{acctbr, jdbcType=VARCHAR},
		#{sourdt, jdbcType=VARCHAR},
		#{soursq, jdbcType=VARCHAR},
		#{trantp, jdbcType=VARCHAR},
		#{crcycd, jdbcType=VARCHAR},
		#{dcmtno, jdbcType=VARCHAR},
		#{dcmttp, jdbcType=VARCHAR},
		#{prcscd, jdbcType=VARCHAR},
		#{tranam, jdbcType=NUMERIC},
		#{itemcd, jdbcType=VARCHAR},
		#{psauus, jdbcType=VARCHAR},
		#{strkst, jdbcType=VARCHAR},
		#{odtrdt, jdbcType=VARCHAR},
		#{odtrsq, jdbcType=VARCHAR},
		#{acsrnm, jdbcType=NUMERIC},
		#{systid, jdbcType=VARCHAR},
		#{menuid, jdbcType=VARCHAR},
		#{authus, jdbcType=VARCHAR},
		#{mainbd, jdbcType=VARCHAR},
		#{pckgsq, jdbcType=VARCHAR},
		#{bookno, jdbcType=VARCHAR},
		#{clertg, jdbcType=VARCHAR},
		#{clerno, jdbcType=VARCHAR},
		#{remark, jdbcType=VARCHAR})
	</insert>
	<!-- 删除某日交易流水 -->
	<delete id="deleteGlaTranBySG" parameterType="java.util.HashMap">
		 DELETE 
         Gla_Tran
          WHERE Stacid = #{stacid}
            AND trandt = #{glisdt}
	</delete>
	
	<!-- 分页查询交易流水 -->
	<select id="queryGlaTrantlistPage" resultType="java.util.HashMap"
		parameterType="java.util.HashMap">
		SELECT
			A.STACID	"stacid",
			A.TRANDT	"trandt",
			A.TRANSQ	"transq",
			A.TRANTI	"tranti",
			A.TRANBR	"tranbr",
			A.USERCD	"usercd",
			A.ACCTBR	"acctbr",
			A.SOURDT	"sourdt",
			A.SOURSQ	"soursq",
			A.TRANTP	"trantp",
			A.CRCYCD	"crcycd",
			A.TRANAM	"tranam",
			A.ITEMCD	"itemcd",
			A.STRKST	"strkst",
			A.ODTRDT	"odtrdt",
			A.ODTRSQ	"odtrsq",
			A.SYSTID	"systid",
			A.MAINBD	"mainbd",
			A.AUTHUS	"authus",
			A.BOOKNO	"bookno",
			A.CLERTG	"clertg",
			A.CLERNO	"clerno",
			A.PRCSCD	"prcscd",
			A.REMARK	"remark",
			B.WKFLID	"wkflid"
		FROM 
			GLA_TRAN A,Gla_aeuv B
		WHERE 
			A.SOURDT=B.SOURDT and A.SOURSQ=B.SOURSQ and A.PRCSCD=B.PRCSCD 
		  	and A.TRANDT = #{trandt}
			and A.STRKST <![CDATA[  <>  ]]> #{strkst}
		<if test="soursq != null and soursq !='' "> and A.SOURSQ = #{soursq}</if>
		<if test="prcscd != null and prcscd !='' "> and A.PRCSCD = #{prcscd}</if>
		<if test="transq != null and transq !='' "> and A.TRANSQ = #{transq}</if>
		<if test="stacid != null and stacid !='' "> and A.STACID = #{stacid}</if>
		and A.TRANBR IN @BASERESC_TP_1
		order by B.TRANDT desc
	</select>
	
		<select id="queryGlaTranByWkflid" parameterType="java.util.HashMap"
		resultType="com.sunline.sunfe.entity.GlaTran">
		SELECT
		STACID "stacid",
		SOURDT "sourdt",
		SOURSQ "soursq",
		REMARK "remark"
		FROM
		GLA_TRAN
		<where>
			stacid = #{stacid}
			and soursq = #{soursq}
			and sourdt = #{sourdt}
		</where>
	</select>
	
	
	<!-- 根据主键查找交易流水 -->
	<select id="selectByPrimaryKey" resultType="java.util.HashMap"
		parameterType="java.util.HashMap">
		SELECT
			A.STACID	"stacid",
			A.TRANDT	"trandt",
			A.TRANSQ	"transq",
			A.TRANTI	"tranti",
			A.TRANBR	"tranbr",
			A.USERCD	"usercd",
			A.ACCTBR	"acctbr",
			A.SOURDT	"sourdt",
			A.TRANTP	"trantp",
			A.CRCYCD	"crcycd",
			A.DCMTNO	"dcmtno",
			A.DCMTTP	"dcmttp",
			A.PRCSCD	"prcscd",
			A.TRANAM	"tranam",
			A.ITEMCD	"itemcd",
			A.STRKST	"strkst",
			A.ODTRDT	"odtrdt",
			A.ODTRSQ	"odtrsq",
			A.SYSTID	"systid",
			A.MAINBD	"mainbd",
			A.AUTHUS	"authus",
			A.BOOKNO	"bookno",
			A.CLERTG	"clertg",
			A.CLERNO	"clerno",
			A.REMARK	"remark"
		FROM 
			GLA_TRAN A
		WHERE 
			1=1
		<if test="trandt != null and trandt !='' "> and A.TRANDT = #{trandt}</if>
		<if test="transq != null and transq !='' "> and A.TRANSQ = #{transq}</if>
		<if test="stacid != null and stacid !='' "> and A.STACID = #{stacid}</if>
		<if test="soursq != null and soursq !='' "> and A.soursq = #{soursq}</if>
		<if test="sourdt != null and sourdt !='' "> and A.sourdt = #{sourdt}</if>
	</select>
	<!-- 更新交易流水-->
	<update id="updateGlaTranByPrimaryKey" parameterType="java.util.HashMap">
       UPDATE  GLA_TRAN
        SET STRKST = #{strkst} ,
         REMARK = #{remark} 
      WHERE 
      		STACID = #{stacid}
        AND SOURDT = #{sourdt} 
        AND SOURSQ = #{soursq} 
        AND PRCSCD = #{prcscd} 
	</update>
	
		<!-- 新增会计分录-->
	<insert id="insertGlaTran" parameterType="java.util.HashMap">
		INSERT INTO GLA_TRAN
			(STACID,TRANDT,TRANSQ,TRANTI,TRANBR,USERCD,ACCTBR,SOURDT,SOURSQ,TRANTP,CRCYCD,DCMTNO
			,DCMTTP,PRCSCD,TRANAM,ITEMCD,STRKST,ODTRDT,ODTRSQ,SYSTID,MAINBD,CLERTG,CLERNO)
		VALUES
			(#{stacid},#{trandt},#{transq},sysdate,#{tranbr},#{usercd},#{acctbr},#{sourdt},#{soursq},#{trantp}
			,#{crcycd},#{dcmtno},#{dcmttp},#{prcscd},#{tranam},#{itemcd},#{strkst},#{odtrdt},#{odtrsq},#{systid}
			,#{mainbd},#{clertg},#{clerno})
	</insert>
	
	<!-- 查询交易流水 -->
	<select id="queryGlaTrant" resultType="java.util.HashMap"
		parameterType="java.util.HashMap">
		SELECT
	      E.STACID  "stacid",
	      E.TRANDT  "trandt",
	      E.TRANSQ  "transq",
	      E.TRANTI  "tranti",
	      E.TRANBR  "tranbr",
	      E.USERCD  "usercd",
	      E.ACCTBR  "acctbr",
	      E.SOURDT  "sourdt",
	      E.TRANTP  "trantp",
	      E.CRCYCD  "crcycd",
	      E.TRANAM  "tranam",
	      E.ITEMCD  "itemcd",
	      E.STRKST  "strkst",
	      E.ODTRDT  "odtrdt",
	      E.ODTRSQ  "odtrsq",
	      E.SYSTID  "systid",
	      E.MAINBD  "mainbd",
	      E.AUTHUS  "authus",
	      E.BOOKNO  "bookno",
	      E.CLERTG  "clertg",
	      E.CLERNO  "clerno",
	      E.REMARK	"remark",
	      A.sourdt "sourdt",
	      A.soursq "soursq",
	      A.acctno "acctno",
	      A.amntcd "amntcd",
	      A.trannm "trannm",
	      A.tranam "tranam",
	      A.cnvtmd "cnvtmd",
	      A.cvtrmb "cvtrmb",
	      A.cvtusd "cvtusd",
	      D.wkflid "wkflid",
	      A.smrytx "smrytx",
	      B.crcycd "crcycd",
	      B.itemcd "itemcd",
	      B.brchno "brchno",
	      B.acctna "acctna",
	      B.ioflag "ioflag",
	      D.acetna "acetna",
	      D.transt "transt",
	      D.trandt "trandt",
	      D.transq "transq",
	      D.stacid "stacid",
	      D.soursq "soursq",
	      D.sourst "sourst",
	      (
	        CASE A.amntcd
	        WHEN 'C' THEN
	          A.tranam
	        WHEN 'P' THEN
	          A.tranam
	        ELSE
	          0
	        END
	      ) AS "crtram",
	      (
	        CASE A.amntcd
	        WHEN 'D' THEN
	          A.tranam
	        WHEN 'R' THEN
	          A.tranam
	        ELSE
	          0
	        END
	      ) AS "drtram"
      FROM
        gla_tran E left join gla_aeuv D on E.Sourdt=D.Sourdt and E.Soursq=D.Soursq and E.prcscd=D.Prcscd  left join 
        gla_aeuv_detl A  on  a.soursq = D.soursq and A.sourdt = D.sourdt
        left join  gla_acct B on A.acctno = B.acctno
        where 1=1
		<if test="stacid != null and stacid !='' "> and E.STACID = #{stacid}</if>
		<if test="sourdt != null and sourdt !='' "> and E.SOURDT = #{sourdt}</if>
		<if test="soursq != null and soursq !='' "> and E.SOURSQ = #{soursq}</if>
		<if test="prcscd != null and prcscd !='' "> and E.prcscd = #{prcscd}</if>
		<if test="transq != null and transq !='' "> and E.TRANSQ = #{transq}</if>
		<if test="trandt != null and trandt !='' "> and E.TRANDT = #{trandt}</if>
	</select>
	
		<!-- 查找处理状态 -->
	<select id="selectTranst" parameterType="java.util.HashMap" resultType="java.util.HashMap">
	SELECT 
			TRANST "transt"
	FROM 
			GLA_AEUV 
	<where>
		<if test="soursq != null and soursq !='' "> and soursq = #{soursq}</if>
		<if test="sourst != null and sourst !='' "> and sourst = #{sourst}</if>
		<if test="stacid != null and stacid !='' "> and stacid = #{stacid}</if>
		<if test="wkflid != null and wkflid !='' "> and wkflid = #{wkflid}</if>
	</where>
	</select>
	
	<update id="updateGlaTranStrkst"  parameterType="java.util.HashMap" >
		UPDATE gla_tran A
		   SET A.strkst = #{strkst}
		 WHERE EXISTS (
       	SELECT B.sourdt, B.soursq, B.prcscd
          FROM gla_aeuv B
         WHERE B.Sourdt = A.Sourdt
           ANd B.soursq = A.Soursq
           AND b.prcscd = a.prcscd
           AND B.Wkflid = #{wkflid})
		
	</update>
		<update id="updateGlaTranRemark"  parameterType="java.util.HashMap" >
		UPDATE gla_tran A
		   SET A.remark = #{remark}
		 WHERE EXISTS (
       	SELECT B.sourdt, B.soursq, B.prcscd
          FROM gla_aeuv B
         WHERE B.Sourdt = A.Sourdt
           ANd B.soursq = A.Soursq
           AND b.prcscd = a.prcscd
           AND B.Wkflid = #{wkflid})
		
	</update>
	
	<select id="selectGlaTranStrkst"  parameterType="java.util.HashMap" resultType="java.util.HashMap">
		SELECT A.strkst "strkst"
		  FROM gla_tran A
		 WHERE  EXISTS (
        SELECT B.sourdt, B.soursq, B.prcscd
          FROM gla_aeuv B
         WHERE B.Sourdt = A.Sourdt
           ANd B.soursq = A.Soursq
           AND b.prcscd = a.prcscd
           AND B.Wkflid = #{wkflid})
		
	</select>
	<update id="updateGlaAeuvTranst"  parameterType="java.util.HashMap">
		UPDATE GLA_AEUV 
			SET STRKST=#{transt}
		<where>
			<if test="sourdt != null and sourdt !='' ">  sourdt = #{sourdt}</if>
			<if test="soursq != null and soursq !='' "> and soursq = #{soursq}</if>
			<if test="sourst != null and sourst !='' "> and sourst = #{sourst}</if>
			<if test="stacid != null and stacid !='' "> and stacid = #{stacid}</if>
			<if test="wkflid != null and wkflid !='' "> and wkflid = #{wkflid}</if>
		</where>
	</update>
	<update id="updateSTRKST"  parameterType="java.util.HashMap">
		UPDATE GLA_TRAN
			SET STRKST=#{transt}
		<where>
			<if test="soursq != null and soursq !='' "> and soursq = #{soursq}</if>
			and stacid = #{stacid}
			and sourdt = #{sourdt}
		</where>
	</update>
	<select id="getaeuv" parameterType="java.util.HashMap" resultType="java.util.HashMap">
		select soursq "soursq",sourdt "sourdt"
		from 
		GLA_AEUV
		where wkflid = #{wkflid} and stacid = #{stacid}
	</select>
	
</mapper>