<?xml version="1.0" encoding="UTF-8"?>
<!DOCTYPE mapper PUBLIC "-//mybatis.org//DTD Mapper 3.0//EN" "http://mybatis.org/dtd/mybatis-3-mapper.dtd">
<mapper namespace="com.sunline.sunfe.mybatis.glavchr">
	<!-- 凭证查询 -->
	<select id="getGlavchrlistPage" parameterType="java.util.HashMap" resultType="java.util.HashMap">
                select  a.stacid "stacid",
						a.sourac "sourac",
						a.systid "systid",
						a.trandt "trandt",
						a.transq "transq",
						a.tranbr "tranbr",
						a.acctbr "acctbr",
						a.itemcd "itemcd",
						a.crcycd "crcycd",
						a.amntcd "amntcd",
						a.tranam "tranam",
						a.sourdt "sourdt",
						a.soursq "soursq",
						a.srvcsq "srvcsq",
						a.usercd "usercd",
						a.smrytx "smrytx",
						 a.centcd "centcd",
				         a.acctno "acctno",
				         a.prsncd "prsncd",
				         a.prducd "prducd",
				         a.custcd "custcd",
				         a.prlncd "prlncd",
				         a.assis0 "assis0",
				         a.assis1 "assis1",
				         a.assis2 "assis2",
				         a.assis3 "assis3",
				         a.assis4 "assis4",
				         a.assis5 "assis5",
				         a.assis6 "assis6",
				         a.assis7 "assis7", 
				         a.assis8 "assis8",
				         a.assis9 "assis9"
		<if test="glavchrDateMode==1 ">from gla_vchr a</if>
		<if test="glavchrDateMode==0">from gla_vchr_h a</if>
              where a.stacid = #{stacid}  <![CDATA[ and a.trandt >= #{startDate} and a.trandt <= #{endDate} ]]>
		<if test="transq != null and transq != ''"> and a.transq = #{transq}</if>
		<if test="systid != null and systid != ''"> and a.systid = #{systid}</if>
		<if test="tranbr != null and tranbr != ''"> and a.tranbr = #{tranbr}</if>
		<if test="itemcd != null and itemcd != ''"> and a.itemcd = #{itemcd}</if>
		<if test="crcycd != null and crcycd != ''"> and a.crcycd = #{crcycd}</if>
		<if test="tranam != null and tranam != ''"> and a.tranam = #{tranam}</if>
		<if test="usercd != null and usercd != ''"> and a.usercd = #{usercd}</if>
		<if test="soursq != null and soursq != ''"> and a.soursq = #{soursq} </if>
		<if test="acctbr != null and acctbr != ''"> and a.acctbr = #{acctbr}</if>
		<if test="smrytx != null and smrytx != ''"> and a.smrytx like '%${smrytx}%'</if>
		<if test="centcd != null and centcd !='' "> and a.centcd <![CDATA[ >= ]]>#{centcd}</if>
		<if test="centcdUp != null and centcdUp !='' "> and a.centcd<![CDATA[ <= ]]> #{centcdUp}</if>
		<if test="prsncd != null and prsncd !='' "> and a.prsncd <![CDATA[ >= ]]>#{prsncd}</if>
		<if test="prsncdUp != null and prsncdUp !='' "> and a.prsncd<![CDATA[ <= ]]> #{prsncdUp}</if>
		<if test="prducd != null and prducd !='' "> and a.prducd <![CDATA[ >= ]]>#{prducd}</if>
		<if test="prducdUp != null and prducdUp !='' "> and a.prducd<![CDATA[ <= ]]> #{prducdUp}</if>
		<if test="prlncd != null and prlncd !='' "> and a.prlncd <![CDATA[ >= ]]>#{prlncd}</if>
		<if test="prlncdUp != null and prlncdUp !='' "> and a.prlncd<![CDATA[ <= ]]> #{prlncdUp}</if>
		<if test="acctno != null and acctno !='' "> and a.acctno <![CDATA[ >= ]]>#{acctno}</if>
		<if test="acctnoUp != null and acctnoUp !='' "> and a.acctno<![CDATA[ <= ]]> #{acctnoUp}</if>
		<if test="custcd != null and custcd !='' "> and a.custcd <![CDATA[ >= ]]>#{custcd}</if>
		<if test="custcdUp != null and custcdUp !='' "> and a.custcd<![CDATA[ <= ]]> #{custcdUp}</if>
		<if test="assis0 != null and assis0 !='' "> and a.assis0 <![CDATA[ >= ]]>#{assis0}</if>
		<if test="assis0Up != null and assis0Up !='' "> and a.assis0<![CDATA[ <= ]]> #{assis0Up}</if>
		<if test="assis1 != null and assis1 !='' "> and a.assis1 <![CDATA[ >= ]]>#{assis1}</if>
		<if test="assis1Up != null and assis1Up !='' "> and a.assis1<![CDATA[ <= ]]> #{assis1Up}</if>
		<if test="assis2 != null and assis2 !='' "> and a.assis2 <![CDATA[ >= ]]>#{assis2}</if>
		<if test="assis2Up != null and assis2Up !='' "> and a.assis2<![CDATA[ <= ]]> #{assis2Up}</if>
		<if test="assis3 != null and assis3 !='' "> and a.assis3 <![CDATA[ >= ]]>#{assis3}</if>
		<if test="assis3Up != null and assis3Up !='' "> and a.assis3<![CDATA[ <= ]]> #{assis3Up}</if>
		<if test="assis4 != null and assis4 !='' "> and a.assis4 <![CDATA[ >= ]]>#{assis4}</if>
		<if test="assis4Up != null and assis4Up !='' "> and a.assis4<![CDATA[ <= ]]> #{assis4Up}</if>
		<if test="assis5 != null and assis5 !='' "> and a.assis5 <![CDATA[ >= ]]>#{assis5}</if>
		<if test="assis5Up != null and assis5Up !='' "> and a.assis5<![CDATA[ <= ]]> #{assis5Up}</if>
		<if test="assis6 != null and assis6 !='' "> and a.assis6 <![CDATA[ >= ]]>#{assis6}</if>
		<if test="assis6Up != null and assis6Up !='' "> and a.assis6<![CDATA[ <= ]]> #{assis6Up}</if>
		<if test="assis7 != null and assis7 !='' "> and a.assis7 <![CDATA[ >= ]]>#{assis7}</if>
		<if test="assis7Up != null and assis7Up !='' "> and a.assis7<![CDATA[ <= ]]> #{assis7Up}</if>
		<if test="assis8 != null and assis8 !='' "> and a.assis8 <![CDATA[ >= ]]>#{assis8}</if>
		<if test="assis8Up != null and assis8Up !='' "> and a.assis8<![CDATA[ <= ]]> #{assis8Up}</if>
		<if test="assis9 != null and assis9 !='' "> and a.assis9 <![CDATA[ >= ]]>#{assis9}</if>
		<if test="assis9Up != null and assis9Up !='' "> and a.assis9<![CDATA[ <= ]]> #{assis9Up}</if>
		AND a.stacid in @BASERESC_TP_20
		AND a.acctbr in @BASERESC_TP_1
		ORDER BY a.sourdt DESC, a.soursq DESC, a.srvcsq ASC
	</select>

	<!-- 查询凭证 -->
	<select id="getVchrlistPage" parameterType="java.util.HashMap" resultType="java.util.HashMap">
		 select a.stacid "stacid",
				a.systid "systid",
				a.trandt "trandt",
				a.transq "transq",
				a.tranbr "tranbr",
				a.acctbr "acctbr",
				a.itemcd "itemcd",
				a.crcycd "crcycd",
				a.amntcd "amntcd",
				a.tranam "tranam",
				a.sourdt "sourdt",
				a.soursq "soursq",
				a.srvcsq "srvcsq",
				a.usercd "usercd",
				a.assis0 "assis0",
				a.assis1 "assis1",
				a.assis2 "assis2",
				a.assis3 "assis3",
				a.assis4 "assis4",
				a.assis5 "assis5",
				a.assis6 "assis6",
				a.assis7 "assis7",
				a.assis8 "assis8",
				a.assis9 "assis9",
				a.centcd "centcd",
				a.prsncd "prsncd",
				a.custcd "custcd",
				a.prducd "prducd",
				a.prlncd "prlncd",
				a.acctno "acctno",
		        a.smrytx "smrytx",
		        a.clertg "clertg",
                a.clerod "clerod",
                a.centsq "centsq" from
		<if test="sourdt == glisdt">gla_vchr a</if>
		<if test="sourdt != glisdt">gla_vchr_h a</if>
		where a.stacid=#{stacid}
		and a.sourst=#{systid}
		and a.soursq=#{soursq}
		and a.sourdt=#{sourdt}
		AND a.stacid in @BASERESC_TP_20
		AND a.acctbr in @BASERESC_TP_1
		order by a.srvcsq
	</select>

	<!-- 交易流水数据查询 -->
	<select id="getLoanBusilistPage" parameterType="java.util.HashMap" resultType="java.util.HashMap">
		select a.stacid "stacid",
		a.systid "systid",
		a.trandt "trandt",
		a.transq "transq",
		a.prcscd "prcscd",
		a.prodcd "prodcd",
		a.loanp1 "loanp1",
		a.loanp2 "loanp2",
		a.loanp3 "loanp3",
		a.loanp4 "loanp4",
		a.loanp5 "loanp5",
		a.loanp6 "loanp6",
		a.loanp9 "loanp9",
		a.loanpa "loanpa",
		a.tranbr "tranbr",
		a.acctbr "acctbr",
		a.crcycd "crcycd",
		a.tranam "tranam",
		<!-- a.captam "captam",
		a.dwinam "dwinam",
		a.chinam "chinam",
		a.ltinam "ltinam", -->
		a.prlncd "prlncd",
		a.status "status",
		a.loanp8 "loanp8"
		from loan_busi a
		where a.stacid=#{stacid}
		AND a.systid=#{systid}
		AND a.trandt=#{sourdt}
		AND a.transq=#{soursq}
		AND a.stacid in @BASERESC_TP_20
		AND a.acctbr in @BASERESC_TP_1
		order by serino
	</select>

    <!--获取凭证流水-->
    <select id="tranData" parameterType="java.util.HashMap" resultType="java.util.HashMap">
                      select distinct a.stacid "stacid",
                                      a.systid "systid",
					                  a.trandt "trandt",
					                  a.transq "transq",
					                  a.tranbr "tranbr",
					                  a.crcycd "crcycd"
					    <if test="glavchrDateMode==1 "> from gla_vchr a</if>
		                <if test="glavchrDateMode==0">from gla_vchr_h a</if>
		 where a.stacid = #{stacid}
        <if test= "startDate != null and startDate != ''"> and a.trandt <![CDATA[ >= ]]> #{startDate}</if>
		<if test= "endDate != null and endDate != ''"> and a.trandt <![CDATA[ <= ]]> #{endDate}</if>
		<if test= "trandt != null and trandt != ''"> and a.trandt=#{trandt}</if>
		<if test="transq != null and transq != ''"> and a.transq = #{transq}</if>
		<if test="systid != null and systid != ''"> and a.systid = #{systid}</if>
		<if test="tranbr != null and tranbr != ''"> and a.tranbr = #{tranbr}</if>
		<if test="itemcd != null and itemcd != ''"> and a.itemcd = #{itemcd}</if>
		<if test="crcycd != null and crcycd != ''"> and a.crcycd = #{crcycd}</if>
		<if test="tranam != null and tranam != ''"> and a.tranam = #{tranam}</if>
		<if test="usercd != null and usercd != ''"> and a.usercd = #{usercd}</if>
		<if test="soursq != null and soursq != ''"> and a.soursq = #{soursq} </if>
		<if test="acctbr != null and acctbr != ''"> and a.acctbr = #{acctbr}</if>
		<if test="smrytx != null and smrytx != ''"> and a.smrytx like '%${smrytx}%'</if>
		<if test="centcd != null and centcd !='' "> and a.centcd <![CDATA[ >= ]]>#{centcd}</if>
		<if test="centcdUp != null and centcdUp !='' "> and a.centcd<![CDATA[ <= ]]> #{centcdUp}</if>
		<if test="prsncd != null and prsncd !='' "> and a.prsncd <![CDATA[ >= ]]>#{prsncd}</if>
		<if test="prsncdUp != null and prsncdUp !='' "> and a.prsncd<![CDATA[ <= ]]> #{prsncdUp}</if>
		<if test="prducd != null and prducd !='' "> and a.prducd <![CDATA[ >= ]]>#{prducd}</if>
		<if test="prducdUp != null and prducdUp !='' "> and a.prducd<![CDATA[ <= ]]> #{prducdUp}</if>
		<if test="prlncd != null and prlncd !='' "> and a.prlncd <![CDATA[ >= ]]>#{prlncd}</if>
		<if test="prlncdUp != null and prlncdUp !='' "> and a.prlncd<![CDATA[ <= ]]> #{prlncdUp}</if>
		<if test="acctno != null and acctno !='' "> and a.acctno <![CDATA[ >= ]]>#{acctno}</if>
		<if test="acctnoUp != null and acctnoUp !='' "> and a.acctno<![CDATA[ <= ]]> #{acctnoUp}</if>
		<if test="custcd != null and custcd !='' "> and a.custcd <![CDATA[ >= ]]>#{custcd}</if>
		<if test="custcdUp != null and custcdUp !='' "> and a.custcd<![CDATA[ <= ]]> #{custcdUp}</if>
		<if test="assis0 != null and assis0 !='' "> and a.assis0 <![CDATA[ >= ]]>#{assis0}</if>
		<if test="assis0Up != null and assis0Up !='' "> and a.assis0<![CDATA[ <= ]]> #{assis0Up}</if>
		<if test="assis1 != null and assis1 !='' "> and a.assis1 <![CDATA[ >= ]]>#{assis1}</if>
		<if test="assis1Up != null and assis1Up !='' "> and a.assis1<![CDATA[ <= ]]> #{assis1Up}</if>
		<if test="assis2 != null and assis2 !='' "> and a.assis2 <![CDATA[ >= ]]>#{assis2}</if>
		<if test="assis2Up != null and assis2Up !='' "> and a.assis2<![CDATA[ <= ]]> #{assis2Up}</if>
		<if test="assis3 != null and assis3 !='' "> and a.assis3 <![CDATA[ >= ]]>#{assis3}</if>
		<if test="assis3Up != null and assis3Up !='' "> and a.assis3<![CDATA[ <= ]]> #{assis3Up}</if>
		<if test="assis4 != null and assis4 !='' "> and a.assis4 <![CDATA[ >= ]]>#{assis4}</if>
		<if test="assis4Up != null and assis4Up !='' "> and a.assis4<![CDATA[ <= ]]> #{assis4Up}</if>
		<if test="assis5 != null and assis5 !='' "> and a.assis5 <![CDATA[ >= ]]>#{assis5}</if>
		<if test="assis5Up != null and assis5Up !='' "> and a.assis5<![CDATA[ <= ]]> #{assis5Up}</if>
		<if test="assis6 != null and assis6 !='' "> and a.assis6 <![CDATA[ >= ]]>#{assis6}</if>
		<if test="assis6Up != null and assis6Up !='' "> and a.assis6<![CDATA[ <= ]]> #{assis6Up}</if>
		<if test="assis7 != null and assis7 !='' "> and a.assis7 <![CDATA[ >= ]]>#{assis7}</if>
		<if test="assis7Up != null and assis7Up !='' "> and a.assis7<![CDATA[ <= ]]> #{assis7Up}</if>
		<if test="assis8 != null and assis8 !='' "> and a.assis8 <![CDATA[ >= ]]>#{assis8}</if>
		<if test="assis8Up != null and assis8Up !='' "> and a.assis8<![CDATA[ <= ]]> #{assis8Up}</if>
		<if test="assis9 != null and assis9 !='' "> and a.assis9 <![CDATA[ >= ]]>#{assis9}</if>
		<if test="assis9Up != null and assis9Up !='' "> and a.assis9<![CDATA[ <= ]]> #{assis9Up}</if>
		AND a.stacid in @BASERESC_TP_20
		AND a.acctbr in @BASERESC_TP_1
		ORDER BY a.trandt DESC, a.transq DESC
    </select>
    <select id="getCurrentVchrRows" parameterType="java.util.HashMap" resultType="java.util.HashMap">
                      select count(1) "vchrRows"
					    <if test="glavchrDateMode==1 "> from gla_vchr a</if>
		                <if test="glavchrDateMode==0">from gla_vchr_h a</if>
					   where a.stacid = #{stacid}
        <if test= "startDate != null and startDate != ''"> and a.trandt <![CDATA[ >= ]]> #{startDate}</if>
		<if test= "endDate != null and endDate != ''"> and a.trandt <![CDATA[ <= ]]> #{endDate}</if>
		<if test= "trandt != null and trandt != ''"> and a.trandt=#{trandt}</if>
		<if test="transq != null and transq != ''"> and a.transq = #{transq}</if>
		<if test="systid != null and systid != ''"> and a.systid = #{systid}</if>
		<if test="tranbr != null and tranbr != ''"> and a.tranbr = #{tranbr}</if>
		<if test="itemcd != null and itemcd != ''"> and a.itemcd = #{itemcd}</if>
		<if test="crcycd != null and crcycd != ''"> and a.crcycd = #{crcycd}</if>
		<if test="tranam != null and tranam != ''"> and a.tranam = #{tranam}</if>
		<if test="usercd != null and usercd != ''"> and a.usercd = #{usercd}</if>
		<if test="soursq != null and soursq != ''"> and a.soursq = #{soursq} </if>
		<if test="acctbr != null and acctbr != ''"> and a.acctbr = #{acctbr}</if>
		<if test="smrytx != null and smrytx != ''"> and a.smrytx like '%${smrytx}%'</if>
		<if test="centcd != null and centcd !='' "> and a.centcd <![CDATA[ >= ]]>#{centcd}</if>
		<if test="centcdUp != null and centcdUp !='' "> and a.centcd<![CDATA[ <= ]]> #{centcdUp}</if>
		<if test="prsncd != null and prsncd !='' "> and a.prsncd <![CDATA[ >= ]]>#{prsncd}</if>
		<if test="prsncdUp != null and prsncdUp !='' "> and a.prsncd<![CDATA[ <= ]]> #{prsncdUp}</if>
		<if test="prducd != null and prducd !='' "> and a.prducd <![CDATA[ >= ]]>#{prducd}</if>
		<if test="prducdUp != null and prducdUp !='' "> and a.prducd<![CDATA[ <= ]]> #{prducdUp}</if>
		<if test="prlncd != null and prlncd !='' "> and a.prlncd <![CDATA[ >= ]]>#{prlncd}</if>
		<if test="prlncdUp != null and prlncdUp !='' "> and a.prlncd<![CDATA[ <= ]]> #{prlncdUp}</if>
		<if test="acctno != null and acctno !='' "> and a.acctno <![CDATA[ >= ]]>#{acctno}</if>
		<if test="acctnoUp != null and acctnoUp !='' "> and a.acctno<![CDATA[ <= ]]> #{acctnoUp}</if>
		<if test="custcd != null and custcd !='' "> and a.custcd <![CDATA[ >= ]]>#{custcd}</if>
		<if test="custcdUp != null and custcdUp !='' "> and a.custcd<![CDATA[ <= ]]> #{custcdUp}</if>
		<if test="assis0 != null and assis0 !='' "> and a.assis0 <![CDATA[ >= ]]>#{assis0}</if>
		<if test="assis0Up != null and assis0Up !='' "> and a.assis0<![CDATA[ <= ]]> #{assis0Up}</if>
		<if test="assis1 != null and assis1 !='' "> and a.assis1 <![CDATA[ >= ]]>#{assis1}</if>
		<if test="assis1Up != null and assis1Up !='' "> and a.assis1<![CDATA[ <= ]]> #{assis1Up}</if>
		<if test="assis2 != null and assis2 !='' "> and a.assis2 <![CDATA[ >= ]]>#{assis2}</if>
		<if test="assis2Up != null and assis2Up !='' "> and a.assis2<![CDATA[ <= ]]> #{assis2Up}</if>
		<if test="assis3 != null and assis3 !='' "> and a.assis3 <![CDATA[ >= ]]>#{assis3}</if>
		<if test="assis3Up != null and assis3Up !='' "> and a.assis3<![CDATA[ <= ]]> #{assis3Up}</if>
		<if test="assis4 != null and assis4 !='' "> and a.assis4 <![CDATA[ >= ]]>#{assis4}</if>
		<if test="assis4Up != null and assis4Up !='' "> and a.assis4<![CDATA[ <= ]]> #{assis4Up}</if>
		<if test="assis5 != null and assis5 !='' "> and a.assis5 <![CDATA[ >= ]]>#{assis5}</if>
		<if test="assis5Up != null and assis5Up !='' "> and a.assis5<![CDATA[ <= ]]> #{assis5Up}</if>
		<if test="assis6 != null and assis6 !='' "> and a.assis6 <![CDATA[ >= ]]>#{assis6}</if>
		<if test="assis6Up != null and assis6Up !='' "> and a.assis6<![CDATA[ <= ]]> #{assis6Up}</if>
		<if test="assis7 != null and assis7 !='' "> and a.assis7 <![CDATA[ >= ]]>#{assis7}</if>
		<if test="assis7Up != null and assis7Up !='' "> and a.assis7<![CDATA[ <= ]]> #{assis7Up}</if>
		<if test="assis8 != null and assis8 !='' "> and a.assis8 <![CDATA[ >= ]]>#{assis8}</if>
		<if test="assis8Up != null and assis8Up !='' "> and a.assis8<![CDATA[ <= ]]> #{assis8Up}</if>
		<if test="assis9 != null and assis9 !='' "> and a.assis9 <![CDATA[ >= ]]>#{assis9}</if>
		<if test="assis9Up != null and assis9Up !='' "> and a.assis9<![CDATA[ <= ]]> #{assis9Up}</if>
		AND a.stacid in @BASERESC_TP_20
		AND a.acctbr in @BASERESC_TP_1
    </select>
    
    <select id="getTranUser" parameterType="java.util.HashMap" resultType="java.util.HashMap">
	   select usercd "usercd", psauus "psauus", acsrnm "acsrnm" from
	    <if test="glavchrDateMode==1 ">gla_tran</if>
		<if test="glavchrDateMode==0">gla_tran_h</if>
	   where stacid=#{stacid} and transq=#{transq} and trandt=#{trandt}
    </select>
    
    <!-- 获取凭证流水数据的分录-->
    <select id="vchrData" parameterType="java.util.HashMap" resultType="java.util.HashMap">
                               select a.stacid "stacid",
					                  a.trandt "trandt",
					                  a.transq "transq",
					                  a.itemcd "itemcd",
					                  a.smrytx "smrytx",
					                  a.acctbr "acctbr",
					                  a.amntcd "amntcd",
					                  a.tranam "tranam",
					                  a.vchrsq "vchrsq"
					    <if test="glavchrDateMode==1 ">from gla_vchr a</if>
		                <if test="glavchrDateMode==0">from gla_vchr_h a</if>					    
					            where a.stacid=#{stacid}			     
					              and a.crcycd=#{crcycd}
                                  and a.transq=#{transq}
                                  and a.trandt=#{trandt}
                                  and a.systid=#{systid}
                                  AND a.stacid in @BASERESC_TP_20
				                  AND a.acctbr in @BASERESC_TP_1
				                  ORDER BY a.transq, a.vchrsq
    </select>

	<!-- 获取当前账套启用的多维核算项 -->
	<select id="getEnableDimensions" parameterType="java.lang.String" resultType="java.util.HashMap">
		select * from com_itex where stacid=#{stacid} and valide = '1' order by pscope,assimp
	</select>
	
	<!-- 获取当前账套已使用的多维核算项 -->
	<select id="getUsedDimensions" parameterType="java.util.HashMap" resultType="java.util.HashMap">
		select count(1) "paraCount" from com_mlcf where stacid=#{STACID} and ${ASSIMP} is not null
	</select>
	
	<!-- 获取用户权限 -->
	<select id="getSysPrivAsgn" parameterType="java.lang.String" resultType="java.util.HashMap">
	    select count(1) "privCount" from sys_priv_asgn t where t.priv_asgn =#{usercd}
	</select>
	
	<!-- 获取当前账套已使用的多维核算项 -->
	<select id="getUsedDisByItem" parameterType="java.util.HashMap" resultType="java.util.HashMap">
		select count(1) "para" from com_mlcf_detl where stacid=#{STACID}  and ${ASSIMP} is not null
		<if test="itemcd != null and itemcd !='' ">and itemcd=#{itemcd}</if>
	</select>
	
		<insert id="insertEntitiesBatch" parameterType="java.util.List">
		INSERT INTO Gla_Vchr
			   (stacid, --账套标记
			    systid, --系统标识
			    trandt, --交易日期
			    transq, --交易流水
			    tranbr, --交易机构
			    acctbr, --账务机构
			    itemcd, --科目代码
			    crcycd, --币种代码
			    trantp, --交易类型
			    amntcd, --借贷方向
			    tranam, --交易金额
			    tranbl, --交易余额
			    ioflag,
			    blncdn, --当前余额方向
			    smrytx, --摘要
			    exchcn, --中间价
			    exchus, --折算率
			    usercd, --用户代码
			    sourdt, --业务日期
			    soursq, --业务流水
			    sourst, --源系统标识
			    srvcsq, --源传票序号
			    bearbl, --承前余额
			    beardn, --承前余额方向
			    toitem, --对方科目
			    centcd,
			    prsncd,
			    prducd,
			    prlncd,
			    custcd,
			    acctno,
			    assis0, --辅助核算0（机构核算）
			    assis1, --辅助核算1（人员核算）
			    assis2, --辅助核算2（往来核算）
			    assis3, --辅助核算3（产品核算）
			    assis4, --辅助核算4（责任中心）
			    assis5, --辅助核算5（项目核算）
			    assis6, --辅助核算6（自定义）
			    assis7, --辅助核算7（自定义）
			    assis8, --辅助核算8（自定义）
			    assis9, --辅助核算9（自定义）
			    transt,
			    subsac,
			    sourac)
        <foreach collection="list" item="glaVchr" index="index" separator="union all">
        select #{glaVchr.stacid},
			   #{glaVchr.systid},
			   #{glaVchr.trandt},
			   #{glaVchr.transq},
			   #{glaVchr.tranbr},
			   #{glaVchr.acctbr},
			   #{glaVchr.itemcd},
			   #{glaVchr.crcycd},
			   #{glaVchr.trantp},
			   #{glaVchr.amntcd},
			   #{glaVchr.tranam},
			   #{glaVchr.tranbl},
			   #{glaVchr.ioflag},
			   #{glaVchr.blncdn,jdbcType=VARCHAR},
			   #{glaVchr.smrytx},
			   #{glaVchr.exchcn},
			   #{glaVchr.exchus},
			   #{glaVchr.usercd},
			   #{glaVchr.sourdt},
			   #{glaVchr.soursq},
			   #{glaVchr.sourst},
			   #{glaVchr.srvcsq},
			   #{glaVchr.bearbl},
			   #{glaVchr.beardn,jdbcType=VARCHAR},
			   #{glaVchr.toitem},
			   #{glaVchr.centcd},
			   #{glaVchr.prsncd},
			   #{glaVchr.prducd},
			   #{glaVchr.prlncd},
			   #{glaVchr.custcd},
			   #{glaVchr.acctno},
			   #{glaVchr.assis0},
			   #{glaVchr.assis1},
			   #{glaVchr.assis2},
			   #{glaVchr.assis3},
			   #{glaVchr.assis4},
			   #{glaVchr.assis5},
			   #{glaVchr.assis6},
			   #{glaVchr.assis7},
			   #{glaVchr.assis8},
			   #{glaVchr.assis9},
			   #{glaVchr.transt},
			   #{glaVchr.subsac,jdbcType=VARCHAR},
			   #{glaVchr.stacid}
		from dual
        </foreach>
    </insert>

	<insert id="insertGlaVchrFromAudit" parameterType="java.util.HashMap">
	            INSERT INTO Gla_Vchr
                (Stacid,
                 Systid,
                 Sourst,
                 Sourdt,
                 Soursq,
                 Vchrsq,
                 Tranbr,
                 Acctbr,
                 Itemcd,
                 Crcycd,
                 Centcd,
                 Prsncd,
                 Custcd,
                 Prducd,
                 Prlncd,
                 Acctno,
                 Trantp,
                 Amntcd,
                 Tranam,
                 Smrytx,
                 Srvcsq,
                 Usercd,
                 Transt,
                 Trandt,
                 Transq,
                 Ioflag,
                 Assis0,
                 Assis1,
                 Assis2,
                 Assis3,
                 Assis4,
                 Assis5,
                 Assis6,
                 Assis7,
                 Assis8,
                 Assis9,
                 sourac)
                SELECT #{mastac},
                       Gv.Sourst,
                       Gv.Sourst,
                       #{glisdt},
                       Gv.Soursq,
                       Gv.Vchrsq,
                       Gv.Acctbr,
                       Gv.Acctbr,
                       Gv.Itemcd,
                       Gv.Crcycd,
                       Gv.Centcd,
                       Gv.Prsncd,
                       Gv.Custcd,
                       Gv.Prducd,
                       Gv.Prlncd,
                       Gv.Acctno,
                       'TR',
                       Gv.Amntcd,
                       Gv.Tranam,
                       Gv.Smrytx,
                       Gv.Vchrsq,
                       Gv.Usercd,
                       Gv.Transt,
                       #{glisdt},
                       Gv.Transq,
                       Ci.Ioflag,
                       Gv.Assis0,
                       Gv.Assis1,
                       Gv.Assis2,
                       Gv.Assis3,
                       Gv.Assis4,
                       Gv.Assis5,
                       Gv.Assis6,
                       Gv.Assis7,
                       Gv.Assis8,
                       Gv.Assis9,
                       Gv.stacid
                  FROM Gli_Adjt_Vchr Gv,
                       Com_Item Ci
                 WHERE Gv.Stacid = #{stacid}
                   AND Gv.Trandt IN (SELECT DISTINCT Adjtdt
                                       FROM Gab_Adjt
                                      WHERE Stacid = #{stacid}
                                        AND Status = '1')
                   AND Ci.Itemcd = Gv.Itemcd
                   AND Ci.Stacid = #{mastac}
                   AND Gv.Transt = '0'
	</insert>
</mapper>