<?xml version="1.0" encoding="UTF-8"?>
<!DOCTYPE mapper PUBLIC "-//mybatis.org//DTD Mapper 3.0//EN" "http://mybatis.org/dtd/mybatis-3-mapper.dtd">
<mapper namespace="com.sunline.sunfe.mybatis.glbDeptBook" >

    <select id="queryglbDeptBooklistPage" parameterType="java.util.HashMap" resultType="java.util.HashMap">
			        select 		STACID "stacid",
								ACCTDT "acctdt",
								SYSTID "systid",
								ACCTNO "acctno",
								SUBACC "subacc",
								BRCHCD "brchcd",
								ACCTTP "accttp",
								TYPECD "typecd",
								CRCYCD "crcycd",
								CAPTAL "captal",
								TRPRCD "trprcd",
								ITEMCD "itemcd",
								PRODCD "prodcd",
								LOANP1 "loanp1",
								LOANP2 "loanp2",
								LOANP3 "loanp3",
								LOANP4 "loanp4",
								LOANP5 "loanp5",
								LOANP6 "loanp6",
								LOANP7 "loanp7",
								LOANP8 "loanp8", 
								LOANP9 "loanp9",
								LOANPA "loanpa"
			        
					  from glb_dept_book  
					<where>
					     <if test= "stacid != null and stacid != ''">
				            AND stacid=#{stacid}
				         </if>
				         <if test= "systid != null and systid != ''">
				            AND systid=#{systid}
				         </if>
				         <if test= "acctdt != null and acctdt != ''">
				            AND acctdt=#{acctdt}
				         </if>
				         <if test= "brchcd != null and brchcd != ''">
				            AND brchcd=#{brchcd}
				         </if>
				         <if test= "crcycd != null and crcycd != ''">
				            AND crcycd=#{crcycd}
				         </if>
				         <if test= "prodcd != null and prodcd != ''">
				            AND prodcd=#{prodcd}
				         </if>
				            AND stacid in @BASERESC_TP_20
				            AND brchcd in @BASERESC_TP_1
				     </where>
				           
   </select>
</mapper>