<?xml version="1.0" encoding="UTF-8"?>
<!DOCTYPE mapper PUBLIC "-//mybatis.org//DTD Mapper 3.0//EN" "http://mybatis.org/dtd/mybatis-3-mapper.dtd">
<mapper namespace="com.sunline.sunfe.mybatis.glcheck">
	<!-- 获取外围系统信息-->
	<select id="getComSyst" parameterType="java.util.HashMap" resultType="java.util.HashMap">
          SELECT 
          		STACID "stacid",
				SYSTID "systid",
				SYSTNA "systna",
				SPRRCD "sprrcd",
				DETLTG "detltg",
				SYSTDT "systdt",
				PREPST "prepst",
				VALIDE "valide",
				SYRMTX "syrmtx",
				ISSAME "issame"
              FROM Com_Syst
             WHERE Stacid = #{stacid}
               AND Systid = #{systid}
	</select>
	<!-- 获取币种系统信息-->
	<select id="getComCrcy" parameterType="java.util.HashMap" resultType="java.util.HashMap">
          SELECT 
	            CRCYCD "crcycd", --币种代码      
				CRCYNA "crcyna", --币种名称      
				CRCYEN "crcyen", --币种英文简称  
				CRCYSG "crcysg", --币种符号      
				CRCYDG "crcydg", --币种小数位    
				CRCYCG "crcycg", --币种找零位    
				DIBSTG "dibstg", --找零标志      
				USABTG "usabtg", --启用标志      
				CYSGDG "cysgdg" --分段利息小数位
              FROM Com_Crcy
             WHERE Crcycd = #{crcycd}
	</select>
	
	<!-- 更新币种状态为有效-->
	<select id="updateComCrcyUsabtg" parameterType="java.util.HashMap" >
              UPDATE Com_Crcy
               SET Usabtg = '1'
             WHERE Crcycd = #{crcycd}
               AND Usabtg = '0'
	</select>
	<!-- 获取外围系统信息-->
	<select id="getComBrch" parameterType="java.util.HashMap" resultType="java.util.HashMap">
          SELECT *
              FROM Com_Brch
             WHERE Stacid = #{stacid}
               AND brchcd = #{brchcd}
               AND rltstp = #{rltstp}
               AND detltg = '1'
	</select>
</mapper>    