<?xml version="1.0" encoding="UTF-8"?>
<!DOCTYPE mapper PUBLIC "-//mybatis.org//DTD Mapper 3.0//EN" "http://mybatis.org/dtd/mybatis-3-mapper.dtd">
<mapper namespace="com.sunline.sunfe.mybatis.glisledgercheck">
<select id="checkGlisForClient" parameterType="java.util.HashMap" resultType="java.util.HashMap">
  SELECT t.stacid as "stacid",
       t.acctdt as "acctdt",
       t.brchcd as "brchcd",
       t.itemcd as "itemcd",
       t.systid as "systid",
       t.balanc as "balanc",
       t.onlnbl as "onlnbl",
       t.crcycd as "crcycd",
       t.status as "status" FROM gla_chk_subl t 
       <where>
       1=1 
       <if test="stacid!=null and  stacid!=''">
       and t.stacid=#{stacid}
       </if>
       <if test="acctdt!=null and  acctdt!=''">
       and t.acctdt=#{acctdt}
       </if>
       <if test="systid!=null and systid!=''">
       and t.systid=#{systid}
       </if>
       <if test="status!=null and  status!=''">
       and t.status=#{status}
       </if>
       <if test="itemcd!=null and  itemcd!=''">
       and t.itemcd=#{itemcd}
       </if>
       <if test="brchcd!=null and  brchcd!=''">
       and t.brchcd=#{brchcd}
       </if>
       </where>
   </select>
</mapper>