<?xml version="1.0" encoding="UTF-8"?>
<!DOCTYPE mapper PUBLIC "-//mybatis.org//DTD Mapper 3.0//EN" "http://mybatis.org/dtd/mybatis-3-mapper.dtd">
<mapper namespace="com.sunline.sunfe.mybatis.glis_balence">
	<!--查询总分核对结果列表 -->
	<select id="queryGlaChkSubllistPage" parameterType="java.util.HashMap" resultType="java.util.HashMap">
	SELECT  G.STACID "stacid" , G.ACCTDT "acctdt" ,
			G.BRCHCD "brchcd" , G.ITEMCD "itemcd" ,
			PC.BRCHNA "brchna" , CI.ITEMNA "itemna",
			CC.CRCYNA "crcyna", G.STATUS "status",
			G.SYSTID "systid" , G.BALANC "balanc" ,
			G.ONLNBL "onlnbl" , G.CRCYCD "crcycd" 
	FROM    GLA_CHK_SUBL G  
			LEFT JOIN V_COM_BRCH_ACC PC ON   G.BRCHCD  = PC.BRCHCD   AND G.STACID = PC.STACID
			LEFT JOIN COM_ITEM  CI ON  G.ITEMCD = CI.ITEMCD  AND G.STACID = CI.STACID
			LEFT JOIN COM_CRCY  CC ON  G.CRCYCD = CC.CRCYCD 
	<where>
	        G.stacid = #{stacid}
	    <if test="acctdt !=null and  acctdt != ''">
	       AND G.ACCTDT = #{acctdt}
	    </if>
	    <if test="systid !=null and systid != ''">
	       AND G.SYSTID = #{systid}
	    </if>
	     <if test="itemcd !=null and itemcd != ''">
	       AND (G.ITEMCD LIKE  '%'||#{itemcd}||'%'  OR CI.ITEMNA LIKE '%'||#{itemcd}||'%')
	    </if>
	     <if test="brchcd !=null and brchcd != ''">
	       AND (G.BRCHCD LIKE  '%'||#{brchcd}||'%'  OR PC.BRCHNA LIKE '%'||#{brchcd}||'%')
	    </if>
	     <if test="status !=null and status != ''">
	       AND G.STATUS = #{status}
	     </if>
	</where>
		   ORDER BY G.ACCTDT DESC ,G.SYSTID ,G.BRCHCD ,G.ITEMCD 
	</select>
	
	<!--查询总分核对结果历史列表 -->
	<select id="queryGlaChkSublHlistPage" parameterType="java.util.HashMap" resultType="java.util.HashMap">
	SELECT  G.STACID "stacid" , G.ACCTDT "acctdt" ,
			G.BRCHCD "brchcd" , G.ITEMCD "itemcd" ,
			PC.BRCHNA "brchna" , CI.ITEMNA "itemna",
			CC.CRCYNA "crcyna", G.STATUS "status",
			G.SYSTID "systid" , G.BALANC "balanc" ,
			G.ONLNBL "onlnbl" , G.CRCYCD "crcycd" 
	FROM    GLA_CHK_SUBL_H G  
			LEFT JOIN COM_BRCH PC ON   G.BRCHCD = PC.BRCHCD  AND G.STACID = PC.STACID
			LEFT JOIN COM_ITEM  CI ON  G.ITEMCD = CI.ITEMCD  AND G.STACID = CI.STACID
			LEFT JOIN COM_CRCY  CC ON  G.CRCYCD = CC.CRCYCD 
	<where>
	           G.stacid = #{stacid}
	    <if test="acctdt !=null and  acctdt != ''">
	       AND G.ACCTDT = #{acctdt}
	    </if>
	    <if test="systid !=null and systid != ''">
	       AND G.SYSTID = #{systid}
	    </if>
	     <if test="itemcd !=null and itemcd != ''">
	       AND (G.ITEMCD LIKE  '%'||#{itemcd}||'%'  OR CI.ITEMNA LIKE '%'||#{itemcd}||'%') 
	    </if>
	     <if test="brchcd !=null and brchcd != ''">
	       AND (G.BRCHCD LIKE  '%'||#{brchcd}||'%'  OR PC.BRCHNA LIKE '%'||#{brchcd}||'%')
	    </if>
	     <if test="status !=null and status != ''">
	       AND G.STATUS = #{status}
	     </if>
	</where>
		   ORDER BY G.ACCTDT DESC ,G.SYSTID ,G.BRCHCD ,G.ITEMCD 
	</select>
	
	<select id="queryGlaChkSublList" parameterType="java.lang.String" resultType="java.util.HashMap">
	SELECT  G.STACID "stacid" , G.ACCTDT "acctdt" ,
			G.BRCHCD "brchcd" , G.ITEMCD "itemcd" ,
			G.SYSTID "systid" , G.BALANC "balanc" ,
			G.ONLNBL "onlnbl" , G.CRCYCD "crcycd" ,
			G.ONLNBL - G.BALANC "tranam"
	FROM    GLA_CHK_SUBL G  
	<where>
	        G.STATUS = '0' AND G.STACID = #{stacid}
	    <if test="acctdt !=null and  acctdt != ''">
	       AND G.ACCTDT = #{acctdt}
	    </if>
	</where>
	</select>
	
<!-- 	获取总账表当前余额方向 -->
	<select id="getBlncdn" parameterType="java.util.HashMap" resultType="java.util.HashMap">
		SELECT BLNCDN  "blncdn" ,ACCTNO "acctno"
			FROM GLA_GLIS
            WHERE STACID = #{stacid}
              AND ACCTDT = #{acctdt}
              AND BRCHCD = #{brchcd}
              AND ITEMCD = #{itemcd}
              AND SYSTID = #{systid}
              AND CRCYCD = #{crcycd}
              AND GELDTP = #{geldtp}
	</select>
<!-- 	更新总分核对结果表状态 -->
	<update id="updateGlaChkSubl" parameterType="java.util.HashMap">
		UPDATE GLA_CHK_SUBL G
		SET G.STATUS ='1'
		WHERE   	G.STACID = #{stacid}
				AND G.ACCTDT = #{acctdt}
				AND G.BRCHCD = #{brchcd}
				AND G.ITEMCD = #{itemcd}
				AND G.CRCYCD = #{crcycd}
				AND G.SYSTID = #{systid} 
	</update> 
	
 <insert  id="insertGlaChkSublHistory" parameterType="java.util.HashMap">
     INSERT INTO GLA_CHK_SUBL_H(STACID , ACCTDT ,BRCHCD , ITEMCD  ,SYSTID  , BALANC, ONLNBL , CRCYCD ,STATUS)
       SELECT G.STACID "STACID" , G.ACCTDT "ACCTDT" ,
              G.BRCHCD "BRCHCD" , G.ITEMCD "ITEMCD" ,
			  G.SYSTID "SYSTID" , G.BALANC "BALANC" ,
			  G.ONLNBL "ONLNBL" , G.CRCYCD "CRCYCD" , '1'
	    FROM GLA_CHK_SUBL G 
	    where g.acctdt=#{acctdt} and G.stacid= #{stacid}
     
 </insert>
 
 
 <insert  id="genGlaChkBook" parameterType="java.util.HashMap">
     insert into GLA_CHK_BOOK (STACID ,ACCTDT ,BRCHCD ,ITEMCD ,HGITEM ,SYSTID ,CRCYCD ,TRANAM ,STATUS ,AMNTCD )
    values( #{stacid},
			#{acctdt},
			#{brchcd},
			#{itemcd},
			#{hgitem},
			#{systid},
			#{crcycd},
			#{tranam},
			#{status},
			#{amntcd})
 </insert>
 
 
   <delete id="delGlaChkSubl" parameterType="java.util.HashMap">
       
       
   </delete>
   
</mapper>


