<?xml version="1.0" encoding="UTF-8"?>
<!DOCTYPE mapper PUBLIC "-//mybatis.org//DTD Mapper 3.0//EN" "http://mybatis.org/dtd/mybatis-3-mapper.dtd">
<mapper namespace="com.sunline.sunfe.mybatis.glkmiddbook">
	<!--查询列表 -->
	<select id="getGlkMiddBookList" parameterType="java.util.HashMap" resultType="java.util.HashMap">
		SELECT 
			  STACID "stacid",
			  TRANDT "trandt",
			  SYSTID "systid",
			  TRANSQ "transq",
			  ITEMCD "itemcd",
			  DRTRAM "drtram",
			  CRTRAM "crtram",
			  TOSYST "tosyst",
			  TOTRSQ "totrsq",
			  TOITEM "toitem",
			  TODRAM "todram",
			  TOCRAM "tocram",
			  SMRYTX "smrytx",
			  BSNSSQ "bsnssq",
			  STATUS "status"
		FROM GLK_MIDD_BOOK 
		<where>
			<if test="stacid != null and stacid != ''">
				AND  STACID = #{stacid}
			</if>
			<if test="systid != null and systid != ''">
				AND  SYSTID = #{systid}
			</if>
			<if test="itemcd != null and itemcd != ''">
				AND  ITEMCD = #{itemcd}
			</if>
			<if test="tosyst != null and tosyst != ''">
				AND  TOSYST = #{tosyst}
			</if>
			<if test="toitem != null and toitem != ''">
				AND  TOITEM = #{toitem}
			</if>
			<if test="status != null and status != ''">
				AND  STATUS = #{status}
			</if>
			<if test="transq != null and transq != ''">
				AND  TRANSQ = #{transq}
			</if>
			<if test="bsnssq != null and bsnssq != ''">
				AND  BSNSSQ = #{bsnssq}
			</if>
			<if test="trandt != null and trandt != ''">
				AND  trandt = #{trandt}
			</if>
		</where>
		ORDER BY TRANDT DESC ,TRANSQ DESC
	</select>
	
	
	<select id="getGlkMiddBookDetl" parameterType="java.util.HashMap" resultType="java.util.HashMap">
		SELECT 
	        STACID "stacid",
	        TRANDT "trandt",
	        TRANSQ "transq",
	        SYSTID "systid",
	        ITEMCD "itemcd",
	        AMNTCD "amntcd",
	        SUM(TRANAM) "tranam",
	        SMRYTX "smrytx",
	        BSNSSQ "bsnssq"
		FROM GLK_MIDD_BOOK_DETL
		<where>
			<if test="stacid != null and stacid != ''">
				AND  STACID = #{stacid}
			</if>
			<if test="systid != null and systid != ''">
				AND  SYSTID = #{systid}
			</if>
			<if test="itemcd != null and itemcd != ''">
				AND  ITEMCD = #{itemcd}
			</if>
			<if test="trandt != null and trandt != ''">
				AND  TRANDT = #{trandt}
			</if>
			
			<if test="transq!=null and transq.size()>0 and amntcd != null and amntcd.size()>0">
				AND (transq NOT IN
				<foreach collection="transq" item="trans" open="("
					close=")" separator=",">
					#{trans}
				</foreach>
				OR amntcd NOT IN
				<foreach collection="amntcd" item="amnt" open="("
					close=")" separator=",">
					#{amnt}
				</foreach>
				)
			</if>
		</where>
		GROUP BY STACID,TRANDT,TRANSQ,SYSTID,ITEMCD,AMNTCD,SMRYTX,BSNSSQ 
		ORDER BY TRANDT DESC ,TRANSQ DESC
	</select>
	
	
	<select id="getGlkMiddBookSummList" parameterType="java.util.HashMap" resultType="java.util.HashMap">
		SELECT 
			  STACID "stacid",
			  TRANDT "trandt",
			  SYSTID "systid",
			  ITEMCD "itemcd",
			  DRTRAM "drtram",
			  CRTRAM "crtram",
			  TOSYST "tosyst",
			  TOITEM "toitem",
			  TODRAM "todram",
			  TOCRAM "tocram",
			  STATUS "status"
		FROM GLK_MIDD_BOOK_SUMM
		<where>
			<if test="stacid != null and stacid != ''">
				AND  STACID = #{stacid}
			</if>
			<if test="systid != null and systid != ''">
				AND  SYSTID = #{systid}
			</if>
			<if test="itemcd != null and itemcd != ''">
				AND  ITEMCD = #{itemcd}
			</if>
			<if test="tosyst != null and tosyst != ''">
				AND  TOSYST = #{tosyst}
			</if>
			<if test="toitem != null and toitem != ''">
				AND  TOITEM = #{toitem}
			</if>
			<if test="status != null and status != ''">
				AND  STATUS = #{status}
			</if>
			<if test="trandt != null and trandt != ''">
				AND  trandt = #{trandt}
			</if>
		</where>
		ORDER BY TRANDT DESC,SYSTID 
	</select>
	
	
	
	
	<!--根据ID查询系统间往来对账表 -->
	<select id="getGlkMiddConfById" parameterType="java.util.HashMap" resultType="java.util.HashMap">
		SELECT 
			  STACID "stacid",
			  TRANDT "trandt",
			  SYSTID "systid",
			  TRANSQ "transq",
			  ITEMCD "itemcd",
			  DRTRAM "drtram",
			  CRTRAM "crtram",
			  TOSYST "tosyst",
			  TOTRSQ "totrsq",
			  TOITEM "toitem",
			  TODRAM "todram",
			  TOCRAM "tocram",
			  SMRYTX "smrytx",
			  BSNSSQ "bsnssq",
			  STATUS "status"
		FROM GLK_MIDD_BOOK 
		<where>
			<if test="stacid != null and stacid != ''">
				AND  STACID = #{stacid}
			</if>
			<if test="systid != null and systid != ''">
				AND  SYSTID = #{systid}
			</if>
			<if test="itemcd != null and itemcd != ''">
				AND  ITEMCD = #{itemcd}
			</if>
			<if test="tosyst != null and tosyst != ''">
				AND  TOSYST = #{tosyst}
			</if>
			<if test="toitem != null and toitem != ''">
				AND  TOITEM = #{toitem}
			</if>
			<if test="status != null and status != ''">
				AND  STATUS = #{status}
			</if>
			<if test="transq != null and transq != ''">
				AND  TRANSQ = #{transq}
			</if>
		</where>
	</select>
	
	
	<insert id="genGlkMiddBookDetl"  parameterType="java.util.HashMap">
	insert into GLK_MIDD_BOOK_DETL(stacid,trandt,transq,systid,itemcd, amntcd, tranam, bsnssq,smrytx)
	SELECT    a.stacid "stacid",
      		  a.trandt "trandt",
     		  a.transq "transq",
     		  a.systid "systid", 
			  a.itemcd "itemcd",
			  a.amntcd "amntcd",
			  a.tranam "tranam",
			  c.bsnssq "bsnssq",
			  a.smrytx "smrytx"
			  FROM gla_vchr  a 
		      inner join loan_busi c on 	
		      					 a.stacid = c.stacid		             
							 and a.sourst = c.systid 
							 and a.sourdt = c.trandt 
							 and a.soursq = c.transq
							 and a.srvcsq = c.serino
			 where  a.stacid=#{stacid} and a.trandt=#{trandt}
			 and ( (a.systid=#{systid} and a.itemcd =#{itemcd})  or (a.systid=#{tosyst} and a.itemcd =#{toitem}) )	
     UNION ALL
	 SELECT  
	 b.stacid "stacid",
			 b.trandt "trandt",
			 b.transq "transq", 
			 b.systid "systid",
			 b.itemcd "itemcd",
			 b.amntcd "amntcd",
			 b.tranam "tranam",
			 g.bsnssq "bsnssq",
			 b.smrytx "smrytx"
			 FROM gla_vchr  b
			 inner join gli_vchr g on 	
		      					 b.stacid = g.stacid		             
							 and b.sourst = g.sourst 
							 and b.sourdt = g.sourdt 
							 and b.soursq = g.soursq
							 and b.srvcsq = g.vchrsq
				 where b.stacid=#{stacid} and b.trandt=#{trandt}
				 and ( (b.systid=#{systid} and b.itemcd =#{itemcd}) or  (b.systid=#{tosyst} and b.itemcd =#{toitem}) )
	</insert>
	
	
	<!-- 删除当天系统间往来对账数据-->
	<delete id="delCurrentGlkMiddBookDetl" parameterType="java.util.HashMap">
			   DELETE FROM GLK_MIDD_BOOK_DETL
		<where>
				AND  STACID = #{stacid}
				AND  TRANDT = #{trandt}
		</where>
	</delete>
	
	<!-- 删除当天系统间往来对账数据-->
	<delete id="delCurrentGlkMiddBook" parameterType="java.util.HashMap">
			   DELETE FROM GLK_MIDD_BOOK
		<where>
				AND  STACID = #{stacid}
				AND  TRANDT = #{trandt}
		</where>
	</delete>
	
		<!-- 删除当天系统间往来对账数据-->
	<delete id="delCurrentGlkMiddBookSumm" parameterType="java.util.HashMap">
			   DELETE FROM GLK_MIDD_BOOK_SUMM
		<where>
				AND  STACID = #{stacid}
				AND  TRANDT = #{trandt}
		</where>
	</delete>
	
		
<select id="getGlkMiddBookDetlSumm" parameterType="java.util.HashMap" resultType="java.util.HashMap">	
	SELECT 
        A.STACID "stacid",
	    A.TRANDT "trandt",
        A.SYSTID "systid",
        A.ITEMCD "itemcd",
        A.AMNTCD "amntcd",
        SUM(A.TRANAM) "tranam"
     FROM GLK_MIDD_BOOK_DETL A 
		 WHERE   A.STACID = #{stacid}
		     AND A.TRANDT = #{trandt}
			 AND A.SYSTID = #{systid}
			 AND A.ITEMCD = #{itemcd}
			<if test="transq != null and transq != ''">
				AND  A.TRANSQ = #{transq}
			</if>
	group by A.STACID , A.TRANDT , A.SYSTID ,A.ITEMCD , A.AMNTCD 
   </select>
    


	<select id="getGlkMiddBookDetlByBsnssq" parameterType="java.util.HashMap" resultType="java.util.HashMap">	
	SELECT 
        A.STACID "stacid",
	    A.TRANDT "trandt",
	    A.transq "transq",
        A.SYSTID "systid",
        A.ITEMCD "itemcd",
        A.AMNTCD "amntcd",
        SUM(A.TRANAM) "tranam"
     FROM GLK_MIDD_BOOK_DETL A 
		 WHERE   A.BSNSSQ = #{bsnssq}
		 	 AND A.SYSTID = #{systid}
			 AND A.ITEMCD = #{itemcd}
			 AND A.STACID = #{stacid}
		     AND A.TRANDT = #{trandt}
	GROUP BY A.STACID , A.TRANDT , A.SYSTID ,A.ITEMCD , A.AMNTCD ,A.TRANSQ
    </select>
    
	<insert id="genGlkMiddBookSumm" parameterType="java.util.HashMap">
	    INSERT INTO GLK_MIDD_BOOK_SUMM(
	    		 STACID,TRANDT,SYSTID,ITEMCD, DRTRAM,
	    		 CRTRAM, TOSYST,TOITEM,TODRAM,TOCRAM,
	    		 STATUS)
	    VALUES(#{stacid},#{trandt},#{systid},#{itemcd},
	    		<if test="drtram != null and drtram != ''">
	    			#{drtram},
	    		</if>
	    		<if test="drtram == null or drtram == ''">
	    			0,
	    		</if>
	    		<if test="crtram != null and crtram != ''">
	    			#{crtram},
	    		</if>
	    		<if test="crtram == null or crtram == ''">
	    			0,
	    		</if>
	    	   #{tosyst},#{toitem},
	    	   <if test="todram != null and todram != ''">
	    			#{todram},
	    		</if>
	    		<if test="todram == null or todram == ''">
	    			0,
	    		</if>
	    		<if test="tocram != null and tocram != ''">
	    			#{tocram},
	    		</if>
	    		<if test="tocram == null or tocram == ''">
	    			0,
	    		</if>
	    	   #{status})
	</insert>
   <select id="getGlkMiddBookDetlBsnssq" parameterType="java.util.HashMap" resultType="java.util.HashMap">
       SELECT DISTINCT BSNSSQ  "bsnssq" FROM  GLK_MIDD_BOOK_DETL where bsnssq is not null
   </select>
   
   
   <insert id="genGlkMiddBook" parameterType="java.util.HashMap">
       insert into GLK_MIDD_BOOK(
       					stacid,
						trandt,
						systid,
						transq,
						itemcd,
						<if test="drtram != null and  drtram != ''">
						drtram,
						</if>
						<if test="crtram != null and  crtram != ''">
						crtram,
						</if>
						<if test="tosyst != null and  tosyst != ''">
						tosyst,
						</if>
						<if test="totrsq != null and  totrsq != ''">
						totrsq,
						</if>
						<if test="toitem != null and  toitem != ''">
						toitem,
						</if>
						<if test="todram != null and  todram != ''">
						todram,
						</if>
						<if test="tocram != null and  tocram != ''">
						tocram,
						</if>
						<if test="bsnssq != null and  bsnssq != ''">
						bsnssq,
						</if>
						status
       )values(		#{stacid},
					#{trandt},
					#{systid},
					#{transq},
					#{itemcd},
				<if test="drtram != null and  drtram != ''">
				#{drtram},
				</if>
				<if test="crtram != null and  crtram != ''">
				#{crtram},
				</if>
				<if test="tosyst != null and  tosyst != ''">
				#{tosyst},
				</if>
				<if test="totrsq != null and  totrsq != ''">
				#{totrsq},
				</if>
				<if test="toitem != null and  toitem != ''">
				#{toitem},
				</if>
				<if test="todram != null and  todram != ''">
				#{todram},
				</if>
				<if test="tocram != null and  tocram != ''">
				#{tocram},
				</if>
				<if test="bsnssq != null and  bsnssq != ''">
				#{bsnssq},
				</if>
				#{status}
       )
       
   </insert>
   
   
<!--    <select id="getGlkMiddBookDetlByTransq" parameterType="java.util.HashMap" resultType="java.util.HashMap"> -->
<!--        SELECT  -->
<!--         A.STACID "stacid", -->
<!-- 	    A.TRANDT "trandt", -->
<!-- 	    A.transq "transq", -->
<!--         A.SYSTID "systid", -->
<!--         A.ITEMCD "itemcd", -->
<!--         A.AMNTCD "amntcd", -->
<!--         SUM(A.TRANAM) "tranam" -->
<!--      FROM GLK_MIDD_BOOK_DETL A  -->
<!-- 		 WHERE   A.BSNSSQ = #{bsnssq} -->
<!-- 		 	 AND A.SYSTID = #{systid} -->
<!-- 			 AND A.ITEMCD = #{itemcd} -->
<!-- 			 AND A.STACID = #{stacid} -->
<!-- 		     AND A.TRANDT = #{trandt} -->
<!-- 		     AND A.TRANSQ in #{transq} -->
<!-- 	GROUP BY A.STACID , A.TRANDT , A.SYSTID ,A.ITEMCD , A.AMNTCD ,A.TRANSQ -->
<!-- 	</select> -->
</mapper>


