<?xml version="1.0" encoding="UTF-8"?>
<!DOCTYPE mapper PUBLIC "-//mybatis.org//DTD Mapper 3.0//EN" "http://mybatis.org/dtd/mybatis-3-mapper.dtd">
<mapper namespace="com.sunline.sunfe.mybatis.glkmiddconf">
	<!--查询列表 -->
	<select id="getGlkMiddConfList" parameterType="java.util.HashMap" resultType="java.util.HashMap">
		SELECT 
			  STACID "stacid",
			  SYSTID "systid",
			  ITEMCD "itemcd",
			  TOSYST "tosyst",
			  TOITEM "toitem",
			  STATUS "status"
		FROM GLK_MIDD_CONF 
		<where>
			<if test="stacid != null and stacid != ''">
				AND  STACID = #{stacid}
			</if>
			<if test="systid != null and systid != ''">
				AND  SYSTID = #{systid}
			</if>
			<if test="itemcd != null and itemcd != ''">
				AND  ITEMCD = #{itemcd}
			</if>
			<if test="tosyst != null and tosyst != ''">
				AND  TOSYST = #{tosyst}
			</if>
			<if test="toitem != null and toitem != ''">
				AND  TOITEM = #{toitem}
			</if>
			<if test="status != null and status != ''">
				AND  STATUS = #{status}
			</if>
		</where>
		ORDER BY SYSTID
	</select>
	
	<!--根据ID查询系统间往来对账配置 -->
	<select id="getGlkMiddConfById" parameterType="java.util.HashMap" resultType="java.util.HashMap">
		SELECT 
			  STACID "stacid",
			  SYSTID "systid",
			  ITEMCD "itemcd",
			  TOSYST "tosyst",
			  TOITEM "toitem",
			  STATUS "status"
		FROM GLK_MIDD_CONF 
		<where>
				AND  STACID = #{stacid}
				AND  SYSTID = #{systid}
				AND  ITEMCD = #{itemcd}
				AND  TOSYST = #{tosyst}
				AND  TOITEM = #{toitem}
				<if test="status != null and status != ''">
				AND  STATUS = #{status}
				</if>
		</where>
	</select>
	<!-- 新增系统间往来对账配置信息 -->
	<insert id="addGlkMiddConf" parameterType="java.util.HashMap">
		INSERT INTO GLK_MIDD_CONF
		(STACID,SYSTID,ITEMCD, TOSYST,TOITEM ,STATUS)
		VALUES(#{stacid},#{systid},	#{itemcd},#{tosyst}, #{toitem},#{status})
	</insert>
	
	<!-- 修改系统间往来对账配置信息 -->
	<update id="updateGlkMiddConf" parameterType="java.util.HashMap">
		UPDATE GLK_MIDD_CONF set 
		     	 STATUS =#{status}
			<if test="itemcd != null and itemcd != ''">
				,ITEMCD=#{itemcd}
			</if>
			<if test="toitem != null and toitem != ''">
				,TOITEM=#{toitem}
			</if>
			<where>
				AND  STACID = #{stacid}
				AND  SYSTID = #{systid}
				AND  ITEMCD = #{itemcd_old}
				AND  TOSYST = #{tosyst}
				AND  TOITEM = #{toitem_old}
		</where>
	</update>
	
	<!-- 删系统间往来对账配置-->
	<delete id="deleteGlkMiddConf" parameterType="java.util.HashMap">
			   DELETE FROM GLK_MIDD_CONF
		<where>
				AND  STACID = #{stacid}
				AND  SYSTID = #{systid}
				AND  ITEMCD = #{itemcd}
				AND  TOSYST = #{tosyst}
				AND  TOITEM = #{toitem}
		</where>
	</delete>  
	
</mapper>


