<?xml version="1.0" encoding="UTF-8"?>
<!DOCTYPE mapper PUBLIC "-//mybatis.org//DTD Mapper 3.0//EN" "http://mybatis.org/dtd/mybatis-3-mapper.dtd">
<mapper namespace="com.sunline.sunfe.mybatis.gloDepBusiProcess">

	<select id="checkConf" parameterType="java.util.HashMap"
		resultType="java.lang.Integer">
		select count(*) from glo_dep_busi c
		where c.stacid = #{stacid}
		and
		c.bkfnst = '0'
		and c.dptp08 = 'DP'
		and c.trandt = #{trandt}
		and not
		exists ( select 1 from sys_dtit_map a,sys_dtit b,sys_dtit_conf d
		where
		a.dtitcd = b.typecd and a.prodcd=d.prodcd
		and b.efctdt <![CDATA[<=]]>
		#{trandt}
		and b.inefdt <![CDATA[>=]]>
		#{trandt}
		and b.stacid = #{stacid}
		and a.Prodcd = c.dtitcd
		AND a.Prodp1 =
		case d.Prodp1 when '1' then c.dptp01 when '0' then '*' end
		AND a.Prodp2
		= case d.Prodp2 when '1' then c.dptp02 when '0' then '*' end
		AND
		a.Prodp3 = case d.Prodp3 when '1' then c.dptp03 when '0' then '*'
		end
		AND a.Prodp4 = case d.Prodp4 when '1' then c.dptp04 when '0' then '*'
		end
		AND a.Prodp5 = case d.Prodp5 when '1' then c.dptp05 when '0' then
		'*'
		end
		AND a.Prodp6 = case d.Prodp6 when '1' then c.dptp06 when '0'
		then '*' end
		and c.dptp08 = 'DP'
		)
	</select>

	<!-- 加工核算代码 属性10字段放核算代码 -->
	<update id="updateTypecdOfGloDepBusi" parameterType="java.util.HashMap">
	 <![CDATA[
		   UPDATE Glo_Dep_Busi a
         SET a.dptp10 =
             (SELECT DISTINCT b.Dtitcd
                FROM Sys_Dtit_Map b, Sys_Dtit_Conf c
               WHERE b.Prodp1 = DECODE(c.prodp1, '1', a.dptp01, '*')
                 AND b.Prodp2 = DECODE(c.prodp2, '1', a.dptp02, '*')
                 AND b.Prodp3 = DECODE(c.prodp3, '1', a.dptp03, '*')
                 AND b.Prodp4 = DECODE(c.prodp4, '1', a.dptp04, '*')
                 AND b.Prodp5 = DECODE(c.prodp5, '1', a.dptp05, '*')
                 AND b.Prodp6 = DECODE(c.prodp6, '1', a.dptp06, '*')
                 AND b.Prodcd = c.Prodcd
                 AND c.stacid = a.stacid
                 and a.dtitcd = b.prodcd)
       WHERE a.trandt = #{trandt}
         and a.stacid = #{stacid}
         and a.dptp08 = 'DP'
         and exists
       (SELECT 1 FROM Sys_Dtit_Conf d where a.dtitcd = d.Prodcd AND d.stacid = a.stacid)
		   ]]>
	</update>

	<!-- 加工科目 DPLDGBAL-->
	<update id="updateItemcdOfGloDepBusi" parameterType="java.util.HashMap">
		UPDATE
		Glo_Dep_Busi a
		SET a.Itemcd = (SELECT DISTINCT Itemcd
		FROM Sys_Dtit
		WHERE Stacid = a.Stacid
		AND Typecd = a.dptp10
		AND Trprcd = 'DPLDGBAL')
		WHERE a.trandt = #{trandt}
		and a.stacid = #{stacid}
		and a.dptp08 = 'DP'
	</update>

	<!-- 上日余额存在 本日余额不存在的情况 需要在本日插入一条余额为0的 记录 -->
	<insert id="insertZeroGloDepBusi" parameterType="java.util.HashMap">
		insert into
		glo_dep_busi(
		stacid,
		systid,
		trandt,
		tranbr,
		acctbr,
		dtitcd,
		crcycd,
		lastbl,
		tranam,
		onlnbl,
		bkfnst,
		itemcd,
		dptp01,
		dptp02,
		dptp03,
		dptp04,
		dptp05,
		dptp06,
		dptp07,
		dptp08,
		dptp09,
		dptp10,
		bathid
		)
		select
		a.stacid,
		a.systid,
		#{trandt},
		a.tranbr,
		a.acctbr,
		a.dtitcd,
		a.crcycd,
		0.00,
		0,
		0.00,
		0,
		a.itemcd,
		a.dptp01,
		a.dptp02,
		a.dptp03,
		a.dptp04,
		a.dptp05,
		a.dptp06,
		a.dptp07,
		a.dptp08,
		a.dptp09,
		a.dptp10,
		#{timeStamp}
		from glo_dep_busi a
		where a.stacid = #{stacid}
		and a.trandt = #{preTrandt}
		and dptp08 = 'DP'
		and not exists
		(select 1
		from glo_dep_busi b
		where b.stacid = a.stacid
		and b.systid =
		a.systid
		and b.tranbr = b.tranbr
		and b.acctbr = b.acctbr
		and b.dtitcd =
		a.dtitcd
		and b.crcycd = a.crcycd
		and b.itemcd = a.itemcd
		and b.trandt =
		#{trandt})
	</insert>
	
	<select id="queryBathid" parameterType="java.util.HashMap"
		resultType="com.sunline.sunfe.entity.GloDepBusi">
		SELECT
		a.bathid
		FROM
		Glo_Dep_Busi a
		WHERE
		a.stacid =
		#{stacid}
		and a.trandt = #{trandt}
		and a.bkfnst = '0'
		and a.dptp08 = 'DP'
	</select>

	<!-- 当天计提余额curram -->
	<select id="getCurram" parameterType="java.util.HashMap"
		resultType="com.sunline.sunfe.entity.GloDepBusi">
		SELECT
		a.stacid,
		a.Systid,
		a.Trandt,
		a.Acctbr,
		a.Crcycd,
		a.Itemcd,
		a.bathid,
		SUM(a.Tranam)
		Tranam
		FROM
		Glo_Dep_Busi a
		WHERE
		a.stacid =
		#{stacid}
		and a.trandt = #{trandt}
		and a.bkfnst = '0'
		and a.dptp08 = 'DP'
		GROUP BY
		a.stacid,
		a.Systid,
		a.Trandt,
		a.Acctbr,
		a.Crcycd,
		a.Itemcd,
		a.bathid
	</select>

	<!-- 获取上一日的余额 lastam -->
	<select id="getLastam" parameterType="com.sunline.sunfe.entity.GloDepBusi"
		resultType="com.sunline.sunfe.entity.GloDepBusi">
		SELECT
		a.stacid,
		a.Systid,
		a.Trandt,
		a.Acctbr,
		a.Crcycd,
		a.Itemcd,
		a.bathid,
		SUM(a.Tranam)
		Tranam
		FROM
		Glo_Dep_Busi a
		WHERE
		a.bkfnst = '1'
		and
		a.dptp08 = 'DP'
		and a.stacid = #{stacid}
		and a.systid = #{systid}
		and
		a.trandt = #{trandt}
		and a.acctbr = #{acctbr}
		and a.crcycd =
		#{crcycd}
		and a.itemcd = #{itemcd}
		GROUP BY
		a.stacid,
		a.Systid,
		a.Trandt,
		a.Acctbr,
		a.Crcycd,
		a.Itemcd,
		a.bathid
	</select>

	<!-- 当天的发生额 tranam -->
	<select id="getTranam" parameterType="com.sunline.sunfe.entity.GloDepBusi"
		resultType="com.sunline.sunfe.entity.LoanBusi">
		SELECT Nvl(SUM(CASE Evetdn
		WHEN 'MINUS' THEN
		Tranam
		WHEN '0'
		THEN
		Tranam
		WHEN 'ADD' THEN
		-tranam
		WHEN '1' THEN
		-tranam
		END),
		0) AS Tranam
		FROM Loan_Busi a,
		Sys_Dtit_Map b,
		Sys_Dtit c,
		Sys_Dtit_Conf d
		WHERE
		a.prodcd = b.Prodcd
		AND b.Prodcd = d.Prodcd
		AND b.Prodp1 = CASE d.Prodp1
		WHEN '1' THEN
		a.Loanp1
		WHEN '0' THEN
		'*'
		END
		AND b.Prodp2 = CASE d.Prodp2
		WHEN '1' THEN
		a.Loanp2
		WHEN '0' THEN
		'*'
		END
		AND b.Prodp3 = CASE d.Prodp3
		WHEN '1' THEN
		a.Loanp3
		WHEN '0' THEN
		'*'
		END
		AND b.Prodp4 = CASE d.Prodp4
		WHEN '1' THEN
		a.Loanp4
		WHEN '0' THEN
		'*'
		END
		AND b.Prodp5 = CASE d.Prodp5
		WHEN '1' THEN
		a.Loanp5
		WHEN '0' THEN
		'*'
		END
		AND b.Prodp6 = CASE d.Prodp6
		WHEN '1' THEN
		a.Loanp6
		WHEN '0' THEN
		'*'
		END
		AND c.Trprcd = 'DPLDGBAL'
		AND
		b.Dtitcd =
		c.Typecd
		and a.stacid = c.stacid
		AND a.Stacid =
		#{stacid}
		and
		a.systid = #{systid}
		AND a.Acctbr =
		#{acctbr}
		AND
		a.Crcycd = #{crcycd}
		AND
		a.Trandt =
		#{trandt}
		AND c.Itemcd
		= #{itemcd}
	</select>

	<!-- -->
	<insert id="insertLoanBusi" parameterType="com.sunline.sunfe.entity.LoanBusi">
		INSERT INTO Loan_Busi
		(stacid,systid,trandt,transq,serino,tranbr,acctbr,prcscd,prodcd,loanp1,loanp8,
		crcycd,tranam,status,trantp,bathid)
		values(
		#{stacid},
		#{systid},
		#{trandt},
		#{transq},
		#{serino},
		#{tranbr},
		#{acctbr},
		#{prcscd},
		#{prodcd},
		#{loanp1},
		#{loanp8},
		#{crcycd},
		#{tranam},
		#{status},
		#{trantp},
		#{bathid}
		)
	</insert>

	<update id="updateGloDepBusiOfBkfnst" parameterType="com.sunline.sunfe.entity.GloDepBusi">
		update glo_dep_busi set bkfnst = 1
		where
		stacid = #{stacid}
		and dptp08 = 'DP'
		and bkfnst = '0'
		and systid = #{systid}
		AND Acctbr = #{acctbr}
		AND Crcycd = #{crcycd}
		AND Trandt = #{trandt}
		AND Itemcd = #{itemcd}
	</update>
	
	<delete id="deleteGloDepBusiOfZero" parameterType="java.util.HashMap">
		delete from glo_dep_busi 
		where
		stacid = #{stacid}
		and dptp08 = 'DP'
		and bkfnst = '1'
		and tranam = '0'
		and trandt = #{trandt}
	</delete>

</mapper>