<?xml version="1.0" encoding="UTF-8"?>
<!DOCTYPE mapper PUBLIC "-//mybatis.org//DTD Mapper 3.0//EN" "http://mybatis.org/dtd/mybatis-3-mapper.dtd">
<mapper namespace="com.sunline.sunfe.mybatis.gloDepTABusiProcess">

	<select id="checkConf" parameterType="java.util.HashMap"
		resultType="java.lang.Integer">
		select count(*) from glo_dep_busi c
		where c.stacid = #{stacid}
		and c.bkfnst = '0'
		and c.dptp08 = 'TA'
		and c.trandt = #{trandt}
		and not exists ( select 1 from sys_dtit a,sys_dtit_conf d 
		where
		c.dptp08 = 'TA'
		AND a.typecd = case d.Prodp1 when '1' then c.dptp01 when '0' then '*' end
		)
	</select>
	
		<!-- 上日余额存在 本日余额不存在的情况 需要在本日插入一条余额为0的 记录 -->
	<insert id="insertZeroGloDepBusiTA" parameterType="java.util.HashMap">
		insert into
		glo_dep_busi(
		stacid,
		systid,
		trandt,
		tranbr,
		acctbr,
		dtitcd,
		crcycd,
		lastbl,
		tranam,
		onlnbl,
		bkfnst,
		itemcd,
		dptp01,
		dptp02,
		dptp03,
		dptp04,
		dptp05,
		dptp06,
		dptp07,
		dptp08,
		dptp09,
		dptp10,
		bathid
		)
		select
		a.stacid,
		a.systid,
		#{trandt},
		a.tranbr,
		a.acctbr,
		a.dtitcd,
		a.crcycd,
		0.00,
		0,
		0.00,
		0,
		a.itemcd,
		a.dptp01,
		a.dptp02,
		a.dptp03,
		a.dptp04,
		a.dptp05,
		a.dptp06,
		a.dptp07,
		a.dptp08,
		a.dptp09,
		a.dptp10,
		#{timeStamp}
		from glo_dep_busi a
		where a.stacid = #{stacid}
		and a.trandt = #{preTrandt}
		and dptp08 = 'TA'
		and not exists
		(select 1
		from glo_dep_busi b
		where b.stacid = a.stacid
		and b.systid =
		a.systid
		and b.tranbr = b.tranbr
		and b.acctbr = b.acctbr
		and b.dtitcd =
		a.dtitcd
		and b.crcycd = a.crcycd
		and b.dptp01 = a.dptp01
		and b.trandt =
		#{trandt})
	</insert>
	
	
	<!-- 加工科目 -->
<!--  	<update id="updateItemcdOfGloDepBusiTA" parameterType="java.util.HashMap">
		UPDATE
		Glo_Dep_Busi a
		SET a.Itemcd = (SELECT DISTINCT Itemcd
		FROM Sys_Dtit
		WHERE Stacid = a.Stacid
		AND Typecd = a.dptp01
		AND Trprcd = 'TAYSLXD')
		WHERE a.trandt = #{trandt}
		and a.stacid = #{stacid}
		and a.dptp08 = 'TA'
	</update> -->

	<!-- 当天余额curram -->
	<select id="getCurram" parameterType="java.util.HashMap"
		resultType="com.sunline.sunfe.entity.GloDepBusi">
		SELECT
		a.stacid,
		a.Systid,
		a.Trandt,
		a.dptp01,
		SUM(a.Tranam) Tranam,
		a.Acctbr,
		a.Crcycd,
		a.bathid
		FROM
		Glo_Dep_Busi a
		WHERE 
		a.trandt = #{trandt}
		and a.stacid = #{stacid}
		and a.bkfnst = '0'
		and a.dptp08 = 'TA'
		GROUP BY
		a.stacid,
		a.Systid,
		a.Trandt,
		a.dptp01,
		a.Acctbr,
		a.Crcycd,
		a.bathid
	</select>
	
	
	<select id="queryBathidTA" parameterType="java.util.HashMap"
		resultType="com.sunline.sunfe.entity.GloDepBusi">
		SELECT
		a.bathid
		FROM
		Glo_Dep_Busi a
		WHERE
		a.stacid =
		#{stacid}
		and a.trandt = #{trandt}
		and a.bkfnst = '0'
		and a.dptp08 = 'TA'
	</select>

	<!-- 获取上一日的余额 lastam -->
	<select id="getLastam" parameterType="com.sunline.sunfe.entity.GloDepBusi"
		resultType="com.sunline.sunfe.entity.GloDepBusi">
		SELECT
		a.stacid,
		a.Systid,
		a.Trandt,
		a.dptp01,
		SUM(a.Tranam) Tranam,
		a.Acctbr,
		a.Crcycd,
		a.bathid,
		a.dptp01
		FROM
		Glo_Dep_Busi a
		WHERE 
		a.bkfnst = '1'
		and a.dptp08 = 'TA'
		AND a.Stacid = #{stacid}
		AND a.Trandt = #{trandt}
		AND a.Systid = #{systid}
		AND a.dptp01 = #{dptp01}
		AND a.Acctbr = #{acctbr}
		AND a.Crcycd = #{crcycd}
		GROUP BY
		a.stacid,
		a.Systid,
		a.Trandt,
		a.dptp01,
		a.Acctbr,
		a.Crcycd,
		a.bathid
	</select>

	<!-- 当天的发生额 tranam -->
	<select id="getTranam" parameterType="com.sunline.sunfe.entity.GloDepBusi"
		resultType="com.sunline.sunfe.entity.LoanBusi">
	select nvl(sum(case evetdn when 'ADD' then -tranam
	when '0'
	then -tranam
	when 'MINUS' then tranam
	when '1' then tranam
	end),0)
	tranam
	FROM Loan_Busi a
	WHERE 
	a.loanp8 = 'GL'
	and a.loanp1 = 'GL113200020000003'
	and a.status = '1'
	AND a.Stacid = #{stacid}
	AND a.Trandt = #{trandt}
	AND a.Systid = #{systid}
	AND a.Acctbr = #{acctbr}
	AND a.Crcycd = #{crcycd}
	</select>

	<!-- -->
	<insert id="insertLoanBusi" parameterType="com.sunline.sunfe.entity.LoanBusi">
		INSERT INTO Loan_Busi
		(stacid,systid,trandt,transq,serino,tranbr,acctbr,prcscd,prodcd,loanp1,loanp8,
		crcycd,tranam,status,trantp,
		bathid)
		values(
		#{stacid},
		#{systid},
		#{trandt},
		#{transq},
		#{serino},
		#{tranbr},
		#{acctbr},
		#{prcscd},
		#{prodcd},
		#{loanp1},
		#{loanp8},
		#{crcycd},
		#{tranam},
		#{status},
		#{trantp},
		#{bathid,jdbcType=VARCHAR}
		)
	</insert>
	
	<update id="updateGloDepBusiOfBkfnstTA" parameterType="com.sunline.sunfe.entity.GloDepBusi">
		update glo_dep_busi set bkfnst = 1
		where
		stacid = #{stacid}
		and dptp08 = 'TA'
		and bkfnst = '0'
		and systid = #{systid}
		AND Acctbr = #{acctbr}
		AND Crcycd = #{crcycd}
		AND Trandt = #{trandt}
		AND dptp01 = #{dptp01}
	</update>
	
	<delete id="deleteGloDepBusiOfZeroTA" parameterType="java.util.HashMap">
		delete from glo_dep_busi 
		where
		stacid = #{stacid}
		and dptp08 = 'TA'
		and bkfnst = '1'
		and tranam = '0'
		and trandt = #{trandt}
	</delete>
</mapper>