<?xml version="1.0" encoding="UTF-8"?>
<!DOCTYPE mapper PUBLIC "-//mybatis.org//DTD Mapper 3.0//EN" "http://mybatis.org/dtd/mybatis-3-mapper.dtd">
<mapper namespace="com.sunline.sunfe.mybatis.gloLoanBusiProcess">

	<select id="checkConf" parameterType="java.util.HashMap" resultType="java.lang.Integer">
		select  count(*) from  glo_loan_busi  c
		where c.stacid = #{stacid}
		and c.status = '0'
		and  not exists ( select 1 from sys_dtit_map a,sys_dtit b
   		 where a.dtitcd = b.typecd 
		and b.efctdt <![CDATA[<=]]> #{trandt}
		and b.inefdt <![CDATA[>=]]> #{trandt}
		 and b.stacid = #{stacid}
		  and a.prodp1 = c.dptp01
                   and a.prodp2 = c.dptp02
                   and a.prodp3 = c.dptp03
                   and a.prodp4 = c.dptp04
		)
	</select>
	
	
	
	<!-- 贷款计提登记簿流水加工 -->
	<select id="getCurram" parameterType="java.util.HashMap"
		resultType="com.sunline.sunfe.entity.GloLoanBusi">
		SELECT
		a.stacid,
		SUM(a.dwinam) dwinam,
		a.Acctbr,
		a.Crcycd,
		a.Systid,
		a.Trandt,
		c.Itemcd,
		a.bathid
		FROM Glo_Loan_Busi a,
		Sys_Dtit_Map b,
		Sys_Dtit c
		WHERE b.Prodcd = 'LN'
		AND a.dptp01 = b.Prodp1
		AND a.dptp02 =
		b.Prodp2
		AND a.dptp03 = b.Prodp3
		AND a.dptp04 = b.Prodp4
		AND c.Trprcd =
		'ZHCHBJIN'
		AND b.Dtitcd = c.Typecd
		and a.stacid = #{stacid}
		AND a.status = '0'
		GROUP BY
		a.stacid,
		a.Acctbr,
		a.Crcycd,
		a.Systid,
		a.Trandt,
		c.Itemcd,
		a.bathid
	</select>

	<!-- 获取上一日的余额 lastam -->
	<select id="getLastam" parameterType="com.sunline.sunfe.entity.GloLoanBusi"
		resultType="com.sunline.sunfe.entity.GloLoanBusi">
		SELECT
		a.stacid,
		SUM(a.dwinam) dwinam,
		a.Acctbr,
		a.Crcycd,
		a.Systid,
		a.Trandt,
		c.Itemcd,
		a.bathid
		FROM Glo_Loan_Busi a,
		Sys_Dtit_Map b,
		Sys_Dtit c
		WHERE b.Prodcd =
		'LN'
		AND a.dptp01 = b.Prodp1
		AND a.dptp02 =
		b.Prodp2
		AND a.dptp03 =
		b.Prodp3
		AND a.dptp04 = b.Prodp4
		AND c.Trprcd =
		'ZHCHBJIN'
		AND b.Dtitcd =
		c.Typecd
		AND c.Stacid = #{stacid}
		AND a.Trandt = #{trandt}
		AND c.Itemcd = #{itemcd}
		AND a.Acctbr = #{acctbr}
		AND a.Crcycd
		= #{crcycd}
		AND a.status = '1'
		GROUP BY
		a.stacid,
		a.Acctbr,
		a.Crcycd,
		a.Systid,
		a.Trandt,
		c.Itemcd,
		a.bathid
	</select>

	<!-- 当天的发生额 tranam -->
	<select id="getTranam" parameterType="com.sunline.sunfe.entity.GloLoanBusi"
		resultType="com.sunline.sunfe.entity.LoanBusi">
		select nvl(sum(case loanp9 when 'ADD' then tranam
		when '0'
		then tranam
		when 'MINUS' then -tranam
		when '1' then -tranam
		end),0)
		tranam
		from loan_busi a,sys_dtit_map b,sys_dtit c
		where b.prodcd = 'LN'
		and a.loanp1 = b.prodp1
		and a.loanp2 = b.prodp2
		and a.loanp3 = b.prodp3
		and a.loanp4 = b.prodp4
		and c.trprcd = 'ZHCHBJIN'
		and b.dtitcd =
		c.typecd
		and a.status = '1'
		AND c.Stacid = #{stacid}
		AND a.Acctbr = #{acctbr}
		AND a.Crcycd =
		#{crcycd}
		AND a.Trandt = #{trandt}
		AND c.Itemcd = #{itemcd}
		 group by 
		 a.stacid,
		 a.acctbr,
		 a.crcycd,
		 a.systid,
		 a.prcscd,
		 a.trandt,
		 c.itemcd 
	</select>

	<!-- -->
	<insert id="insertLoanBusi" parameterType="com.sunline.sunfe.entity.LoanBusi">
		INSERT INTO Loan_Busi
		(stacid,systid,trandt,transq,serino,tranbr,acctbr,prcscd,prodcd,loanp1,loanp8,
		crcycd,captam,status,trantp
		,bathid)
		values(
		#{stacid},
		#{systid},
		#{trandt},
		#{transq},
		#{serino},
		#{tranbr},
		#{acctbr},
		#{prcscd},
		#{prodcd},
		#{loanp1},
		#{loanp8},
		#{crcycd},
		#{captam},
		#{status},
		#{trantp},
		#{bathid,jdbcType=VARCHAR}
		)
	</insert>
	
	<update id="updateGloLoanBusi"  parameterType="java.util.HashMap">
	update glo_loan_busi set status = #{status} 
	<where>
		<if test="stacid != null and stacid != ''">
			and stacid = #{stacid}
		</if>
		</where> 
	</update>


</mapper>