<?xml version="1.0" encoding="UTF-8"?>
<!DOCTYPE mapper PUBLIC "-//mybatis.org//DTD Mapper 3.0//EN" "http://mybatis.org/dtd/mybatis-3-mapper.dtd">
<mapper namespace="com.sunline.sunfe.mybatis.intf">
	<!--查询接口定义列表 -->
	<select id="queryIntflistPage" parameterType="java.util.HashMap"	resultType="java.util.HashMap">
		SELECT INTFCD AS "intfcd",
		       INTFTP AS "intftp",
		       INTFNM AS "intfnm",
		       ENNAME AS "enname",
		       DESCTX AS "desctx",
		       VERMOD AS "vermod",
		       MODULE AS "module",
		       PROJCD AS "projcd"
		FROM   SYS_INTF
		<where>
			<if test="intfcd != null and intfcd != ''">
				<![CDATA[ AND INTFCD LIKE #{intfcd} escape '\' ]]>
			</if>
			<if test="intfnm != null and intfnm != ''">
				<![CDATA[ AND INTFNM LIKE #{intfnm} escape '\' ]]>
			</if>
			<if test="vermod != null and vermod != ''">
					AND VERMOD = #{vermod}
			</if>
		</where>
		ORDER BY INTFCD
	</select>
	<!-- 根据接口ID查找接口定义信息 -->
	<select id="queryIntfById" parameterType="java.util.HashMap"	resultType="java.util.HashMap">
		SELECT INTFCD AS "intfcd",
		       INTFTP AS "intftp",
		       INTFNM AS "intfnm",
		       ENNAME AS "enname",
		       DESCTX AS "desctx",
		       VERMOD AS "vermod",
		       MODULE AS "module",
		       PROJCD AS "projcd"
		FROM   SYS_INTF
		<where>
			<if test="intfcd != null and intfcd != ''">
				AND INTFCD = #{intfcd}
			</if>
			<if test="vermod != null and vermod != ''">
					AND VERMOD = #{vermod}
			</if>
		</where>
	</select>
	<!--查询接口明细定义 -->
	<select id="queryIntfDetlByIntfcd" parameterType="java.util.HashMap"	resultType="java.util.HashMap">
		SELECT INTFCD AS "intfcd",
		       INOTTG AS "inottg",
		       FILDLV AS "fildlv",
		       FILDCD AS "fildcd",
		       FILDNA AS "fildna",
		       ENNAME AS "fenname",
		       NULFLG AS "nulflg",
		       DFTVAL AS "dftval",
		       TAGCDS AS "tagcds",
		       DESCTX AS "fdesctx",
		       VERMOD AS "vermod",
		       MODULE AS "module",
		       PROJCD AS "projcd"
		FROM SYS_INTF_DETL
		<where>
			<if test="intfcd != null and intfcd != ''">
				AND INTFCD = #{intfcd}
			</if>
			<if test="vermod != null and vermod != ''">
					AND VERMOD = #{vermod}
			</if>
		</where>
	</select>
	<!-- 新增接口定义信息 -->
	<insert id="addIntf" parameterType="java.util.HashMap">
		INSERT INTO SYS_INTF
		(INTFCD,INTFTP,INTFNM,ENNAME,DESCTX,VERMOD,MODULE,PROJCD)
		VALUES
		(#{intfcd},#{intftp},#{intfnm},#{enname},#{desctx},#{vermod},#{module},#{projcd})
	</insert>
	<!-- 新增接口明细定义信息 -->
	<insert id="insertIntfDetl" parameterType="java.util.HashMap">
	    INSERT INTO SYS_INTF_DETL
	    (INTFCD,INOTTG,FILDLV,FILDCD,FILDNA,ENNAME,NULFLG,DFTVAL,TAGCDS,DESCTX,VERMOD,MODULE,PROJCD)
	    VALUES
	    (#{intfcd},#{inottg},#{fildlv},#{fildcd},#{fildna},#{fenname},#{nulflg},#{dftval},#{tagcds},#{fdesctx},#{vermod},#{module},#{projcd})
	</insert>
	<!-- 检查接口代码是否已存在 -->
	<select id="checkExistIntf" parameterType="java.util.HashMap" resultType="java.util.HashMap">
		 <![CDATA[
		SELECT COUNT(*) AS CC FROM SYS_INTF
		]]>
		<where>
		   <if test="intfcd != null and intfcd != ''">
			   AND INTFCD=#{intfcd}
		   </if>
		</where>
	</select>
	<!-- 检查字段名是否已存在 -->
	<select id="checkExistIntfDetl" parameterType="java.util.HashMap" resultType="java.util.HashMap">
		 <![CDATA[
		SELECT COUNT(*) AS CC FROM SYS_INTF_DETL
		]]>
		<where>
		   <if test="intfcd != null and intfcd != ''">
			   AND INTFCD=#{intfcd}
		   </if>
		   <if test="fildcd != null and fildcd != ''">
			   AND FILDCD=#{fildcd}
		   </if>
		   <if test="vermod != null and vermod != ''">
			   AND VERMOD=#{vermod}
		   </if>
		</where>
	</select>
	
	<!-- 修改接口定义信息 -->
	<update id="updateIntf" parameterType="java.util.HashMap">
		UPDATE SYS_INTF  SET
		       VERMOD = VERMOD+1
	     WHERE INTFCD = #{intfcd}	 AND PROJCD = #{projcd}		
	</update>
	
	
	<update id="updateIntfDetl" parameterType="java.util.HashMap">
		UPDATE SYS_INTF_DETL  SET
		       VERMOD = VERMOD+1
	     WHERE INTFCD = #{intfcd}	 AND PROJCD = #{projcd}		
	</update>
	
	<!-- 删除接口信息 -->
	<delete id="deleteIntf" parameterType="java.util.HashMap">
     	   <![CDATA[
			  DELETE FROM SYS_INTF
		]]>
		<where>
			<if test="intfcdList!=null and intfcdList.size()>0">
				AND INTFCD IN
				<foreach collection="intfcdList" item="intfcd" open="("
					close=")" separator=",">
					#{intfcd}
				</foreach>
			</if>
		</where>
	</delete>  
	<!-- 根据接口代码批量删除接口明细信息 -->
	<delete id="deleteIntfDetl" parameterType="java.util.HashMap">
     	   <![CDATA[
			  DELETE FROM SYS_INTF_DETL
		]]>
		<where>
			<if test="intfcdList!=null and intfcdList.size()>0">
				AND INTFCD IN
				<foreach collection="intfcdList" item="intfcd" open="("
					close=")" separator=",">
					#{intfcd}
				</foreach>
			</if>
		</where>
	</delete>  
	<delete id="deleteIntfDetlBycd" parameterType="java.util.HashMap">
     	   <![CDATA[
			  DELETE FROM SYS_INTF_DETL
		]]>
		<where>
		    <if test="intfcd != null and intfcd != ''">
				AND INTFCD = #{intfcd}
			</if>
		</where>
	</delete>  
</mapper>


