<?xml version="1.0" encoding="UTF-8"?>
<!DOCTYPE mapper PUBLIC "-//mybatis.org//DTD Mapper 3.0//EN" "http://mybatis.org/dtd/mybatis-3-mapper.dtd">
<mapper namespace="com.sunline.sunfe.mybatis.iomp">
	<!--查询规则输入映射列表 -->
	<select id="queryIomplistPage" parameterType="java.util.HashMap"
		resultType="java.util.HashMap">
		SELECT RULEID AS "ruleid",
		       FTOKEY AS "ftokey",
		       MAPKEY AS "mapkey",
		       SMRYTX AS "smrytx"
		FROM   SYS_IOMP
		<where>
			<if test="mapkey != null and mapkey != ''">
				AND MAPKEY LIKE #{mapkey} ESCAPE '\'
			</if>
			<if test="ruleid != null and ruleid != ''">
				AND RULEID LIKE #{ruleid} ESCAPE '\'
			</if>
		</where>
	</select>
	<!-- 查询规则输入映射详情 -->
	<select id="queryIompInfo" parameterType="java.util.HashMap"
		resultType="java.util.HashMap">
		SELECT RULEID AS "ruleid",
		       FTOKEY AS "ftokey",
		       MAPKEY AS "mapkey",
		       SMRYTX AS "smrytx"
		FROM   SYS_IOMP 
		WHERE  MAPKEY = #{mapkey} AND RULEID = #{ruleid} AND FTOKEY = #{ftokey} 
	</select>
	<!-- 新增规则输入映射 -->
	<insert id="addIomp" parameterType="java.util.HashMap">
	   INSERT INTO SYS_IOMP 
       (RULEID,FTOKEY,MAPKEY,SMRYTX)   
       VALUES
       (#{ruleid},#{ftokey},#{mapkey},#{smrytx})
	</insert>
	<!-- 校验产品类别代码是否已存在 -->
	<select id="checkExistIomp" parameterType="java.util.HashMap" resultType="java.util.HashMap">
	   <![CDATA[
		SELECT COUNT(*) AS CC FROM SYS_IOMP
		]]>
	    WHERE  MAPKEY = #{mapkey} AND RULEID = #{ruleid} AND FTOKEY = #{ftokey} AND SMRYTX = #{smrytx}
	</select>
	<!-- 删除产品类别信息 -->
	<delete id="deleteIomp" parameterType="java.util.HashMap">
   	   <![CDATA[
	    DELETE FROM SYS_IOMP
		]]>
		WHERE  MAPKEY = #{mapkey} AND RULEID = #{ruleid} AND FTOKEY = #{ftokey} 
	</delete>
</mapper>


