<?xml version="1.0" encoding="UTF-8"?>
<!DOCTYPE mapper PUBLIC "-//mybatis.org//DTD Mapper 3.0//EN" "http://mybatis.org/dtd/mybatis-3-mapper.dtd">
<mapper namespace="com.sunline.suncm.mybatis.loanbusiwrongaccount">

	<!-- 查询account数据， 分页查询 -->
	<select id="getHangUplistPage" parameterType="java.util.HashMap"
		resultType="java.util.HashMap">
		select a.stacid "stacid",
		a.systid "systid",
		a.trandt "trandt",
		a.transq "transq",
		a.tranbr "tranbr",
		a.acctbr "acctbr",
		a.PRCSCD "prcscd",
		a.crcycd "crcycd",
		a.PRODCD "prodcd",
		a.TRPRCD "trprcd",
		a.TRANTP "trantp",
		a.TRANAM "tranam",
		a.STATUS "status",
		a.BATHID "bathid",
		a.SERINO "serino",
		a.EVETDN "evetdn"
		from loan_busi a
		where 1=1
		<if test="stacid != null and stacid != ''">
			AND a.stacid=#{stacid}
		</if>
		<if test="systid != null and systid != ''">
			AND a.systid=#{systid}
		</if>
			AND a.trandt=#{glisdt}
		<if test="transq != null and transq != ''">
			AND a.transq LIKE '%'||#{transq}||'%'
		</if>
		<if test="tranbr != null and tranbr != ''">
			AND a.tranbr=#{tranbr}
		</if>
			AND a.status=#{status}
		AND a.stacid in @BASERESC_TP_20
		AND a.acctbr in @BASERESC_TP_1
		order by a.stacid asc , a.systid asc, a.trandt asc , a.transq asc
	</select>
	
	
	<update id="updateLoanBusiStatus" parameterType="java.util.HashMap">
		update loan_busi a set status ='1'
		where 1=1
			AND a.stacid=#{stacid}
			AND a.systid=#{systid}
			AND a.trandt=#{trandt}
			AND a.transq LIKE '%'||#{transq}||'%'
			AND a.status=#{status}
	
	</update>
	
	<select id="queryWrong" parameterType="java.util.HashMap"
		resultType="java.util.HashMap">
		select a.stacid "stacid",
		a.systid "systid",
		a.trandt "trandt",
		a.transq "transq",
		a.tranbr "tranbr",
		a.acctbr "acctbr",
		a.PRCSCD "prcscd",
		a.crcycd "crcycd",
		a.PRODCD "prodcd",
		a.TRPRCD "trprcd",
		a.TRANTP "trantp",
		a.TRANAM "tranam",
		a.loanp1 "loanp1",
		a.loanp2 "loanp2",
		a.loanp3 "loanp3",
		a.loanp4 "loanp4",
		a.loanp5 "loanp5",
		a.STATUS "status",
		a.BATHID "bathid",
		a.SERINO "serino",
		a.EVETDN "evetdn"
		from loan_busi a
		where 1=1
			AND a.stacid=#{stacid}
			AND a.systid=#{systid}
			AND a.trandt=#{trandt}
			AND a.transq LIKE '%'||#{transq}||'%'
		AND a.stacid in @BASERESC_TP_20
		AND a.acctbr in @BASERESC_TP_1
		order by a.stacid asc , a.systid asc, a.trandt asc , a.transq asc
	</select>
	
	<insert id="insertToBusiHang" parameterType="java.util.HashMap">
		insert into busi_hang (stacid,systid,trandt,transq,tablcd,trdata,status)
		values (#{stacid},#{systid},#{trandt},#{transq},#{tablcd},#{wrongJsonStr},#{status})
	
	</insert>
</mapper> 