<?xml version="1.0" encoding="UTF-8"?>
<!DOCTYPE mapper PUBLIC "-//mybatis.org//DTD Mapper 3.0//EN" "http://mybatis.org/dtd/mybatis-3-mapper.dtd">
<mapper namespace="com.sunline.sunfe.mybatis.modudict">
	<!-- 分页查询 -->
	<select id="modudictlistPage" parameterType="java.util.HashMap"  resultType="java.util.HashMap">
		select 
		module "module",
		varitp "varitp",
		ordeid "ordeid",
		varicd "varicd",
		busina "busina",
		desctx "desctx",
		status "status"
		from modu_dict_detl
		<where>
			1=1
			<if test="module != null and module != '' ">
				and module=#{module}
			</if>
			<if test="busina != null and busina != '' ">
				and busina like '%'||#{busina}||'%'
			</if>
			<if test="desctx != null and desctx != '' ">
				and desctx like '%'||#{desctx}||'%'
			</if>
			<if test="tmplna != null and tmplna != '' ">
				and (busina LIKE '%'||#{tmplna}||'%' or varicd LIKE '%'||#{tmplna}||'%')
			</if>
			<if test="status != null and status != '' ">
    			and status =#{status}
    		</if>
		</where>
		order by module,varitp,ordeid
	</select>
	
	<!-- 查询单个-->
	<select id="getModuDictDetl" parameterType="java.util.HashMap"  resultType="java.util.HashMap">
		select 
		module "module",
		varitp "varitp",
		ordeid "ordeid",
		varicd "varicd",
		busina "busina",
		desctx "desctx",
		status "status"
		from modu_dict_detl
		<where>
			1=1
			<if test="module != null and module != '' ">
				and module=#{module}
			</if>
			<if test="varicd != null and varicd != '' ">
				and varicd =#{varicd}
			</if>
			<if test="varitp != null and varitp != '' ">
    			and varitp =#{varitp}
    			</if>
    		<if test="dictna != null and dictna != '' ">
				and (busina LIKE '%'||#{dictna}||'%'
				or varicd LIKE '%'||#{dictna}||'%')
			</if>
		</where>
		order by ordeid
	</select>
	
	<select id="getModuDictDetllistPage" parameterType="java.util.HashMap"  resultType="java.util.HashMap">
		select 
		module "module",
		varitp "varitp",
		ordeid "ordeid",
		varicd "varicd",
		busina "busina",
		desctx "desctx",
		status "status"
		from modu_dict_detl
		<where>
			1=1
			<if test="module != null and module != '' ">
				and module=#{module}
			</if>
			<if test="varicd != null and varicd != '' ">
				and varicd =#{varicd}
			</if>
			<if test="varitp != null and varitp != '' ">
    			and varitp =#{varitp}
    			</if>
    			<if test="status != null and status != '' ">
    			and status =#{status}
    			</if>
    		<if test="tmplna != null and tmplna != '' ">
				and (busina LIKE '%'||#{tmplna}||'%'
				or varicd LIKE '%'||#{tmplna}||'%')
			</if>
		</where>
		order by ordeid
	</select>
	
	
	
	
	<!-- 查询主表 -->
	<select id="modudict" parameterType="java.util.HashMap"  resultType="java.util.HashMap">
		select 
		module "module",
		desctx "desctx",
		status "status",
		tablcd "tablcd"
		from modu_dict
		where
			module=#{module}
	</select>
	
	
	
	<!-- 条件删除 -->
	<delete id="delModuDictDetl" parameterType="java.util.HashMap">
		delete from modu_dict_detl
		<where>
				module=#{module}
				<if test="varitp != null and varitp != '' ">
				and  varitp = #{varitp}
				</if>
				<if test="varicd != null and varicd != '' ">
				and varicd =#{varicd}
				</if>
				
		</where>
	</delete>
	
	<!-- 添加 -->
	<insert id="insertModuDictDetl"  parameterType="java.util.HashMap">
		insert into modu_dict_detl (MODULE, VARITP, ORDEID, VARICD, BUSINA, DESCTX, STATUS)
		values (#{module},#{varitp},#{ordeid},#{varicd},#{busina},#{desctx},#{status})
	</insert>
	
	<!-- 判断是否有和固定区域重复的数据 -->
	<select id="checkModuDictDetl" parameterType="java.util.HashMap"  resultType="java.util.HashMap">
		select * from modu_dict_detl 
		where varicd=#{varicd}
				and varitp = '1'
	</select>
	
	
	<!-- 判断是否已使用-->
	<select id="checkmodu" parameterType="java.util.HashMap"  resultType="java.util.HashMap">
		select * from vchr_iomp_detl 
		where 
					1=1
			<if test="module != null and module != '' ">
				and module=#{module}
			</if>
			<if test="varicd != null and varicd != '' ">
				and fmvacd = #{varicd}
			</if>
	</select>
	
	<!-- 判断是否已停用-->
	<select id="checkstatus" parameterType="java.util.HashMap"  resultType="java.util.HashMap">
		select * from modu_dict_detl 
		where 
					1=1
			<if test="module != null and module != '' ">
				and module=#{module}
			</if>
			<if test="varicd != null and varicd != '' ">
				and varicd = #{varicd}
			</if>
			<if test="status != null and status != '' ">
				and status = #{status}
			</if>
	</select>
	
	<update id="updateModuDictDetl" parameterType="java.util.HashMap">
		update modu_dict_detl
		set ordeid = #{ordeid},
			busina = #{busina},
			desctx = #{desctx},
			status = #{status}
			where
			module=#{module}
			and varicd =#{varicd}
	</update>
	
	
	<update id="updateStatus" parameterType="java.util.HashMap">
		update modu_dict_detl
		set 
			status = #{status}
			where
			module=#{module}
			and varicd =#{varicd}
			and varitp=#{varitp}
	</update>
	
	<update id="updateDesctx" parameterType="java.util.HashMap">
		update modu_dict
		set desctx = #{module_desctx}
			where
			module=#{module}
	</update>
	<update id="insert" parameterType="java.util.HashMap">
		insert into modu_dict(MODULE,desctx,tablcd,status)
		values(#{module},#{module_desctx},#{tablcd},'1')
	</update>
	<select id="getIompList" parameterType="java.util.HashMap" resultType="java.util.HashMap">
		select fmvacd "varicd",
			   fmvana "varina"
		from vchr_iomp_detl
		where module=#{module}
	</select>
	
	<select id="getLoanBusiCollistPage" parameterType="java.util.HashMap" resultType="java.util.HashMap">
		SELECT LOWER(T.COLUMN_NAME) "varicd", T.COMMENTS "busina" FROM USER_COL_COMMENTS T  
		<where>
			    T.TABLE_NAME = 'LOAN_BUSI'
			<if test="varicd != null and varicd != '' ">
				AND T.COLUMN_NAME = #{varicd}
			</if>
			<if test="busina != null and busina != '' ">
				AND T.COMMENTS LIKE '%'||#{busina}||'%'
			</if>
		</where>
		ORDER BY T.COLUMN_NAME
	</select>
	
	<select id="getModuDicDetlCount" parameterType="java.lang.String"  resultType="java.util.HashMap">
			SELECT * FROM MODU_DICT_DETL  
			WHERE
			MODULE = #{_parameter}
	</select>
	
	<delete id="delModuDictByModule" parameterType="java.lang.String">
	   delete MODU_DICT where module = #{_parameter}
	</delete>
	
</mapper>