<?xml version="1.0" encoding="UTF-8"?>
<!DOCTYPE mapper PUBLIC "-//mybatis.org//DTD Mapper 3.0//EN" "http://mybatis.org/dtd/mybatis-3-mapper.dtd">
<mapper namespace="com.sunline.suncm.mybatis.nighthangup">
	
	 <!--查找挂起错账 -->
	<select id="queryBusiHang" parameterType="java.util.HashMap" resultType="java.util.HashMap">
		SELECT * FROM BUSI_HANG a where 1=1
		<if test="stacid != null and stacid != ''">
			AND a.stacid=#{stacid}
		</if>
		<if test="systid != null and systid != ''">
			AND a.systid=#{systid}
		</if>
		<if test="trandt != null and trandt != ''">
			AND a.trandt=#{trandt}
		</if>
		<if test="transq != null and transq != ''">
			AND a.transq = #{transq}
		</if>
	</select>
	
	
	
	
	<select id="checkBusiHang" parameterType="java.util.HashMap" resultType="java.util.HashMap">
		SELECT * FROM BUSI_HANG a where 1=1
		<if test="stacid != null and stacid != ''">
			AND a.stacid=#{stacid}
		</if>
		<if test="systid != null and systid != ''">
			AND a.systid=#{systid}
		</if>
		<if test="trandt != null and trandt != ''">
			AND a.trandt=#{trandt}
		</if>
		<if test="transq != null and transq != ''">
			AND a.transq = #{transq}
		</if>
			AND a.status = '1'
	</select>
	
	
	
	<select id="queryBooks" parameterType="java.util.HashMap"
		resultType="java.util.HashMap">
		select stacid "stacid",
       acctdt "acctdt",
       brchcd "brchcd",
       itemcd "itemcd",
       hgitem "hgitem",
       systid "systid",
       crcycd "crcycd",
       amntcd "amntcd",
       tranam "tranam",
       dealam "dealam",
       status "status"
 	   from GLA_CHK_Book 
		where stacid = #{stacid}
		<if test="lastday != null and lastday != ''">
			AND acctdt=#{lastday}
		</if>
		<if test="tranbr != null and tranbr != ''">
			AND brchcd=#{tranbr}
		</if>
		<if test="itemcd != null and itemcd != ''">
			AND itemcd=#{itemcd}
		</if>
		<if test="systid != null and systid != ''">
			AND systid=#{systid}
		</if>
		<if test="crcycd != null and crcycd != ''">
			AND crcycd=#{crcycd}
		</if>
			and status in ('0','2')
	</select>
	
	
	
	
	<!-- <select id="queryCHKBook" parameterType="java.util.HashMap">
			select stacid "stacid",
       acctdt "acctdt",
       brchcd "brchcd",
       itemcd "itemcd",
       hgitem "hgitem",
       systid "systid",
       crcycd "crcycd",
       amntcd "amntcd",
       tranam "tranam",
       dealam "dealam",
       status "status"
 	   from GLA_CHK_Book
		where stacid = #{stacid}
		<if test="acctdt != null and acctdt != ''">
			AND a.acctdt=#{acctdt}
		</if>
		<if test="brchcd != null and brchcd != ''">
			AND a.brchcd=#{brchcd}
		</if>
		<if test="itemcd != null and itemcd != ''">
			AND a.itemcd=#{itemcd}
		</if>
		<if test="systid != null and systid != ''">
			AND a.systid=#{systid}
		</if>
		<if test="crcycd != null and crcycd != ''">
			AND a.crcycd=#{crcycd}
		</if>
	
	</select>
	 -->
	<update id="updateCHKBook" parameterType="java.util.HashMap">
		update GLA_CHK_Book set status = #{status},dealam = #{dealam}
		where stacid = #{stacid}
		<if test="trandt != null and trandt != ''">
			AND acctdt=#{trandt}
		</if>
		<if test="brchcd != null and brchcd != ''">
			AND brchcd=#{brchcd}
		</if>
		<if test="itemcd != null and itemcd != ''">
			AND itemcd=#{itemcd}
		</if>
		<if test="systid != null and systid != ''">
			AND systid=#{systid}
		</if>
		<if test="crcycd != null and crcycd != ''">
			AND crcycd=#{crcycd}
		</if>
	</update>
	
	
	
	
</mapper> 