<?xml version="1.0" encoding="UTF-8"?>
<!DOCTYPE mapper PUBLIC "-//mybatis.org//DTD Mapper 3.0//EN" "http://mybatis.org/dtd/mybatis-3-mapper.dtd">
<mapper namespace="com.sunline.sunfe.mybatis.pftp">
    <!--查询规则 -->
	<select id="queryProfByproftplistPage" parameterType="java.util.HashMap"	resultType="java.util.HashMap">
		SELECT PROFTP AS "proftp",
		       PROFID AS "profid",
		       PROFNA AS "profna",
		       EFCTDT AS "efctdt",
		       INEFDT AS "inefdt",
		       ENNAME AS "enname",
		       DESCTX AS "desctx",
		       VERMOD AS "vermod",
		       MODULE AS "module",
		       PROJCD AS "projcd"
		FROM   SYS_PROF
		<where>
			<if test="proftp != null and proftp != ''">
				AND PROFTP LIKE #{proftp} ESCAPE '\'  
			</if>
			<if test="profna != null and profna != ''">
				AND PROFNA LIKE '%'||#{profna}||'%'
			</if>
			<if test="vermod != null and vermod != ''">
				AND VERMOD = #{vermod}
			</if>
		</where>
		ORDER BY PROFTP
	</select> 
	
	<select id="queryProfByproftp" parameterType="java.util.HashMap"	resultType="java.util.HashMap">
		SELECT PROFTP AS "proftp",
		       PROFID AS "profid",
		       PROFNA AS "profna",
		       EFCTDT AS "efctdt",
		       INEFDT AS "inefdt",
		       ENNAME AS "enname",
		       DESCTX AS "desctx",
		       VERMOD AS "vermod",
		       MODULE AS "module",
		       PROJCD AS "projcd"
		FROM   SYS_PROF
		<where>
			<if test="proftp != null and proftp != ''">
				AND PROFTP = #{proftp}
			</if>
			<if test="vermod != null and vermod != ''">
				AND VERMOD = #{vermod}
			</if>
		</where>
		ORDER BY PROFTP
	</select> 
	<!--查询业务规则清单 -->
	<select id="queryPftplistPage" parameterType="java.util.HashMap"
		resultType="java.util.HashMap">
		SELECT P.PROFTP AS "proftp",
		       P.PFTPNA AS "pftpna",
		       P.PROCCD AS "proccd",
		       P.ENNAME AS "enname",
		       P.DESCTX AS "desctx",
		       P.VERMOD AS "vermod",
		       P.MODULE AS "module",
		       P.PROJCD AS "projcd",
		       B.BEANDE AS "beande"
		FROM   SYS_PFTP P LEFT JOIN  SYS_BEAN B ON P.PROCCD = B.BEANID AND P.VERMOD = B.VERMOD
		<where>
			<if test="proftp != null and proftp != ''">
				AND P.PROFTP LIKE  #{proftp} ESCAPE '\'  
			</if>
			<if test="pftpna != null and pftpna != ''">
				AND P.PFTPNA LIKE '%'||#{pftpna}||'%'
			</if>
			<if test="vermod != null and vermod != ''">
				AND P.VERMOD = #{vermod}
			</if>
		</where>
	</select>
	<!-- 根据规则类型查询业务规则详细 -->
	<select id="queryPftpById" parameterType="java.util.HashMap"
		resultType="java.util.HashMap">
		SELECT P.PROFTP AS "proftp",
		       P.PFTPNA AS "pftpna",
		       P.PROCCD AS "proccd",
		       P.ENNAME AS "enname",
		       P.DESCTX AS "desctx",
		       P.VERMOD AS "vermod",
		       P.MODULE AS "module",
		       P.PROJCD AS "projcd",
		       B.BEANDE AS "beande"
		FROM   SYS_PFTP P LEFT JOIN  SYS_BEAN B ON P.PROCCD = B.BEANID AND P.VERMOD = B.VERMOD
		<where>
			<if test="proftp != null and proftp != ''">
				AND P.PROFTP = #{proftp}
			</if>
			<if test="vermod != null and vermod != ''">
				AND P.VERMOD = #{vermod}
			</if>
		</where> 
    </select>
    
	<!-- 校验规则类型是否已存在 -->
	<select id="checkExistPftp" parameterType="java.util.HashMap" resultType="java.util.HashMap">
		 <![CDATA[
		SELECT COUNT(*) AS CC FROM SYS_PFTP
		]]>
		<where>
		   <if test="proftp != null and proftp != ''">
			   AND PROFTP = #{proftp}
		   </if>
		</where>
	</select>
	<!-- 校验规则是否已存在 -->
	<select id="checkExistProf" parameterType="java.util.HashMap" resultType="java.util.HashMap">
		SELECT COUNT(*) AS CC FROM SYS_PROF
		<where>
		   <if test="proftp != null and proftp != ''">
			   AND PROFTP = #{proftp}
		   </if>
		   <if test="profid != null and profid != ''">
			   AND PROFID = #{profid}
		   </if>
		   <if test="vermod != null and vermod != ''">
				AND VERMOD = #{vermod}
			</if>
		</where>
	</select>
	<!-- 新增业务规则类型信息 -->
	<insert id="addPftp" parameterType="java.util.HashMap">
	    INSERT INTO SYS_PFTP
		(PROFTP,PFTPNA,PROCCD,DESCTX,VERMOD,MODULE,PROJCD)
		VALUES
		(#{proftp},#{pftpna},#{proccd},#{desctx},#{vermod},#{module},#{projcd})
	</insert>
	<!-- 新增规则 -->
	<insert id="insertProf" parameterType="java.util.HashMap">
	    INSERT INTO SYS_PROF 
	    (PROFTP,PROFID,PROFNA,EFCTDT,INEFDT,DESCTX,VERMOD,MODULE,PROJCD) 
        VALUES 
        (#{proftp},#{profid},#{profna},#{efctdt},#{inefdt},#{desctx},#{vermod},#{module},#{projcd})
	</insert>
	<!-- 修改业务规则信息 -->
	<update id="updatePftp" parameterType="java.util.HashMap">
		UPDATE SYS_PFTP  SET
		       VERMOD = VERMOD+1
	     WHERE PROFTP = #{proftp}	 AND  PROJCD = #{projcd}		
	</update>
	
	<update id="updateProf" parameterType="java.util.HashMap">
		UPDATE SYS_PROF  SET
		       VERMOD = VERMOD+1
	     WHERE PROFTP = #{proftp}	 AND  PROJCD = #{projcd}		
	</update>
	<!-- 删除业务规则信息 -->
	<delete id="deletePftp" parameterType="java.util.HashMap">
     	   <![CDATA[
			  DELETE FROM SYS_PFTP
		]]>
		<where>
			<if test="proftpList!=null and proftpList.size()>0">
				AND PROFTP IN
				<foreach collection="proftpList" item="proftp" open="("
					close=")" separator=",">
					#{proftp}
				</foreach>
			</if>
		</where>
	</delete>
	<!-- 批量删除规则类型 时 删除规则-->
	<delete id="deleteProf" parameterType="java.util.HashMap">
     	   <![CDATA[
			  DELETE FROM SYS_PROF
		]]>
		<where>
			<if test="proftpList!=null and proftpList.size()>0">
				AND PROFTP IN
				<foreach collection="proftpList" item="proftp" open="("
					close=")" separator=",">
					#{proftp}
				</foreach>
			</if>
		</where>
	</delete>
	<!-- 根据规则类型proftp删除规则 -->
	<delete id="deleteProfByTp" parameterType="java.util.HashMap">
     	   <![CDATA[
			  DELETE FROM SYS_PROF
		]]>
		<where>
			<if test="proftp !=null and proftp !='' ">
				AND PROFTP = #{proftp}
			</if>
		</where>
	</delete>
</mapper>


