<?xml version="1.0" encoding="UTF-8"?>
<!DOCTYPE mapper PUBLIC "-//mybatis.org//DTD Mapper 3.0//EN" "http://mybatis.org/dtd/mybatis-3-mapper.dtd">
<mapper namespace="com.sunline.sunfe.mybatis.pmap">
       <!-- 查询产品子交易模板列表 -->
	   <select id="queryPmaplistPage" parameterType="java.util.HashMap" resultType="java.util.HashMap">
	           SELECT PM.PRODCD AS "prodcd",
	          		  PM.stacid AS "stacid",
	                  PR.PRODNA AS "prodna",
	                  PM.TRANCD AS "trancd",
	                  TR.TRANNA AS "tranna",
	                  PM.CORRTG AS "corrtg", 
	                  PM.TMPLTP AS "tmpltp",
	                  PM.TMPLID AS "tmplid",
	                  TM.TMPLNA AS "tmplna",
	                  PM.VERMOD AS "vermod",
	                  PM.MODULE AS "module",
	                  PM.PROJCD AS "projcd"
	           FROM   SYS_PMAP PM LEFT JOIN SYS_PROD PR ON PM.PRODCD = PR.PRODCD AND PM.VERMOD = PR.VERMOD
                      LEFT JOIN SYS_TRCD TR ON PM.TRANCD = TR.TRANCD AND PM.VERMOD = TR.VERMOD
	                  LEFT JOIN SYS_TMPL TM ON PM.TMPLTP = TM.TMPLTP AND PM.TMPLID = TM.TMPLID AND PM.VERMOD = TM.VERMOD            
	           <where>
	                <if test="prodna != null and prodna != ''">
						AND (PR.PRODNA LIKE '%'||#{prodna}||'%' OR PM.PRODCD LIKE '%'||#{prodna}||'%')
					</if>
					<if test="tranna != null and tranna != ''">
						AND (TR.TRANNA LIKE #{tranna} escape '\' OR PM.TRANCD LIKE  #{tranna} escape '\')
					</if>  
					<if test="vermod != null and vermod != ''">
						AND PM.VERMOD = #{vermod}
					</if>
					<if test="stacid != null and stacid != ''">
						AND PM.stacid = #{stacid}
					</if>
	           </where>        
       </select>
       <!-- 根据主键查询产品子交易模板详情 -->
       <select id="queryPmapInfo" parameterType="java.util.HashMap" resultType="java.util.HashMap">
               SELECT PM.PRODCD AS "prodcd",
	                  PR.PRODNA AS "prodna",
	                  PM.TRANCD AS "trancd",
	                  PM.stacid AS "stacid",
	                  TR.TRANNA AS "tranna",
	                  PM.CORRTG AS "corrtg", 
	                  PM.TMPLTP AS "tmpltp",
	                  PM.TMPLID AS "tmplid",
	                  TM.TMPLNA AS "tmplna",
	                  PM.VERMOD AS "vermod",
	                  PM.MODULE AS "module",
	                  PM.PROJCD AS "projcd"
	           FROM   SYS_PMAP PM LEFT JOIN SYS_PROD PR ON PM.PRODCD = PR.PRODCD AND PM.VERMOD = PR.VERMOD
                      LEFT JOIN SYS_TRCD TR ON PM.TRANCD = TR.TRANCD AND PM.VERMOD = TR.VERMOD
	                  LEFT JOIN SYS_TMPL TM ON PM.TMPLTP = TM.TMPLTP  AND PM.VERMOD = TM.VERMOD
	           <where>
	                <if test="prodcd != null and prodcd != ''">
						AND PM.PRODCD = #{prodcd}
					</if>
					<if test="trancd != null and trancd != ''">
						AND PM.TRANCD = #{trancd}
					</if>  
	                <if test="tmplid != null and tmplid != ''">
						AND PM.TMPLID = #{tmplid}
					</if>
					<if test="tmpltp != null and tmpltp != ''">
						AND PM.TMPLTP = #{tmpltp}
					</if>  
					<if test="vermod != null and vermod != ''">
						AND PM.VERMOD = #{vermod}
					</if>
					<if test="stacid != null and stacid != ''">
						AND PM.stacid = #{stacid}
					</if>
	           </where>       
       </select>
       <!-- 校验是否已存在产品子交易模板 -->
       <select id="checkExistPmap" parameterType="java.util.HashMap" resultType="java.util.HashMap">
               <![CDATA[
				SELECT COUNT(*) AS CC FROM SYS_PMAP
				]]>
				<where>
	                <if test="prodcd != null and prodcd != ''">
						AND PRODCD = #{prodcd}
					</if>
					<if test="trancd != null and trancd != ''">
						AND TRANCD = #{trancd}
					</if>  
	                <if test="tmplid != null and tmplid != ''">
						AND TMPLID = #{tmplid}
					</if>
					<if test="tmpltp != null and tmpltp != ''">
						AND TMPLTP = #{tmpltp}
					</if> 
					<if test="stacid != null and stacid != ''">
						AND stacid = #{stacid}
					</if> 
				</where>
       </select>
       <!-- 新增产品子交易模板 -->
       <insert id="addPmap" parameterType="java.util.HashMap">
               INSERT INTO SYS_PMAP 
                      (PRODCD,TRANCD,CORRTG,TMPLTP,TMPLID,VERMOD,MODULE,PROJCD,STACID)
                      VALUES
                      (#{prodcd},#{trancd},#{corrtg},#{tmpltp},#{tmplid},#{vermod},#{module},#{projcd},#{stacid})
       </insert>
       <!-- 修改产品子交易模板 -->
       <update id="updatePmap" parameterType="java.util.HashMap">
               UPDATE SYS_PMAP SET
                      VERMOD = vermod+1
               WHERE  PRODCD = #{prodcd} 
                 AND  TMPLTP = #{tmpltp} 
                 AND  TMPLID = #{tmplid} 
                 AND  TRANCD = #{trancd}
                 AND  CORRTG = #{corrtg}   
                 AND  PROJCD = #{projcd}
                 AND  STACID = #{stacid}
       </update>
       <!-- 删除产品子交易模板信息 -->
		<delete id="deletePmap" parameterType="java.util.HashMap">
	     	   <![CDATA[
				  DELETE FROM SYS_PMAP
			]]>
			<where>
                <if test="prodcd != null and prodcd != ''">
					AND PRODCD = #{prodcd}
				</if>
				<if test="trancd != null and trancd != ''">
					AND TRANCD = #{trancd}
				</if>  
                <if test="tmplid != null and tmplid != ''">
					AND TMPLID = #{tmplid}
				</if>
				<if test="tmpltp != null and tmpltp != ''">
					AND TMPLTP = #{tmpltp}
				</if> 
				 <if test="stacid != null and stacid != ''">
						AND stacid = #{stacid}
					</if> 
			</where>
		</delete>
</mapper>


