<?xml version="1.0" encoding="UTF-8"?>
<!DOCTYPE mapper PUBLIC "-//mybatis.org//DTD Mapper 3.0//EN" "http://mybatis.org/dtd/mybatis-3-mapper.dtd">
<mapper namespace="com.sunline.sunfe.mybatis.prcs">
	<!--查询处理码清单 -->
	<select id="queryPrcslistPage" parameterType="java.util.HashMap" resultType="java.util.HashMap">
		SELECT PRCSCD AS "prcscd",
		       PRCSNA AS "prcsna",
		       PROCCD AS "proccd",
		       CKTRTG AS "cktrtg",
		       USEDTG AS "usedtg",
		       ENNAME AS "enname",
		       DESCTX AS "desctx",
		       STRKTG AS "strktg",
		       CHRGFG AS "chrgfg",
		       CHRGTP AS "chrgtp",
		       BFTMPL AS "bftmpl",
		       BFTMID AS "bftmid",
		       AFTMPL AS "aftmpl",
		       AFTMID AS "aftmid",
		       PRPROC AS "prproc",
		       AFPROC AS "afproc",
		       ERPROC AS "erproc",
		       QTGRAD AS "qtgrad",
		       VERMOD AS "vermod",
		       MODULE AS "module",
		       PROJCD AS "projcd"
		FROM SYS_PRCS
		<where>
			<if test="prcscd != null and prcscd != ''">
				AND PRCSCD LIKE #{prcscd} ESCAPE '\'
			</if>
			<if test="prcsna != null and prcsna != ''">
				AND PRCSNA LIKE '%'||#{prcsna}||'%'
			</if>
			<if test="module != null and module != ''">
				AND MODULE = #{module}
			</if>
			<if test="usedtg != null and usedtg != ''">
				AND USEDTG LIKE '%'||#{usedtg}||'%'
			</if>
			<if test="vermod != null and vermod != ''">
				AND VERMOD =#{vermod}
			</if>
			<if test="projcd != null and projcd != ''">
				AND PROJCD =#{projcd}
			</if>
		</where>
		ORDER BY PRCSCD
	</select>
	<!-- 新增商品信息 -->
	<insert id="addPrcs" parameterType="java.util.HashMap">
		INSERT INTO SYS_PRCS
		(PRCSCD,PRCSNA,USEDTG,DESCTX,VERMOD,MODULE,PROJCD)
		VALUES
		(#{prcscd},#{prcsna},#{usedtg},#{desctx},#{vermod},#{module},#{projcd})
	</insert>
	<!-- 检查处理码编号是否已存在 -->
	<select id="checkExistPrcs" parameterType="java.util.HashMap"
		resultType="java.util.HashMap">
		 <![CDATA[
		SELECT COUNT(*) AS CC FROM SYS_PRCS
		]]>
		<where>
		    <if test="prcscd != null and prcscd != ''">
			   AND PRCSCD=#{prcscd}
		    </if>
		</where>
	</select>
	
	<!-- 修改处理码信息 -->
	<update id="updatePrcs" parameterType="java.util.HashMap">
		UPDATE SYS_PRCS  SET
		       VERMOD = VERMOD+1
	     WHERE PRCSCD = #{prcscd} AND  PROJCD = #{projcd}				
	</update>
	
	<!-- 删除处理码信息 -->
	<delete id="deletePrcs" parameterType="java.util.HashMap">
			  DELETE FROM SYS_PRCS
		<where>
				AND PRCSCD  = #{prcscd}
				AND PROJCD  = #{projcd}
		</where>
	</delete>  
</mapper>


