<?xml version="1.0" encoding="UTF-8"?>
<!DOCTYPE mapper PUBLIC "-//mybatis.org//DTD Mapper 3.0//EN" "http://mybatis.org/dtd/mybatis-3-mapper.dtd">
<mapper namespace="com.sunline.sunfe.mybatis.proddtit">
	<!--查询系统属性组类型清单 -->
	<select id="queryProdDtitlistPage" parameterType="java.util.HashMap" resultType="java.util.HashMap">
		 SELECT DC.STACID AS "stacid",
				DC.PRODCD AS "prodcd",
				PR.PRODNA AS "prodna",
				DC.PRODP1 AS "prodp1",
				DC.PRODP2 AS "prodp2",
				DC.PRODP3 AS "prodp3",
				DC.PRODP4 AS "prodp4",
				DC.PRODP5 AS "prodp5",
				DC.PRODP6 AS "prodp6",
				DC.PRODP7 AS "prodp7",
				DC.PRODP8 AS "prodp8",
				DC.PRODP9 AS "prodp9",
				DC.PRODPA AS "prodpa",
				DC.P1TPKD AS "p1tpkd",
				DC.P2TPKD AS "p2tpkd",
				DC.P3TPKD AS "p3tpkd",
				DC.P4TPKD AS "p4tpkd",
				DC.P5TPKD AS "p5tpkd",
				DC.P6TPKD AS "p6tpkd",
				DC.P7TPKD AS "p7tpkd",
				DC.P8TPKD AS "p8tpkd",
				DC.P9TPKD AS "p9tpkd",
				DC.PATPKD AS "patpkd",
				DC.TRPRGP AS "trprgp"
		 FROM   SYS_DTIT_CONF DC LEFT JOIN SYS_PROD PR ON DC.PRODCD = PR.PRODCD  AND PR.VERMOD = '0'
		<where>
			1=1
			<if test="stacid != null and stacid != ''">
				AND DC.STACID = #{stacid}
			</if>
			<if test="prodna != null and prodna != ''">
				AND ( PR.PRODNA LIKE '%'||#{prodna}||'%' OR DC.PRODCD LIKE '%'||#{prodna}||'%')
			</if>
		</where>
		 ORDER BY DC.PRODCD
	</select>
	<!--查询系统属性组类型清单 -->
	<select id="queryProdDtitInfo" parameterType="java.util.HashMap"
		resultType="java.util.HashMap">
		 SELECT DC.STACID AS "stacid",
				PR.PRODCD AS "prodcd",
				PR.PRODNA AS "prodna",
				PR.MODULE AS "module",
				DC.PRODP1 AS "prodp1",
				DC.PRODP2 AS "prodp2",
				DC.PRODP3 AS "prodp3",
				DC.PRODP4 AS "prodp4",
				DC.PRODP5 AS "prodp5",
				DC.PRODP6 AS "prodp6",
				DC.PRODP7 AS "prodp7",
				DC.PRODP8 AS "prodp8",
				DC.PRODP9 AS "prodp9",
				DC.PRODPA AS "prodpa",
				DC.P1TPKD AS "p1tpkd",
				DC.P2TPKD AS "p2tpkd",
				DC.P3TPKD AS "p3tpkd",
				DC.P4TPKD AS "p4tpkd",
				DC.P5TPKD AS "p5tpkd",
				DC.P6TPKD AS "p6tpkd",
				DC.P7TPKD AS "p7tpkd",
				DC.P8TPKD AS "p8tpkd",
				DC.P9TPKD AS "p9tpkd",
				DC.PATPKD AS "patpkd",
				DC.TRPRGP AS "trprgp"

		 FROM   SYS_DTIT_CONF DC 
		        LEFT JOIN SYS_PROD PR ON DC.PRODCD = PR.PRODCD  AND PR.VERMOD = '0'
		<where>
			<if test="stacid != null and stacid != ''">
				AND DC.STACID = #{stacid}
			</if>
			<if test="prodcd != null and prodcd != ''">
				AND PR.PRODCD = #{prodcd}
			</if>
		</where>
	</select>
	<!--查询余额类型详情 -->
	<select id="querySysTrpr" parameterType="java.util.HashMap"
		resultType="java.util.HashMap">
		SELECT TRPRCD AS "trprcd",
		       TRPRNA AS "trprna",
		       USEDTP AS "usedtp",
		       DESCTX AS "desctx",
		       MODULE AS "module"
		FROM SYS_TRPR
		<where>
			<if test="module != null and module != ''">
				AND MODULE = #{module}
			</if>
		</where>
	</select>
	<!-- 系统属性组类型 -->
	<select id="queryPrtpInfo" parameterType="java.util.HashMap"
		resultType="java.util.HashMap">
		 SELECT PRGPTP AS "prgptp",
		        PRGPNA AS "prgpna",
		        MODULE AS "module"
		 FROM   SYS_PRTP 
		<where>
			<if test="prgptpList!=null and prgptpList.size()>0">
				AND PRGPTP IN
				<foreach collection="prgptpList" item="prgptp" open="("
					close=")" separator=",">
					#{prgptp}
				</foreach>
			</if>
			AND VERMOD ='0'
		</where>
	</select>
	<!-- 系统属性组类型定义明细 -->
	<select id="queryPrtpDetlInfo" parameterType="java.util.HashMap"
		resultType="java.util.HashMap">
		 SELECT PRGPTP  "prgptp",
		 		PROPCD  "propcd",
		        DESCTX  "desctx",
		        MODULE  "module"
		 FROM   SYS_PRTP_DETL 
		<where>
				AND PRGPTP IN
				<foreach collection="prgptpList" item="prgptp" open="("
					close=")" separator=",">
					#{prgptp}
				</foreach>
				AND VERMOD ='0'
		</where>
	</select>
	
		<!-- 系统属性组类型定义明细 -->
	<select id="queryPrtpDetlInfoGroup" parameterType="java.lang.String" resultType="java.lang.String">
		 SELECT PROPCD  "propcd"
		 FROM   SYS_PRTP_DETL 
		<where>
				AND PRGPTP = #{_parameter} AND VERMOD ='0'
		</where>
	</select>
	<select id="queryPrtpDetlInfoGroupna" parameterType="java.lang.String" resultType="java.lang.String">
		 SELECT DESCTX  "desctx"
		 FROM   SYS_PRTP_DETL 
		<where>
				AND PRGPTP = #{_parameter} AND VERMOD ='0'
		</where>
	</select>
	<!-- 余额类型 -->
	<select id="queryTrprList" parameterType="java.util.HashMap"
		resultType="java.util.HashMap">
		 SELECT TRPRCD AS "trprcd",
		        TRPRNA AS "trprna",
		        USEDTP AS "usedtp",
		        MODULE AS "module"
		 FROM   SYS_TRPR
		<where>
			<if test="trprgpArray !=null and trprgpArray.length > 0">
				AND TRPRCD IN
				<foreach collection="trprgpArray" item="prgptp" open="("
					close=")" separator=",">
					#{prgptp}
				</foreach>
			</if>
			<if test="module !=null and module != ''">
				AND module = #{module}
			</if>
		</where>
	</select>
	<!-- 参照产品核算配置 -->
	<select id="consultProdDtit" parameterType="java.util.HashMap"
		resultType="java.util.HashMap">
		SELECT  DC.STACID AS "stacid",
				DC.PRODCD AS "prodcd",
				PR.PRODNA AS "prodna"
		 FROM  SYS_DTIT_CONF DC LEFT JOIN SYS_PROD PR ON DC.PRODCD = PR.PRODCD  AND PR.VERMOD = '0'
		<where>
			<if test="stacid != null and stacid != ''">
				AND DC.STACID = #{stacid}
			</if>
			<if test="module != null and module != ''">
			    AND DC.PRODCD IN (SELECT B.PRODCD FROM SYS_PROD B WHERE B.MODULE = #{module})
			</if>
		</where>
	</select>
	
	<select id="querySysPrtp" parameterType="java.util.HashMap"
		resultType="java.util.HashMap">
		SELECT  PRGPTP AS "prgptp",
				PRGPNA AS "prgpna"
		 FROM  SYS_PRTP 
		 <where>
			<if test="module != null and module != ''">
				AND MODULE = #{module}
			</if>
			AND VERMOD ='0'
		</where>
	</select>
	
	<insert id="addDtitConf" parameterType="java.util.HashMap">
	    insert into sys_dtit_conf(STACID,PRODCD
		    <if test="prodp1 != null and prodp1 != ''">
				 ,PRODP1 
			</if>
			<if test="prodp2 != null and prodp2 != ''">
				 ,PRODP2 
			</if>
			<if test="prodp3 != null and prodp3 != ''">
				 ,PRODP3 
			</if>
			<if test="prodp4 != null and prodp3 != ''">
				 ,PRODP4
			</if>
			<if test="prodp5 != null and prodp5 != ''">
				 ,PRODP5
			</if>
			<if test="prodp6 != null and prodp6 != ''">
				 ,PRODP6 
			</if>
			<if test="prodp7 != null and prodp7 != ''">
				 ,PRODP7
			</if>
			<if test="prodp8 != null and prodp8 != ''">
				 ,PRODP8
			</if>
			<if test="prodp9 != null and prodp9 != ''">
				 ,PRODP9 
			</if>
			<if test="prodpa != null and prodpa != ''">
				 ,PRODPA
			</if>
			<if test="p1tpkd != null and p1tpkd != ''">
				 ,P1TPKD
			</if>
			<if test="p2tpkd != null and p2tpkd != ''">
				 ,P2TPKD
			</if>
			<if test="p3tpkd != null and p3tpkd != ''">
				 ,P3TPKD 
			</if>
			<if test="p4tpkd != null and p4tpkd != ''">
				 ,P4TPKD 
			</if>
			<if test="p5tpkd != null and p5tpkd != ''">
				 ,P5TPKD 
			</if>
			<if test="p6tpkd != null and p6tpkd != ''">
				 ,P6TPKD
			</if>
			<if test="p7tpkd != null and p7tpkd != ''">
				 ,P7TPKD 
			</if>
			<if test="p8tpkd != null and p8tpkd != ''">
				 ,P8TPKD
			</if>
			<if test="p9tpkd != null and p9tpkd != ''">
				 ,P9TPKD 
			</if>
			<if test="patpkd != null and patpkd != ''">
				 ,PATPKD
			</if>
			<if test="trprcd != null and trprcd != ''">
				 ,TRPRGP 
			</if>
			)values
				  (#{stacid},
				   #{prodcd}
		   <if test="prodp1 != null and prodp1 != ''">
				 , 1
			</if>
			<if test="prodp2 != null and prodp2 != ''">
				 , 1
			</if>
			<if test="prodp3 != null and prodp3 != ''">
				 , 1
			</if>
			<if test="prodp4 != null and prodp3 != ''">
				 , 1
			</if>
			<if test="prodp5 != null and prodp5 != ''">
				 , 1
			</if>
			<if test="prodp6 != null and prodp6 != ''">
				 , 1
			</if>
			<if test="prodp7 != null and prodp7 != ''">
				 , 1
			</if>
			<if test="prodp8 != null and prodp8 != ''">
				 , 1
			</if>
			<if test="prodp9 != null and prodp9 != ''">
				 , 1
			</if>
			<if test="prodpa != null and prodpa != ''">
				 , 1
			</if>
			<if test="p1tpkd != null and p1tpkd != ''">
				 , #{p1tpkd}
			</if>
			<if test="p2tpkd != null and p2tpkd != ''">
				 , #{p2tpkd}
			</if>
			<if test="p3tpkd != null and p3tpkd != ''">
				 , #{p3tpkd}
			</if>
			<if test="p4tpkd != null and p4tpkd != ''">
				 , #{p4tpkd}
			</if>
			<if test="p5tpkd != null and p5tpkd != ''">
				 , #{p5tpkd}
			</if>
			<if test="p6tpkd != null and p6tpkd != ''">
				 , #{p6tpkd}
			</if>
			<if test="p7tpkd != null and p7tpkd != ''">
				 , #{p7tpkd}
			</if>
			<if test="p8tpkd != null and p8tpkd != ''">
				 , #{p8tpkd}
			</if>
			<if test="p9tpkd != null and p9tpkd != ''">
				 , #{p9tpkd}
			</if>
			<if test="patpkd != null and patpkd != ''">
				 , #{patpkd}
			</if>
			<if test="trprcd != null and trprcd != ''">
				 ,#{trprcd}
			</if> 
			)
	</insert>
	
	
		<select id="queryProdDtitdetail" parameterType="java.util.HashMap" resultType="java.util.HashMap">
		 SELECT DC.STACID AS "stacid",
				DC.PRODCD AS "prodcd",
				DC.PRODP1 AS "prodp1",
				DC.PRODP2 AS "prodp2",
				DC.PRODP3 AS "prodp3",
				DC.PRODP4 AS "prodp4",
				DC.PRODP5 AS "prodp5",
				DC.PRODP6 AS "prodp6",
				DC.PRODP7 AS "prodp7",
				DC.PRODP8 AS "prodp8",
				DC.PRODP9 AS "prodp9",
				DC.PRODPA AS "prodpa",
				DC.P1TPKD AS "p1tpkd",
				DC.P2TPKD AS "p2tpkd",
				DC.P3TPKD AS "p3tpkd",
				DC.P4TPKD AS "p4tpkd",
				DC.P5TPKD AS "p5tpkd",
				DC.P6TPKD AS "p6tpkd",
				DC.P7TPKD AS "p7tpkd",
				DC.P8TPKD AS "p8tpkd",
				DC.P9TPKD AS "p9tpkd",
				DC.PATPKD AS "patpkd",
				DC.TRPRGP AS "trprgp"
		 FROM   SYS_DTIT_CONF DC 
		<where>
			<if test="stacid != null and stacid != ''">
				AND DC.STACID = #{stacid}
			</if>
			<if test="prodcd != null and prodcd != ''">
				AND DC.PRODCD = #{prodcd}
			</if>
		</where>
	</select>
		
	<select id="queryProdInfo" parameterType="java.util.HashMap"
		resultType="java.util.HashMap">
		 SELECT PRODCD AS "prodcd",
				PRODCD ||'-'|| PRODNA AS "prodna"
		 FROM    SYS_PROD 
		<where>
			<if test="prodcd != null and prodcd != ''">
				AND PRODCD = #{prodcd}
			</if>
			AND VERMOD ='0'
		</where>
	</select>
	
<!--配置产品 -->
	<update id="deployProdDtit" parameterType="java.util.HashMap">
	    		 UPDATE  SYS_DTIT_CONF 
	    <set>
	     	<if test="prodp1 != null and prodp1 != ''">
				  PRODP1 = 1 ,P1TPKD = #{p1tpkd},
			</if>
			<if test="prodp1 == null or prodp1 == ''">
				  PRODP1 = 0 ,P1TPKD = '',
			</if>
			
			<if test="prodp2 != null and prodp2 != ''">
				  PRODP2 = 1 ,P2TPKD = #{p2tpkd},
			</if>
			<if test="prodp2 == null or prodp2 == ''">
				  PRODP2 = 0 ,P2TPKD = '',
			</if>
			
			<if test="prodp3 != null and prodp3 != ''">
				  PRODP3 = 1 ,P3TPKD = #{p3tpkd},
			</if>
			<if test="prodp3 == null or prodp3 == ''">
				  PRODP3 = 0 ,P3TPKD = '',
			</if>
			
			<if test="prodp4 != null and prodp4 != ''">
				  PRODP4 = 1 ,P4TPKD = #{p4tpkd},
			</if>
			<if test="prodp4 == null or prodp4 == ''">
				  PRODP4 = 0 ,P4TPKD = '',
			</if>
			
			<if test="prodp5 != null and prodp5 != ''">
				  PRODP5 = 1 ,P5TPKD = #{p5tpkd},
			</if>
			<if test="prodp5 == null or prodp5 == ''">
				  PRODP5 = 0 ,P5TPKD = '',
			</if>
			
			<if test="prodp6 != null and prodp6!= ''">
				  PRODP6 = 1 ,P6TPKD = #{p6tpkd},
			</if>
			<if test="prodp6 == null or prodp6 == ''">
				  PRODP6 = 0 ,P6TPKD = '',
			</if>
			
			<if test="prodp7 != null and prodp7 != ''">
				  PRODP7 = 1 ,P7TPKD = #{p7tpkd},
			</if>
			<if test="prodp7 == null or prodp7 == ''">
				  PRODP7 = 0 ,P7TPKD ='',
			</if>
			
			<if test="prodp8 != null and prodp8 != ''">
				  PRODP8 = 1 ,P8TPKD = #{p8tpkd},
			</if>
			<if test="prodp8 == null or prodp8 == ''">
				  PRODP8 = 0 ,P8TPKD = '',
			</if>
			
			<if test="prodp9 != null and prodp9 != ''">
				  PRODP9 = 1 ,P9TPKD = #{p9tpkd},
			</if>
			<if test="prodp9 == null or prodp9 == ''">
				  PRODP9 = 0 ,P9TPKD = '',
			</if>
			
			<if test="prodpa != null and prodpa != ''">
				  PRODPA = 1 ,PATPKD = #{patpkd},
			</if>
			<if test="prodpa == null or prodpa == ''">
				  PRODPA = 0 ,PATPKD = '',
			</if>
			
			<if test="trprcd != null and trprcd != ''">
				  TRPRGP = #{trprcd}
			</if>
			<if test="trprcd == null or trprcd == ''">
				  TRPRGP = ''
			</if>
	     </set>
	    <where>
	        <if test="stacid != null and stacid != ''">
				AND STACID = #{stacid}
			</if>
			<if test="prodcd != null and prodcd != ''">
				AND PRODCD = #{prodcd}
			</if>
		</where>
			 
	</update>
	
<!-- 	插入数据到sys_dtit_map -->
	<insert id="saveSysDtitMap" parameterType="java.util.HashMap">
	INSERT INTO SYS_DTIT_MAP 
	(PRODCD, PRODP1, PRODP2, PRODP3, PRODP4,PRODP5, PRODP6, PRODP7, PRODP8, PRODP9, PRODPA, DTITCD)
	values 
	(#{prodcd}, #{prodp1}, #{prodp2}, #{prodp3},#{prodp4}, #{prodp5}, #{prodp6}, #{prodp7}, #{prodp8}, #{prodp9},#{prodp10},#{dtitcd})
	</insert>
	
	<!-- 	插入数据到sys_dtit -->
	<insert id="saveSysDtit" parameterType="java.util.HashMap">
	insert into sys_dtit (STACID, TYPECD, TRPRCD, ITEMCD, REITEM, USEDTP, EFCTDT, INEFDT, DESCTX,MODULE)
	values 
	(#{stacid}, #{dtitcd}, #{trprcd}, #{itemcd}, #{reitem}, #{usedtp}, #{efctdt}, #{inefdt}, #{desctx},#{module})
	</insert>
	
	<!--查询配置核算信息 -->
	<select id="querySysDtitMap" parameterType="java.util.HashMap" resultType="java.util.HashMap">
	    SELECT  B.TYPECD "typecd", B.TRprcd "trprcd" , 
	            B.ITEMCD "itemcd", B.DESCTX "desctx" 
	          	FROM SYS_DTIT_MAP A INNER JOIN  SYS_DTIT B ON  A.DTITCD = B.TYPECD
	    AND   A.PRODCD = #{prodcd} 
	    AND   A.PRODP1 = #{prodp1}
	    AND   A.PRODP2 = #{prodp2}
	    AND   A.PRODP3 = #{prodp3}
	    AND   A.PRODP4 = #{prodp4}
	    AND   A.PRODP5 = #{prodp5}
	    AND   A.PRODP6 = #{prodp6}
	    AND   A.PRODP7 = #{prodp7}
	    AND   A.PRODP8 = #{prodp8}
	    AND   A.PRODP9 = #{prodp9}
	    AND   A.PRODPA = #{prodp10}
	    <if test="trprcd != null and trprcd != ''">
	    	AND   B.TRPRCD = #{trprcd}
	    </if>
	    AND   B.STACID = #{stacid}
	</select>
	
<!-- 	通过核算代码查询科目信息 --> 
	<select id="getItemByTypecd" parameterType="java.util.HashMap" resultType="java.util.HashMap">
	    SELECT TYPECD "typecd", TRPRCD "trprcd", 
	    	   ITEMCD "itemcd", DESCTX "desctx"
	    	   FROM SYS_DTIT 
	    where  typecd=#{typecd} and stacid = #{stacid}
	</select>
	
	<update id="updateSysDtitMap" parameterType="java.util.HashMap">
	    UPDATE  SYS_DTIT_MAP A 
	    SET A.DTITCD = #{dtitcd}
	    WHERE A.PRODCD = #{prodcd} 
	    AND   A.PRODP1 = #{prodp1}
	    AND   A.PRODP2 = #{prodp2}
	    AND   A.PRODP3 = #{prodp3}
	    AND   A.PRODP4 = #{prodp4}
	    AND   A.PRODP5 = #{prodp5}
	    AND   A.PRODP6 = #{prodp6}
	    AND   A.PRODP7 = #{prodp7}
	    AND   A.PRODP8 = #{prodp8}
	    AND   A.PRODP9 = #{prodp9}
	    AND   A.PRODPA = #{prodp10}
	</update>
	
	<update id="updaetSysDtit" parameterType="java.util.HashMap">
	    UPDATE  SYS_DTIT  
	    SET ITEMCD = #{itemcd},
	        DESCTX = #{desctx}
	    WHERE TYPECD = #{dtitcd} 
	    AND   STACID = #{stacid}
	    AND   TRPRCD = #{trprcd}
	    
	</update>
	
  <!--删除核算配置 -->
	<delete id="deleteProdDtitConf" parameterType="java.util.HashMap">
	    delete from sys_dtit_conf
	    where 
	        stacid = #{stacid}   
	    and prodcd = #{prodcd}
	</delete>
	<delete id="deleteProdDtitMap" parameterType="java.util.HashMap">
	      delete from sys_dtit_map
	    where  prodcd = #{prodcd}
	</delete>
	
	
	<select id="getItemnaByitemcd" parameterType="java.util.HashMap" resultType="java.util.HashMap">
	    SELECT itemcd "itemcd", itemna "itemna" from com_item
	    where  itemcd=#{itemcd} and stacid = #{stacid}
	</select>
</mapper>


