<?xml version="1.0" encoding="UTF-8"?>
<!DOCTYPE mapper PUBLIC "-//mybatis.org//DTD Mapper 3.0//EN" "http://mybatis.org/dtd/mybatis-3-mapper.dtd">
<mapper namespace="com.sunline.sunfe.mybatis.prod">
	<!--查询系统产品清单 -->
	<select id="queryProdlistPage" parameterType="java.util.HashMap"
		resultType="java.util.HashMap">
		SELECT A.PRODCD AS "prodcd",
		       A.PRODNA AS "prodna",
		       A.PRGPTP AS "prgptp",
		       A.PRGPID AS "prgpid",
		       A.ENNAME AS "enname",
		       A.DESCTX AS "desctx",
		       A.VERMOD AS "vermod",
		       A.MODULE AS "module",
		       A.PROJCD AS "projcd",
		       B.PARANA AS "modulena"
		FROM SYS_PROD A 
		LEFT JOIN  PCMC_KNP_PARA B ON  A.MODULE = B.PARACD 
		<where>
		           B.PARATP = 'GL_MODULE'
			<if test="prodcd != null and prodcd != ''">
				AND A.PRODCD LIKE #{prodcd} ESCAPE '\'
			</if>
			<if test="prodna != null and prodna != ''">
				AND A.PRODNA LIKE '%'||#{prodna}||'%'
			</if>
			<if test="module != null and module != ''">
				AND A.MODULE LIKE '%'||#{module}||'%'
			</if>
			<if test="vermod != null and vermod != ''">
				AND A.VERMOD = #{vermod}
			</if>
		</where>
		ORDER BY  PRODCD
	</select>
	<!-- 校验产品代码是否已存在 -->
	<select id="checkExistProd" parameterType="java.util.HashMap" resultType="java.util.HashMap">
		 <![CDATA[
		SELECT COUNT(*) AS CC FROM SYS_PROD
		]]>
		<where>
		   <if test="prodcd != null and prodcd != ''">
			   AND PRODCD = #{prodcd}
		   </if>
		   <if test="vermod != null and vermod != ''">
				AND VERMOD = #{vermod}
			</if>
		</where>
	</select>
	<!-- 新增系统产品信息 -->
	<insert id="addProd" parameterType="java.util.HashMap">
	    INSERT INTO SYS_PROD
		(PRODCD,PRODNA,DESCTX,VERMOD,MODULE,PROJCD)
		VALUES
		(#{prodcd},#{prodna},#{desctx},#{vermod},#{module},#{projcd})
	</insert>
	<!-- 修改产品信息 -->
	<update id="updateProd" parameterType="java.util.HashMap">
		UPDATE SYS_PROD  SET
		       VERMOD = vermod+1
	     WHERE PRODCD = #{prodcd} and  PROJCD = #{projcd}		
	</update>
	<!-- 删除系统产品信息 -->
	<delete id="deleteProd" parameterType="java.util.HashMap">
     	   <![CDATA[
			  DELETE FROM SYS_PROD
		]]>
		<where>
			<if test="prodcdList!=null and prodcdList.size()>0">
				AND PRODCD IN
				<foreach collection="prodcdList" item="prodcd" open="("
					close=")" separator=",">
					#{prodcd}
				</foreach>
			</if>
		</where>
	</delete>
	
	<select id="getTrancdBymodule" parameterType="java.util.HashMap" resultType="String">
	    select trancd "trancd" from  sys_trcd where module = #{module} 
	</select>
	
	<select id="getPmap" parameterType="java.util.HashMap" resultType="java.util.HashMap">
	  	select stacid "stacid",prodcd "prodcd",tmpltp "tmpltp",tmplid "tmplid",trancd "trancd",projcd "projcd" from  sys_pmap  where trancd = #{trancd}  and stacid = #{stacid}
	</select>
	
	<insert id="insetPmapByTmplid" parameterType="java.util.HashMap">
	    INSERT INTO SYS_PMAP
	    (PRODCD,TRANCD,TMPLTP,TMPLID,VERMOD,MODULE,PROJCD,STACID)
	    select #{new_prodcd},trancd,tmpltp,#{new_tmplid},vermod,module,projcd,stacid 
	    FROM SYS_PMAP
	    where prodcd = #{prodcd} 
	      and trancd = #{trancd} 
	      and stacid = #{stacid}
	      and vermod = '0'
	      and projcd = #{projcd}
	</insert>
	
	<insert id="insetTmapByTmplid" parameterType="java.util.HashMap">
	     INSERT INTO SYS_TMAP
	     (TMPLTP,TMPLID,SORTNO,PROFTP,PROFID,MPCDIN,VERMOD,MODULE,PROJCD,CONDCD  )
	     select TMPLTP,#{new_tmplid},SORTNO,PROFTP,PROFID,MPCDIN,VERMOD,MODULE,PROJCD,CONDCD
	     FROM SYS_TMAP
	      WHERE 	tmpltp = #{tmpltp} 
	      		and tmplid = #{tmplid} 
	     	 	and vermod = '0'
	     	 	and projcd = #{projcd}
	</insert>
	
	<insert id="insetTmplByTmplid" parameterType="java.util.HashMap">
	     INSERT INTO sys_tmpl
	    (tmpltp,tmplid,tmplna,efctdt,vermod,module,projcd)
	     select tmpltp,#{new_tmplid},tmplna,efctdt,vermod,module,projcd
	     FROM SYS_TMPL
	      WHERE 	tmpltp = #{tmpltp} 
	      		and tmplid = #{tmplid} 
	     	 	and vermod = '0'
	     	 	and projcd = #{projcd}
	</insert>
	
	
</mapper>


