<?xml version="1.0" encoding="UTF-8"?>
<!DOCTYPE mapper PUBLIC "-//mybatis.org//DTD Mapper 3.0//EN" "http://mybatis.org/dtd/mybatis-3-mapper.dtd">
<mapper namespace="com.sunline.sunfe.mybatis.prtp">
	<!--查询系统属性组类型清单 -->
	<select id="queryPrtplistPage" parameterType="java.util.HashMap"
		resultType="java.util.HashMap">
		SELECT P.PRGPTP AS "prgptp",
		       P.PRGPNA AS "prgpna",
		       P.PRTPKD AS "prtpkd",
		       P.ENNAME AS "enname",
		       P.DESCTX AS "desctx",
		       P.VERMOD AS "vermod",
		       P.MODULE AS "module",
		       P.PROJCD AS "projcd"
		FROM   SYS_PRTP P 
		<where>
			<if test="prgptp != null and prgptp != ''">
				AND P.prgptp LIKE #{prgptp} ESCAPE '\'
			</if>
			<if test="prgpna != null and prgpna != ''">
				AND P.PRGPNA LIKE '%'||#{prgpna}||'%'
			</if>
			<if test="vermod != null and vermod != ''">
				AND P.VERMOD = #{vermod}
			</if>
		</where>
	</select>
	<!-- 根据属性组类型代码查询属性组类型详细 -->
	<select id="queryPrtpById" parameterType="java.util.HashMap"	resultType="java.util.HashMap">
		SELECT P.PRGPTP AS "prgptp",
		       P.PRGPNA AS "prgpna",
		       P.PRTPKD AS "prtpkd",
		       P.ENNAME AS "enname",
		       P.DESCTX AS "desctx",
		       P.VERMOD AS "vermod",
		       P.MODULE AS "module",
		       P.PROJCD AS "projcd"
		FROM   SYS_PRTP P
		<where>
			<if test="prgptp != null and prgptp != ''">
				AND P.PRGPTP = #{prgptp}
			</if>
			<if test="projcd != null and projcd != ''">
				AND P.PROJCD = #{projcd}
			</if>
			<if test="vermod != null and vermod != ''">
				AND P.VERMOD = #{vermod}
			</if>
		</where>
	</select>
	
	<!-- 修改属性组类型信息 -->
	<update id="updatePrtp" parameterType="java.util.HashMap">
		UPDATE SYS_PRTP  SET
		       VERMOD = vermod+1
	     WHERE  PRGPTP = #{prgptp} and PROJCD = #{projcd}		
	</update>
	
	
	<update id="updatePrtpDetl" parameterType="java.util.HashMap">
		UPDATE SYS_PRTP_DETL  SET
		       VERMOD = vermod+1
	     WHERE PRGPTP = #{prgptp} and PROJCD = #{projcd}		
	</update>
	
	<!-- 根据属性组类型查询详细属性组类型明细 -->
	<select id="queryPropByprgptplistPage" parameterType="java.util.HashMap"	resultType="java.util.HashMap">
		SELECT PR.PRGPTP AS "prgptp",
		       PR.PROPCD AS "propcd",
		       PR.DESCTX AS "desctx",
		       PR.NULFLG AS "nulflg",
		       PR.VERMOD AS "vermod",
		       PR.MODULE AS "module",
		       PR.PROJCD AS "projcd",
		       PR.smrytx AS "smrytx"
		FROM SYS_PRTP_DETL PR
		<where>
			<if test="prgptp != null and prgptp != ''">
				AND PR.PRGPTP = #{prgptp}
			</if>
			<if test="projcd != null and projcd != ''">
				AND PR.PROJCD = #{projcd}
			</if>
			<if test="vermod != null and vermod != ''">
				AND PR.VERMOD = #{vermod}
			</if>
		</where>
	</select>
	<!-- 查找带回 查询属性列表 -->
	<select id="queryPrtpSearchlistPage" parameterType="java.util.HashMap"	resultType="java.util.HashMap">
		SELECT PR.PRGPTP AS "prgptp",
		       PR.PROPCD AS "propcd",
		       PR.DESCTX AS "desctx",
		       PR.NULFLG AS "nulflg",
		       PR.VERMOD AS "vermod",
		       PR.MODULE AS "module",
		       PR.PROJCD AS "projcd"
		FROM SYS_PRTP_DETL PR
		<where>
			<if test="propcd != null and propcd != ''">
				AND PR.PROPCD LIKE '%'||#{propcd}||'%'
			</if>
			<if test="module != null and module != ''">
				AND PR.MODULE = #{module}
			</if>
			<if test="vermod != null and vermod != ''">
				AND PR.VERMOD = #{vermod}
			</if>
		</where>
	</select>
	
	<!-- 校验是否已存在的系统属性组类型 -->
	<select id="checkExistPrtp" parameterType="java.util.HashMap" resultType="java.util.HashMap">
	    <![CDATA[
		SELECT COUNT(*) AS CC FROM SYS_PRTP
		]]>
		<where>
		   <if test="prgptp != null and prgptp != ''">
			   AND PRGPTP = #{prgptp}
		   </if>
		   <if test="projcd != null and projcd != ''">
			   AND PROJCD = #{projcd}
		   </if>
		   <if test="vermod != null and vermod != ''">
				AND VERMOD = #{vermod}
			</if>
		</where>
	</select>
	<!-- 校验是否已存在的系统属性组类型明细定义 -->
	<select id="checkExistProp" parameterType="java.util.HashMap" resultType="java.util.HashMap">
	    <![CDATA[
		SELECT COUNT(*) AS CC FROM SYS_PRTP_DETL
		]]>
		<where>
		   <if test="prgptp != null and prgptp != ''">
			   AND PRGPTP = #{prgptp}
		   </if>
		   <if test="propcd != null and propcd != ''">
			   AND PROPCD = #{propcd}
		   </if>
		   <if test="projcd != null and projcd != ''">
			   AND PROJCD = #{projcd}
		   </if>
		    <if test="vermod != null and vermod != ''">
				AND VERMOD = #{vermod}
			</if>
		</where>
	</select>
	<!-- 新增系统属性组类型 -->
	<insert id="insertPrtp" parameterType="java.util.HashMap">
	    INSERT INTO SYS_PRTP
		(PRGPTP,PRGPNA,PRTPKD,DESCTX,VERMOD,MODULE,PROJCD)
		VALUES
		(#{prgptp},#{prgpna},#{prtpkd, jdbcType=VARCHAR},#{desctx},#{vermod},#{module},#{projcd})
	</insert>
	<!-- 新增系统属性组类型明细定义 -->
	<insert id="insertProp" parameterType="java.util.HashMap">
	    INSERT INTO SYS_PRTP_DETL
		(PRGPTP,PROPCD
		<if test="smrytx != '' and smrytx != null">
		,smrytx
       </if>
       	,VERMOD,MODULE,PROJCD,desctx)
		VALUES
		(#{prgptp},#{propcd}
		<if test="smrytx != '' and smrytx != null">
		,#{smrytx}
		</if>
		,#{vermod},#{module},#{projcd},#{pdesctx})
	</insert>
	<!-- 根据属性组类型代码删除属性组类型明细定义 -->
	<delete id="deletePropByTp" parameterType="java.util.HashMap">
     	   <![CDATA[
			  DELETE FROM SYS_PRTP_DETL
		]]>
		<where>
			<if test="prgptp != null and prgptp != ''">
			   AND PRGPTP = #{prgptp}
		   </if>
		   <if test="projcd != null and projcd != ''">
			   AND PROJCD = #{projcd}
		   </if>
		</where>
	</delete>
	<delete id="deletePrtpByTp" parameterType="java.util.HashMap">
     	   <![CDATA[
			  DELETE FROM SYS_PRTP
		]]>
		<where>
			<if test="prgptp != null and prgptp != ''">
			   AND PRGPTP = #{prgptp}
		   </if>
		   <if test="projcd != null and projcd != ''">
			   AND PROJCD = #{projcd}
		   </if>
		</where>
	</delete>
	
	<select id="getProDtitMapByPrtp" parameterType="java.util.HashMap" resultType="java.lang.String">
	    SELECT  distinct B.PRODNA AS "prodna" 
	    FROM SYS_DTIT_MAP A inner join SYS_PROD B 
	      ON  A.PRODCD = B.PRODCD 
	      AND B.VERMOD = '0' 
	      AND B.PROJCD = #{projcd}
	      WHERE 1 = 1 
	        AND 
	     (A.PRODP1 = #{propcd}
	    OR   A.PRODP2 = #{propcd}
	    OR   A.PRODP3 = #{propcd}
	    OR   A.PRODP4 = #{propcd}
	    OR   A.PRODP5 = #{propcd}
	    OR   A.PRODP6 = #{propcd}
	    OR   A.PRODP7 = #{propcd}
	    OR   A.PRODP8 = #{propcd}
	    OR   A.PRODP9 = #{propcd}
	    OR   A.PRODPA = #{propcd})	
	         
	</select>

	
	<delete id="delRelDtitMap" parameterType="string" >
	DELETE FROM SYS_DTIT_MAP A
	      WHERE 1=1 AND 
	     (   A.PRODP1 = #{_parameter}
	    OR   A.PRODP2 = #{_parameter}
	    OR   A.PRODP3 = #{_parameter}
	    OR   A.PRODP4 = #{_parameter}
	    OR   A.PRODP5 = #{_parameter}
	    OR   A.PRODP6 = #{_parameter}
	    OR   A.PRODP7 = #{_parameter}
	    OR   A.PRODP8 = #{_parameter}
	    OR   A.PRODP9 = #{_parameter}
	    OR   A.PRODPA = #{_parameter})	
	
	</delete>
	
	
		
	<select id="getSysDtitConfByPrtp" parameterType="java.util.HashMap" resultType="java.lang.String">
	    SELECT  distinct B.PRODNA AS "prodna" 
	    FROM SYS_DTIT_CONF A inner join SYS_PROD B 
	      ON  A.PRODCD = B.PRODCD 
	      AND B.VERMOD = '0' 
	      AND B.PROJCD =  #{projcd}
	      WHERE 1=1
	        AND 
	     (   A.P1TPKD = #{prgptp}
	    OR   A.P2TPKD = #{prgptp}
	    OR   A.P3TPKD = #{prgptp}
	    OR   A.P4TPKD = #{prgptp}
	    OR   A.P5TPKD = #{prgptp}
	    OR   A.P6TPKD = #{prgptp}
	    OR   A.P7TPKD = #{prgptp}
	    OR   A.P8TPKD = #{prgptp}
	    OR   A.P9TPKD = #{prgptp}
	    OR   A.PATPKD = #{prgptp})	
	         
	</select>
	
	<select id="getSysDtitProdByPrgp" parameterType="java.util.HashMap" resultType="java.lang.String">
	     select prodcd "prodcd" from sys_dtit_conf A
	      WHERE A.stacid = #{stacid}
	        AND 
	     (   A.P1TPKD = #{prgptp}
	    OR   A.P2TPKD = #{prgptp}
	    OR   A.P3TPKD = #{prgptp}
	    OR   A.P4TPKD = #{prgptp}
	    OR   A.P5TPKD = #{prgptp}
	    OR   A.P6TPKD = #{prgptp}
	    OR   A.P7TPKD = #{prgptp}
	    OR   A.P8TPKD = #{prgptp}
	    OR   A.P9TPKD = #{prgptp}
	    OR   A.PATPKD = #{prgptp})	
	</select>
	
	<delete id="deleteSysDtitConfByPrgp" parameterType="java.util.HashMap">
	   delete  from sys_dtit_conf where stacid = #{stacid} and prodcd= #{prodcd}
	</delete>
	<delete id="deleteSysDtitMapByPrgp" parameterType="java.util.HashMap">
	   delete  from sys_dtit_map where  prodcd= #{prodcd}
	</delete>
</mapper>


