<?xml version="1.0" encoding="UTF-8"?>
<!DOCTYPE mapper PUBLIC "-//mybatis.org//DTD Mapper 3.0//EN" "http://mybatis.org/dtd/mybatis-3-mapper.dtd">
<mapper namespace="com.sunline.sunfe.mybatis.sequence" >
	<!-- 根据流水号代码查询流水号类型定义配置 -->
	<select id="queryComSqdf" parameterType="java.util.HashMap" resultType="java.util.HashMap">
		 SELECT SQNONA "sqnona",
                SQNOLT "sqnolt",
                RPTMTP "rptmtp",
                INITNO "initno",
                MAXINO "maxino",
                PRFXTP "prfxtp",
                SQNORG "sqnorg",
                SQNOTP "sqnotp",
                ISLKAC "islkac" 
         FROM COM_SQDF 
         WHERE sqnocd = #{sqnocd}
	</select>
	<!-- 根据账套、机构代码查询交易部门信息 -->
	<select id="queryPcmcDept" parameterType="java.util.HashMap" resultType="java.util.HashMap">
         SELECT DEPTCODE "brchcd" 
		 	FROM PCMC_DEPT 
		 	WHERE DEPTCODE = #{brchcd}            
	</select>
	<!-- 根据账套、流水代码、机构代码、流水日期查询流水控制表数据 -->
	<select id="queryComMxsq" parameterType="java.util.HashMap" resultType="java.util.HashMap">
		 SELECT  maxisq  as "sqnoval" 
		 FROM COM_MXSQ 
		 WHERE	stacid = #{stacid} 
		 		AND sqnocd = #{sqnocd} 
		 		AND brchcd = #{brchcd} 
		 		AND sqnodt = #{sqnodt} 
		 	<if test= "maxisqMax != null and maxisqMax != ''">
		 		<![CDATA[AND maxisq <=]]> #{maxisqMax}
		 	</if>
	</select>
	<!-- 写入流水控制表 -->
	<insert id="insertComMxsq" parameterType="java.util.HashMap">
		INSERT INTO COM_MXSQ (stacid, sqnocd, brchcd, sqnodt, maxisq)
					VALUES(#{stacid}, #{sqnocd}, #{brchcd}, #{sqnodt}, #{maxisq})
	</insert>
	<!-- 更新流水控制表的最大使用流水值 -->
	<update id="updateComMxsq" parameterType="java.util.HashMap">
		UPDATE COM_MXSQ 
				 SET maxisq = maxisq + #{sqnonm} 
				 WHERE	stacid = #{stacid} 
				 		AND sqnocd = #{sqnocd} 
				 		AND brchcd = #{brchcd} 
				 		AND sqnodt = #{sqnodt}
	</update>
</mapper>