<?xml version="1.0" encoding="UTF-8"?>
<!DOCTYPE mapper PUBLIC "-//mybatis.org//DTD Mapper 3.0//EN" "http://mybatis.org/dtd/mybatis-3-mapper.dtd">
<mapper namespace="com.sunline.sunfe.mybatis.sfdatamanager">
	<select id="queryFilesByBatcdt" parameterType="java.util.HashMap"
		resultType="com.sunline.suncm.bean.Glibalg">
		select t.* from gli_balg t
		<where>
			t.batcdt = #{batcdt}
			<if test="bathid!=null and  bathid!=''">
				and t.bathid like #{bathid}
			</if>
			<if test="imstau!= null and  imstau!=''">
				and t.imstau=#{imstau}
			</if>
			<if test="prstau!=null and prstau!=''">
				and t.prstau=#{prstau}
			</if>
			<if test="pastau!=null and pastau !=''">
				and t.pastau=#{pastau}
			</if>
			<if test="enstau!=null and enstau!=''">
				and t.enstau=#{enstau}
			</if>
			<if test="imbgdtbeg!=null and imbgdtbeg!=''">
	 <![CDATA[and t.imbgdt >=to_timestamp(#{imbgdtbeg}, 'yyyymmdd hh24:mi:ss.ff')]]>
			</if>
			<if test="imbgdtend!=null and imbgdtend!=''">
	 <![CDATA[and t.imbgdt <=to_timestamp(#{imbgdtend}, 'yyyymmdd hh24:mi:ss.ff')]]>
			</if>
		</where>
	</select>

	<select id="queryBatchInfoByBatcid" parameterType="java.util.HashMap"
		resultType="java.util.HashMap">
		select t.bathid AS "bathid",
		t.stacid AS "stacid",
		t.systid
		AS "systid",
		t.batcdt AS "batcdt",
		t.datanm AS "datanm",
		t.filenm AS
		"filenm",
		to_char(t.imbgdt,'yyyy-mm-dd HH24:mi:ss:ff') AS "imbgdt",
		to_char(t.imovdt,'yyyy-mm-dd HH24:mi:ss:ff')AS "imovdt",
		t.imertm AS
		"imertm",
		t.imstau AS "imstau",
		t.prstau AS "prstau",
		t.pasunm AS
		"pasunm",
		t.pafanm AS "pafanm",
		t.pastau AS "pastau",
		t.ensunm AS
		"ensunm",
		t.enfanm AS "enfanm",
		t.enstau AS "enstau",
		t.imerlg AS "imerlg",
		t.prerlg AS "prerlg"
		from gli_balg t
		where t.bathid = #{bathid}
	</select>
	
	
	<select id="queryGloimdtByBatcid" parameterType="java.util.HashMap"
		resultType="java.util.HashMap">
		select t.bathid AS "bathid",
		t.stacid AS "stacid",
		t.datach AS "datach",
		t.status AS "status",
		t.plancd AS "plancd"
		from GLO_IMDT t
		where t.bathid = #{bathid} and t.stacid=#{stacid}
	</select>
	
	
	<select id="queryGliDtlgByBatcid" parameterType="java.util.HashMap"
	resultType="java.util.HashMap">
		select t.filena AS "filena"
		from gli_dtlg t
		where t.bathid = #{bathid} and t.stacid=#{stacid}
	</select>
	
	
	<select id="queryGliMapByStatus" parameterType="java.util.HashMap"
		resultType="java.util.HashMap">
		select t.ENTINA "entina" from GLI_IMP t
		where t.status ='1' and t.stacid=#{stacid} and certno=#{datach}
	</select>
	
	<select id="queryGliimpByDatach" parameterType="java.util.HashMap"
		resultType="java.util.HashMap">
		select t.urlxph AS "urlxph",
		t.status AS "status",
		t.filena AS "filena",
		t.entina AS "entina"
		from GLI_IMP t
		where 1=1
			<if test="dataList!=null and dataList.size()>0">
				 and t.certno in
				<foreach collection="dataList" item="data" open="("
					separator="," close=")">
					#{data}
				</foreach>
			</if>
			 and t.stacid=#{stacid}
	</select>

	<select id="queryFilesByBatcid" parameterType="java.util.HashMap"
		resultType="com.sunline.suncm.bean.Glidtlg">
		select t.* from gli_dtlg t
		<where>
			<if test="bathid !=null and bathid!=''">t.bathid =#{bathid}</if>
			<if test="filena !=null and filena!=''">
				and t.filena like '%'||#{filena}||'%'
			</if>
			<if test="imstau !=null and imstau !=''">
				and t.imstau =#{imstau}
			</if>
			<if test="imbgdtb!=null and imbgdtb!=''">
  <![CDATA[and t.imbgdt >=to_timestamp(#{imbgdtb}, 'yyyymmdd hh24:mi:ss.ff')]]>
			</if>
			<if test="imbgdte!=null and imbgdte!=''">
 <![CDATA[and t.imbgdt <=to_timestamp(#{imbgdte}, 'yyyymmdd hh24:mi:ss.ff')]]>
			</if>
		</where>
	</select>

	<select id="queryFileByBatcidFiNa" parameterType="java.util.HashMap"
		resultType="java.util.HashMap">
		select t.bathid AS "bathid",
		t.stacid AS "stacid",
		t.systid
		AS "systid",
		t.filena AS "filena",
		t.filesz|| 'bit' AS "filesz",
		t.entina AS "entina",
		t.datanm AS "datanm",
		to_char(t.creatm,'yyyy-mm-dd HH24:mi:ss:ff') AS "creatm",
		to_char(t.imbgdt,'yyyy-mm-dd HH24:mi:ss:ff') AS "imbgdt",
		to_char(t.imovdt,'yyyy-mm-dd HH24:mi:ss:ff')AS "imovdt",
		t.imstau AS
		"imstau",
		t.imtims AS "imtims",
		t.imerlg AS "imerlg",
		to_char(t.archdt,'yyyy-mm-dd HH24:mi:ss:ff') AS "archdt"
		from gli_dtlg
		t where t.bathid = #{bathid} and t.filena = #{filena}
	</select>

	<select id="queryFilesBatchInfoByStacidSystidAndImdtlistPage"
		parameterType="java.util.HashMap" resultType="com.sunline.suncm.bean.GliMslg">
		select t.* from gli_mslg t
		<where>
			<if test="stacid != null and stacid != ''">
				t.stacid= #{stacid}
			</if>
			<if test="systid != null and systid != ''">
				and t.systid=#{systid}
			</if>
			<if test="recedtBegin != null and recedtBegin !=''">
 <![CDATA[and t.recedt >=to_timestamp(#{recedtBegin}, 'yyyymmdd hh24:mi:ss.ff')]]>
			</if>
			<if test="recedtEnd != null and recedtEnd !=''">
  <![CDATA[ and t.recedt <=to_timestamp(#{recedtEnd}, 'yyyymmdd hh24:mi:ss.ff')]]>
			</if>
		</where>
		order by t.recedt
	</select>

	<select id="getStacXmlByMessId" parameterType="java.util.HashMap"
		resultType="com.sunline.suncm.bean.GliMslg">
		select t.* from gli_mslg t where t.messid=#{messid}
	</select>


	<select id="qrySysBusiErroErromgsByBathidlistPage"
		parameterType="java.util.HashMap" resultType="java.util.HashMap">
		select
		a.stacid "stacid",
		a.systid "systid", a.trandt "trandt", a.transq "transq",
		a.brchcd
		"brchcd", a.erromg "erromg", to_char(a.tranti,'yyyy-mm-dd
		HH24:mi:ss:ff') "tranti"
		from sys_busi_erro a,loan_busi b where
		a.stacid = b.stacid and a.systid = b.systid and a.trandt = b.trandt
		and a.transq = b.transq
		and b.bathid = #{bathid} order by a.tranti
	</select>

	<select id="qrySysVchrErroLogmsgsByBathidlistPage" parameterType="java.util.HashMap"
		resultType="java.util.HashMap">
		select 
		a.trandt "trandt", a.systid "systid", a.transq "transq", a.vchrsq "vchrsq",to_char(a.tranti,'yyyy-mm-dd
		HH24:mi:ss:ff') "tranti", a.logmsg  "logmsg", a.stacid "stacid"
		from sys_vchr_eror a, loan_busi b, gla_vchr c
		where
		c.sourac = b.stacid
		and c.sourdt = b.trandt
		and c.soursq = b.transq
		and c.sourst = b.systid
		and c.STACID = a.stacid
		and c.systid = a.systid
		and c.trandt = a.trandt
		and c.transq = a.transq
		and c.vchrsq = a.vchrsq
		and b.bathid =#{bathid} order by a.tranti
	</select>
	
	<update id="updateGloImdtByBathid" parameterType="java.util.HashMap">
		update glo_imdt set status=#{status}
		<where>
			<if test="stacid != null and stacid != ''"> stacid = #{stacid}</if>
			<if test="bathid != null and bathid != ''"> and bathid = #{bathid}</if>
		</where>
	</update>
	<delete id="deleteTablesByGliMap" parameterType="java.util.HashMap">
	    DELETE FROM ${entina}
		WHERE  BATHID = #{bathid} AND STACID = #{stacid}  
	</delete>
</mapper>


