<?xml version="1.0" encoding="UTF-8"?>
<!DOCTYPE mapper PUBLIC "-//mybatis.org//DTD Mapper 3.0//EN" "http://mybatis.org/dtd/mybatis-3-mapper.dtd">
<mapper namespace="com.sunline.sunfe.mybatis.stacinfo" >
	<!-- 新增账套 -->	
	<insert id="addStacInfo" parameterType="java.util.HashMap">
		INSERT 
		 INTO COM_STAC(
		      STACID,
		     <if test= "linkid != null and linkid != ''">
		      LINKID,
		     </if>
			  STACNA,
			  BRCHNA,
			  CRCYCD,
			  STARMH,
			  MESGLT,
			  AUTOUP,
			  STACST,
			  CURTMH,
			  CLOSMH,
			  GLISDT,
			  REALBL,
			  BLNCCK,
			  RSTRVC,
			  STACMT,
			  KEEPAC,
			  VLIDTG,
			  BSNSDT,
			  ACCTDT,
			  CRCYIV,
			  ACCTSY		
		)
		VALUES(
		      #{stacid},
		      <if test= "linkid != null and linkid != ''">
		      	#{linkid},
		      </if>
			  #{stacna},
			  #{brchna},
			  #{crcycd},
			  #{starmh},
			  #{mesglt},
			  #{autoup},
			  #{stacst},
			  #{curtmh},
			  #{closmh},
			  #{glisdt},
			  #{realbl},
			  #{blncck},
			  #{rstrvc},
			  #{stacmt},
			  #{keepac},
			  #{vlidtg},
			  #{bsnsdt},
			  #{acctdt},
			  #{crcyiv},
			  #{acctsy}
			  )
	</insert>
	<!-- 查询账套信息 展示列表 -->
	<select id="queryStaclistPage" parameterType="java.util.HashMap" resultType="java.util.HashMap">
		 SELECT 
			  STACID "stacid",
			  LINKID "linkid",
			  STACNA "stacna",
			  BRCHNA "brchna",
			  CRCYCD "crcycd",
			  STARMH "starmh",
			  MESGLT "mesglt",
			  AUTOUP "autoup",
			  STACST "stacst",
			  CURTMH "curtmh",
			  CLOSMH "closmh",
			  GLISDT "glisdt",
			  REALBL "realbl",
			  BLNCCK "blncck",
			  RSTRVC "rstrvc",
			  STACMT "stacmt",
			  KEEPAC "keepac",
			  VLIDTG "vlidtg",
			  BSNSDT "bsnsdt",
			  ACCTDT "acctdt",
			  CRCYIV "crcyiv",
			  ACCTSY "acctsy"
			  FROM COM_STAC c where c.STACID IN @BASERESC_TP_20
		      <if test= "stacid != null and stacid != ''">
					and STACID LIKE '%'||#{stacid}||'%'
			  </if>
			  ORDER BY STACID			  
	</select>
	
	<!-- 查询账套详情 -->
	<select id="queryStacInfoDetail" parameterType="java.util.HashMap" resultType="java.util.HashMap" >
		 SELECT	STACID "stacid",
		 		STACNA "stacna",
				GLISDT "glisdt",
				vlidtg "vlidtg",
				BSNSDT "bsnsdt",
				ACCTDT "acctdt",
				stacst "stacst"
			  FROM COM_STAC
			  <where>
				 <if test= "stacid != null and stacid != ''">
					STACID=#{stacid}
				</if>
			  </where>			  
	</select>	
	
	<!-- 删除账套记录 -->
	<delete id="delStacInfo" parameterType="String">
		DELETE FROM COM_STAC WHERE STACID=#{stacid}
	</delete>
	
	<!--修改账套信息  -->
	<update id="updateStacInfo" parameterType="java.util.HashMap">
		UPDATE COM_STAC
		<set>
		  <if test= "stacid != null and stacid != ''"> 
	          STACID=#{stacid},
          </if>
          <if test= "linkid != null and linkid != ''">
			  LINKID=#{linkid},
		  </if>
          <if test= "stacna != null and stacna != ''">
			  STACNA=#{stacna},
		  </if>
           <if test= "brchna != null and brchna != ''">
			  BRCHNA=#{brchna},
		  </if>
           <if test= "crcycd != null and crcycd != ''">
			  CRCYCD=#{crcycd},
		  </if>
           <if test= "starmh != null and starmh != ''">
			  STARMH=#{starmh},
		  </if>
           <if test= "mesglt != null and mesglt != ''">
		      MESGLT=#{mesglt},
		  </if>
           <if test= "autoup != null and autoup != ''">
			  AUTOUP=#{autoup},
		  </if>
           <if test= "stacst != null and stacst != ''">
			  STACST=#{stacst},
		  </if>
           <if test= "curtmh != null and curtmh != ''">
			  CURTMH=#{curtmh},
		  </if>
           <if test= "closmh != null and closmh != ''">
			  CLOSMH=#{closmh},
		  </if>
           <if test= "glisdt != null and glisdt != ''">
			  GLISDT=#{glisdt},
		  </if>
           <if test= "realbl != null and realbl != ''">
			  REALBL=#{realbl},
		  </if>
           <if test= "blncck != null and blncck != ''">
			  BLNCCK=#{blncck},
		  </if>
           <if test= "rstrvc != null and rstrvc != ''">
			  RSTRVC=#{rstrvc},
		  </if>
           <if test= "stacmt != null and stacmt != ''">
			  STACMT=#{stacmt},
		  </if>
           <if test= "keepac != null and keepac != ''">
			  KEEPAC=#{keepac},
		  </if>
           <if test= "vlidtg != null and vlidtg != ''">
			  VLIDTG=#{vlidtg},
		  </if>
           <if test= "bsnsdt != null and bsnsdt != ''">
			  BSNSDT=#{bsnsdt},
		  </if>
           <if test= "acctdt != null and acctdt != ''">
			  ACCTDT=#{acctdt},	
		  </if>	
		 <if test= "crcyiv != null and crcyiv != ''">
			  CRCYIV=#{crcyiv},
		  </if>
		  <if test = "acctsy != null and acctsy != ''">
		  	  ACCTSY=#{acctsy}
		  </if>	
		</set>
		    WHERE STACID=#{stacid}	
	</update>	
	
	<update id="updateGlisdt" parameterType="java.util.HashMap">
	UPDATE COM_STAC
	set glisdt = #{adjtdt}
	where stacid = #{stacid}
	</update>
		<!-- 查询账套详情 -->
	<select id="querydeptidbyuser" parameterType="java.util.HashMap" resultType="java.util.HashMap">
		 SELECT 
			  b.DEPTCODE "deptcode"
			  FROM pcmc_user a ,pcmc_dept b where 1=1 
				 <if test= "usercode != null and usercode != ''">
					and a.usercode=#{usercode} and a.deptid=b.deptid
				</if>
	</select>	
	
	<select id="queryStacst" parameterType="String" resultType="String">
		select stacst "stacst" from com_stac where stacid = #{_parameter}
	</select>
</mapper>