<?xml version="1.0" encoding="UTF-8"?>
<!DOCTYPE mapper PUBLIC "-//mybatis.org//DTD Mapper 3.0//EN" "http://mybatis.org/dtd/mybatis-3-mapper.dtd">
<mapper namespace="com.sunline.sunfe.mybatis.synebsglaacct">
	<!-- 通过日期、科目查询余额信息 -->
	<select id="getGlaAcctByAcctdtItemcd" parameterType="java.util.HashMap" resultType="java.util.HashMap">
	 <!--不区分来源，需要判断attribute15 （账户）-->
SELECT gcc.segment1 "brchno",
       gcc.segment3 "itemcd",
       gjh.currency_code "crcycd",
       nvl(SUM(gjl.accounted_dr), 0) "drbl",
       nvl(SUM(gjl.accounted_cr), 0) "crbl"
  FROM gl_je_headers        gjh,
       gl_je_lines          gjl,
       gl_code_combinations gcc
 WHERE gjh.je_header_id = gjl.je_header_id
   AND gjl.code_combination_id = gcc.code_combination_id
   AND gjh.actual_flag = 'A'
   AND gjh.status = 'P'
   AND gjh.ledger_id = fnd_profile.value('GL_SET_OF_BKS_ID')
   AND to_char(gjh.default_effective_date, 'YYYYMMDD') <![CDATA[<=]]> #{acctdt}
   AND gcc.segment1 != '0000990'
   and gcc.segment3 in 
    <foreach item="item" index="index" collection="itemcds" open="(" separator="," close=")">  
   #{item}  
 </foreach> 
      <!--取存放同业，同业存放科目，科目从EBS XXT_CLEAR_ACCOUNT 值集中取值-->
   AND gcc.segment3 IN (SELECT ffvv.attribute2
                          FROM fnd_flex_value_sets ffvs,
                               fnd_flex_values_vl  ffvv
                         WHERE ffvs.flex_value_set_id = ffvv.flex_value_set_id
                           AND ffvs.flex_value_set_name = 'XXT_CLEAR_ACCOUNT'
                           AND ffvv.enabled_flag = 'Y'
                           AND ffvv.summary_flag = 'N'
                        UNION ALL
                        SELECT ffvv.attribute3
                          FROM fnd_flex_value_sets ffvs,
                               fnd_flex_values_vl  ffvv
                         WHERE ffvs.flex_value_set_id = ffvv.flex_value_set_id
                           AND ffvs.flex_value_set_name = 'XXT_CLEAR_ACCOUNT'
                           AND ffvv.enabled_flag = 'Y'
                           AND ffvv.summary_flag = 'N')
   AND (EXISTS --attribute15 在 XXT_CLEAR_ACCOUNT 存在的账户
        (SELECT 'X'
           FROM fnd_flex_value_sets ffvs,
                fnd_flex_values_vl  ffvv
          WHERE ffvs.flex_value_set_id = ffvv.flex_value_set_id
            AND ffvs.flex_value_set_name = 'XXT_CLEAR_ACCOUNT'
            AND ffvv.enabled_flag = 'Y'
            AND ffvv.summary_flag = 'N'
            AND gjl.attribute15 = ffvv.flex_value) OR EXISTS
        (SELECT 'X'
           FROM fnd_flex_value_sets ffvs,
                fnd_flex_values_vl  ffvv
          WHERE ffvs.flex_value_set_id = ffvv.flex_value_set_id
            AND ffvs.flex_value_set_name = 'XXT_CLEAR_ACCOUNT'
            AND ffvv.enabled_flag = 'Y'
            AND ffvv.summary_flag = 'N'
            AND gjl.attribute15 = ffvv.description))
 GROUP BY gcc.segment1,
          gcc.segment3,
          gjh.currency_code
HAVING nvl(SUM(gjl.accounted_dr), 0) != 0 OR nvl(SUM(gjl.accounted_cr), 0) != 0
UNION ALL
<!--90( 清算来源 ) 不判断 atttibute15（账户）-->
SELECT gcc.segment1 "brchno",
       gcc.segment3 "itemcd",
       gjh.currency_code "crcycd",
       nvl(SUM(gjl.accounted_dr), 0) "drbl",
       nvl(SUM(gjl.accounted_cr), 0) "crbl"
  FROM gl_je_headers        gjh,
       gl_je_lines          gjl,
       gl_code_combinations gcc
 WHERE gjh.je_header_id = gjl.je_header_id
   AND gjl.code_combination_id = gcc.code_combination_id
   AND gjh.actual_flag = 'A'
   AND gjh.status = 'P'
   AND gjh.ledger_id = fnd_profile.value('GL_SET_OF_BKS_ID')
   AND to_char(gjh.default_effective_date, 'YYYYMMDD') <![CDATA[<=]]> #{acctdt}
   AND gcc.segment1 != '0000990'
   AND gcc.segment5 IN ('90', '99')
   and gcc.segment3 in 
    <foreach item="item" index="index" collection="itemcds" open="(" separator="," close=")">  
   #{item}  
 </foreach> 
    <!--取存放同业，同业存放科目，科目从EBS XXT_CLEAR_ACCOUNT 值集中取值 -->
   AND gcc.segment3 IN (SELECT ffvv.attribute2
                          FROM fnd_flex_value_sets ffvs,
                               fnd_flex_values_vl  ffvv
                         WHERE ffvs.flex_value_set_id = ffvv.flex_value_set_id
                           AND ffvs.flex_value_set_name = 'XXT_CLEAR_ACCOUNT'
                           AND ffvv.enabled_flag = 'Y'
                           AND ffvv.summary_flag = 'N'
                        UNION ALL
                        SELECT ffvv.attribute3
                          FROM fnd_flex_value_sets ffvs,
                               fnd_flex_values_vl  ffvv
                         WHERE ffvs.flex_value_set_id = ffvv.flex_value_set_id
                           AND ffvs.flex_value_set_name = 'XXT_CLEAR_ACCOUNT'
                           AND ffvv.enabled_flag = 'Y'
                           AND ffvv.summary_flag = 'N')
 GROUP BY gcc.segment1,
          gcc.segment3,
          gjh.currency_code
HAVING nvl(SUM(gjl.accounted_dr), 0) != 0 OR nvl(SUM(gjl.accounted_cr), 0) != 0
 ORDER BY 1,
          2
	
	</select>
	

    <!-- 更新账户表联机余额 -->
    <update id="updateGlaAcctOnlnbl" parameterType="java.util.HashMap">
        update gla_acct t set blncdn=#{blncdn},
        onlnbl=#{onlnbl} where t.stacid = #{stacid} and t.brchno =#{brchno} and t.itemcd=#{itemcd} and t.crcycd=#{crcycd}
        <if test="subscd!=null and subscd!=''">
            and t.subscd = #{subscd}
        </if>
    </update>
    
      <!-- 更新账户表积数、积数日期 -->
    <update id="updateGlaAcctAcmlblAcmldt" parameterType="java.util.HashMap">
        update gla_acct t set acmlbl = #{acmlbl},
		acmldt=#{acmldt} where t.stacid = #{stacid} and t.brchno =#{brchno} and t.itemcd=#{itemcd} and t.crcycd=#{crcycd}
        <if test="subscd!=null and subscd!=''">
            and t.subscd = #{subscd}
        </if>
    </update>

</mapper>


