<?xml version="1.0" encoding="UTF-8"?>
<!DOCTYPE mapper PUBLIC "-//mybatis.org//DTD Mapper 3.0//EN" "http://mybatis.org/dtd/mybatis-3-mapper.dtd">
<mapper namespace="com.sunline.sunfe.mybatis.sysMonit">

<!-- 查询数据加工的条数 -->
<select id="queryForPrs" parameterType="java.util.HashMap" resultType="Integer">
select nvl(sum(t.datanm),0) from gli_balg t where t.stacid=#{stacid}
</select>

<!-- 查询数据批量解析的条数 -->
<select id="queryForPas" parameterType="java.util.HashMap" resultType="Integer">
select count(*) from loan_busi t where t.stacid=#{stacid} and t.status &lt;&gt; 0
</select>

<!-- 查询 数据批量入账的条数-->
<select id="queryForEns" parameterType="java.util.HashMap" resultType="Integer">
select count(*) from gla_vchr t where t.stacid=#{stacid} and (t.transt=1 or t.transt=2)
</select>

<!-- 查询实时交易流水解析成功的条数 -->
<select id="queryForIntPas" parameterType="java.util.HashMap" resultType="Integer">
select count(*) from gli_mslg t where t.mstype=1 and t.stacid=#{stacid}
</select>


<!-- 查询实时传票流水解析成功的条数 -->
<select id="queryForIntVchr" parameterType="java.util.HashMap" resultType="Integer">
select count(*) from gli_mslg t where t.mstype=2 and t.stacid=#{stacid}
</select>

<select id="queryForDate" parameterType="java.util.HashMap" resultType="java.util.HashMap">
select  to_char(t.trancu,'yyyy-mm-dd HH24:mi:ss:ff') as "trancu" from COM_DAYBUSI_TPS t where t.trantp=#{tranType} order by t.trancu desc
</select>
<select id="queryForTranNm" parameterType="java.util.HashMap" resultType="java.util.HashMap">
select t.trannm from COM_DAYBUSI_TPS t where t.trantp=#{tranType} order by t.trancu desc
</select>

<insert id="InsertData" parameterType="java.util.HashMap">
insert into COM_DAYBUSI_TPS(stacid,trandt,trantp,tranla,trancu,trannm) values
(#{stacid,jdbcType=VARCHAR},#{trandt,jdbcType=VARCHAR},#{tranType,jdbcType=NUMERIC},#{tranlast,jdbcType=TIMESTAMP},#{trannow,jdbcType=TIMESTAMP},#{trannm,jdbcType=NUMERIC})
</insert>

<select id="queryForDayBusi" parameterType="java.util.HashMap" resultType="java.util.HashMap">
select * from com_daybusi_tps t where
<![CDATA[ t.tranlast>#{transt} and t.trannow<#{transe}]]>
</select>
</mapper>