<?xml version="1.0" encoding="UTF-8"?>
<!DOCTYPE mapper PUBLIC "-//mybatis.org//DTD Mapper 3.0//EN" "http://mybatis.org/dtd/mybatis-3-mapper.dtd">
<mapper namespace="com.sunline.sunfe.mybatis.tableunion">
    <!-- 查询合同业务字典明细信息 -->
    <select id="queryFmbDoubleDictInfolistPage" parameterType="java.util.HashMap" resultType="java.util.HashMap">
        SELECT A.STACID "stacid",B.PARANA "bparana",C.PARANA "cparana",A.MATUDT "matudt"
        FROM FMB_CNTR A,PCMC_KNP_PARA B,PCMC_KNP_PARA C WHERE A.CNTRCL = B.PARACD AND
        A.TERMCD = C.PARACD AND B.PARATP='cntrcl' AND C.PARATP='inrt_termcd'
        AND A.STACID=#{stacid} AND A.CNTRNO = #{cntrnoDouble}
    </select>

    <select id="queryFmbDictInfolistPage" parameterType="java.util.HashMap" resultType="java.util.HashMap">
        SELECT A.STACID "stacid",B.PARANA "bparana",A.MATUDT "matudt"
        FROM FMB_CNTR A,PCMC_KNP_PARA B
        WHERE
        A.STACID=B.STACID
        AND A.CNTRCL = B.PARACD
        AND B.PARATP='cntrcl'
        AND A.STACID=#{stacid}
        AND A.CNTRNO = #{cntrnoDouble}
    </select>
    <!-- 需要进行内部资金结息的数据 -->
    <select id="queryInterestInfolistPage" parameterType="java.util.HashMap" resultType="java.util.HashMap">
        SELECT A.STACID "stacid",A.ACCTCD "acctcd",A.BRCHNO "brchno",A.SUBSCD "subscd",B.FUNDTP "fundtp",A.ITEMCD "itemcd",A.CRCYCD "crcycd",A.ONLNBL "onlnbl"
        FROM GLA_ACCT A INNER JOIN v_fmp_item_config B ON
        A.STACID=B.STACID AND A.ITEMCD = B.ITEMCD
        and B.fundtp in
        <foreach item="item" index="index" collection="fundtp" open="(" separator="," close=")">
            #{item}
        </foreach>
        AND A.STACID = #{stacid} WHERE A.ACCTST = '1' AND A.ONLNBL > 0  AND A.BLNCDN =#{blncdn} ORDER BY A.BRCHNO, B.FUNDTP
    </select>

    <select id="queryFmbDrrtInfolistPage" parameterType="java.util.HashMap" resultType="java.util.HashMap">
        SELECT B.STACID "stacid", B.CNTRNO "cntrno", B.APLYDT "aplydt", B.APLYSQ "aplysq", B.BRCHNO "brchno", B.UPPRBR "upprbr", B.USERID "userid", B.CNTRTP "cntrtp",
        B.CNTRCL "cntrcl", B.CRCYCD "crcycd", B.TERMCD "termcd", B.INSTRT "instrt", B.CNTRAM "cntram", B.CNTRBL "cntrbl", B.BGINDT "bgindt",
        B.MATUDT "matudt",
        B.RENWTG "renwtg", A.TRANST "transt", B.ACPTDT "acptdt", B.ACPTSQ "acptsq", B.REMARK "remark", B.WKFLID "wkflid",
        A.DRRTNO "drrtno", A.DATATP "datatp", A.APLYAM "aplyam", C.TRANDT "trandt", C.TRANSQ "transq",
        C.INSTTP "insttp", C.INRTTP "inrttp", C.ACMLBL "acmlbl", C.INRTRT
        "inrtrt", C.INSTAM "instam" FROM FMB_DRRT A INNER JOIN
        FMB_CNTR B ON
        A.CNTRNO=B.CNTRNO LEFT
        JOIN FMS_INST C ON A.CNTRNO=C.CNTRNO
        WHERE A.STACID IN @BASERESC_TP_20
        <if test="stacid!=null and stacid!=''">
            AND A.STACID=#{stacid}
        </if>
        <if test="cntrtp!=null and cntrtp!=''">
            AND B.CNTRTP=#{cntrtp}
        </if>
        <if test="cntrcl!=null and cntrcl!=''">
            AND B.CNTRCL=#{cntrcl}
        </if>
        <if test="transt!=null and transt!=''">
            AND A.TRANST=#{transt}
        </if>
        <if test="brchno!=null and brchno!=''">
            AND A.BRCHNO=#{brchno}
        </if>
        <if test="startDay!=null and startDay!=''">
            <![CDATA[AND A.APLYDT >=]]>#{startDay}
        </if>
        <if test="endDay!=null and endDay!=''">
            <![CDATA[AND A.APLYDT >=]]>#{endDay}
        </if>
        <if test="cntrno!=null and cntrno!=''">
            AND A.CNTRNO LIKE '%'||#{cntrno}||'%'
        </if>
        <if test="matudt!=null and matudt!=''">
            AND B.MATUDT=#{matudt}
        </if>
        <if test="termcd!=null and termcd!=''">
            AND B.TERMCD=#{termcd}
        </if>
    </select>

    <select id="queryFmsInstInfolistPage" parameterType="java.util.HashMap" resultType="java.util.HashMap">
        SELECT * FROM
        (SELECT
        <include refid="fmsInstInfo" />
        B.BRCHNO "brchno",
        (CASE B.CNTRTP WHEN '1' THEN A.INSTAM ELSE 0 END) "incmam" ,
        (CASE B.CNTRTP WHEN '2' THEN A.INSTAM ELSE 0 END) "paymam"
        FROM FMS_INST A,FMB_CNTR B,COM_BRCH C WHERE B.BRCHNO = C.BRCHCD
        <include refid="fmsInstParm" />
        UNION
        SELECT
        <include refid="fmsInstInfo" />
        B.UPPRBR "brchno",
        (CASE B.CNTRTP WHEN '2' THEN A.INSTAM ELSE 0 END) "incmam" ,
        (CASE B.CNTRTP WHEN '1' THEN A.INSTAM ELSE 0 END) "paymam"
        FROM FMS_INST A,FMB_CNTR B,COM_BRCH C WHERE B.UPPRBR = C.BRCHCD
        <include refid="fmsInstParm" />
        ) WHERE 1=1
        <if test="brchno!=null and brchno!=''">
            AND "brchno"=#{brchno}
        </if>
    </select>
    <sql id="fmsInstInfo">
        A.STACID "stacid",B.CNTRTP "cntrtp",C.BRCHNA "brchna",
        A.CRCYCD "crcycd",A.TRANSQ "transq",A.CNTRNO "cntrno",A.TRANDT "trandt",B.MATUDT "matudt",
        A.BGINDT "bgindt",A.ACMLBL "acmlbl",A.INRTTP "inrttp",A.INRTRT "inrtrt",A.TERMCD "termcd",
    </sql>
    <sql id="fmsInstParm">
        AND A.STACID IN @BASERESC_TP_20
        AND A.CNTRNO = B.CNTRNO
        <if test="stacid!=null and stacid!=''">
            AND A.STACID=#{stacid}
        </if>
        <if test="crcycd!=null and crcycd!=''">
            AND A.CRCYCD=#{crcycd}
        </if>
        <if test="cntrno!=null and cntrno!=''">
            AND A.CNTRNO LIKE '%'||#{cntrno}||'%'
        </if>
        <if test="inrttp!=null and inrttp!=''">
            AND A.INRTTP=#{inrttp}
        </if>
        <if test="bgindt!=null and bgindt!=''">
            AND A.BGINDT=#{bgindt}
        </if>
        <if test="trandt!=null and trandt!=''">
            AND A.TRANDT=#{trandt}
        </if>
    </sql>
</mapper> 