<?xml version="1.0" encoding="UTF-8"?>
<!DOCTYPE mapper PUBLIC "-//mybatis.org//DTD Mapper 3.0//EN" "http://mybatis.org/dtd/mybatis-3-mapper.dtd">
<mapper namespace="com.sunline.sunfe.mybatis.tmap">
	<!-- 查询业务模板规则列表 -->
	<select id="queryTmaplistPage" parameterType="java.util.HashMap"
		resultType="java.util.HashMap">
		SELECT  TM.TMPLTP AS "tmpltp",
		        TM.TMPLID AS "tmplid",
		        PL.TMPLNA AS "tmplna",
		        TM.SORTNO AS "sortno",
		        TM.CONDCD AS "condcd",
		        CD.CONDNA AS "condna",
		        TM.PROFTP AS "proftp",
		        TM.PROFID AS "profid",
		        PR.PROFNA AS "profna",
		        TM.RETACT AS "retact",
		        TM.TRANTG AS "trantg",
		        TM.MPCDIN AS "mpcdin",
		        TM.MPCDOT AS "mpcdot",
		        TM.VERMOD AS "vermod",
		        TM.PROJCD AS "projcd",
		        TM.DESCTX AS "desctx",
		        TM.MODULE AS "module"
		FROM    SYS_TMAP TM LEFT JOIN SYS_TMPL PL ON TM.TMPLTP = PL.TMPLTP AND TM.TMPLID = PL.TMPLID AND TM.VERMOD = PL.VERMOD
		        LEFT JOIN SYS_PROF PR ON TM.PROFTP = PR.PROFTP AND TM.PROFID = PR.PROFID AND TM.VERMOD = PR.VERMOD
		        LEFT JOIN SYS_COND CD ON TM.CONDCD = CD.CONDCD AND TM.VERMOD = CD.VERMOD
		<where>
			<if test="tmplna != null and tmplna != ''">
				AND PL.TMPLNA LIKE '%'||#{tmplna}||'%'
			</if>
			<if test="profna != null and profna != ''">
				AND PR.PROFNA LIKE '%'||#{profna}||'%'
			</if>
			<if test="module != null and module != ''">
				AND TM.MODULE = #{module}
			</if>
			<if test="vermod != null and vermod != ''">
				AND TM.VERMOD = #{vermod}
			</if>
		</where>
		ORDER BY  TM.TMPLTP DESC , TM.SORTNO ASC
	</select>
	<!-- 查询规则输入不为空的业务模板规则清单 -->
	<select id="queryTmapMpcdinlistPage" parameterType="java.util.HashMap"
		resultType="java.util.HashMap">
		SELECT  PL.TMPLTP AS "tmpltp",
		        PL.TMPLID AS "tmplid",
		        PL.TMPLNA AS "tmplna",
		        TM.SORTNO AS "sortno",
		        CD.CONDCD AS "condcd",
		        CD.CONDNA AS "condna",
		        PR.PROFTP AS "proftp",
		        PR.PROFID AS "profid",
		        PR.PROFNA AS "profna",
		        TM.RETACT AS "retact",
		        TM.TRANTG AS "trantg",
		        TM.MPCDIN AS "mpcdin",
		        TM.MPCDOT AS "mpcdot",
		        TM.VERMOD AS "vermod",
		        TM.PROJCD AS "projcd",
		        TM.DESCTX AS "desctx",
		        TM.MODULE AS "module"
		FROM    SYS_TMAP TM LEFT JOIN SYS_TMPL PL ON TM.TMPLTP = PL.TMPLTP AND TM.TMPLID = PL.TMPLID AND TM.VERMOD = PL.VERMOD
		        LEFT JOIN SYS_PROF PR ON TM.PROFTP = PR.PROFTP AND TM.PROFID = PR.PROFID AND TM.VERMOD = PR.VERMOD
		        LEFT JOIN SYS_COND CD ON TM.CONDCD = CD.CONDCD AND TM.VERMOD = CD.VERMOD
		<where>
			<if test="tmplna != null and tmplna != ''">
				AND PL.TMPLNA LIKE '%'||#{tmplna}||'%'
			</if>
			<if test="profna != null and profna != ''">
				AND PR.PROFNA LIKE '%'||#{profna}||'%'
			</if>
			<if test="module != null and module != ''">
				AND TM.MODULE = #{module}
			</if>
			<if test="vermod != null and vermod != ''">
				AND TM.VERMOD = #{vermod}
			</if>
			    AND TM.MPCDIN IS NOT NULL
		</where>
	</select>
	<!-- 查询业务模板规则详情 -->
	<select id="queryTmapInfo" parameterType="java.util.HashMap"
		resultType="java.util.HashMap">
		SELECT  PL.TMPLTP AS "tmpltp",
		        PL.TMPLID AS "tmplid",
		        PL.TMPLNA AS "tmplna",
		        TM.SORTNO AS "sortno",
		        CD.CONDCD AS "condcd",
		        CD.CONDNA AS "condna",
		        PR.PROFTP AS "proftp",
		        PR.PROFID AS "profid",
		        PR.PROFNA AS "profna",
		        TM.RETACT AS "retact",
		        TM.TRANTG AS "trantg",
		        TM.MPCDIN AS "mpcdin",
		        TM.MPCDOT AS "mpcdot",
		        TM.VERMOD AS "vermod",
		        TM.PROJCD AS "projcd",
		        TM.DESCTX AS "desctx",
		        TM.MODULE AS "module"
		FROM    SYS_TMAP TM LEFT JOIN SYS_TMPL PL ON TM.TMPLTP = PL.TMPLTP AND TM.TMPLID = PL.TMPLID AND TM.VERMOD = PL.VERMOD
		        LEFT JOIN SYS_PROF PR ON TM.PROFTP = PR.PROFTP AND TM.PROFID = PR.PROFID AND TM.VERMOD = PR.VERMOD
		        LEFT JOIN SYS_COND CD ON TM.CONDCD = CD.CONDCD AND TM.VERMOD = CD.VERMOD
		<where>
			<if test="tmplid != null and tmplid != '' and tmpltp != null and tmpltp != '' and sortno != null and sortno != ''">
				AND TM.TMPLID = #{tmplid}
				AND TM.TMPLTP = #{tmpltp}
				AND TM.SORTNO = #{sortno}
			</if>
			<if test="vermod != null and vermod != ''">
				AND TM.VERMOD = #{vermod}
			</if>
		</where>
	</select>
	<!-- 校验业务模板规则是否已存在 -->
	<select id="checkExistTmap" parameterType="java.util.HashMap" resultType="java.util.HashMap">
		 <![CDATA[
		SELECT COUNT(*) AS CC FROM SYS_TMAP
		]]>
		<where>
		   <if test="tmplid != null and tmplid != '' and tmpltp != null and tmpltp != '' and sortno != null and sortno != ''">
			   AND TMPLID = #{tmplid}
			   AND TMPLTP = #{tmpltp}
			   AND SORTNO = #{sortno}
		   </if>
		   <if test="vermod != null and vermod != ''">
				AND VERMOD = #{vermod}
			</if>
		</where>
	</select>
	<!-- 删除业务模板规则 -->
	<select id="deleteTmap" parameterType="java.util.HashMap">
		 <![CDATA[
		DELETE FROM SYS_TMAP
		]]>
		<where>
		   <if test="tmplid != null and tmplid != '' and tmpltp != null and tmpltp != '' and sortno != null and sortno != ''">
			   AND TMPLID = #{tmplid}
			   AND TMPLTP = #{tmpltp}
			   AND SORTNO = #{sortno}
		   </if>
		</where>
	</select>
	<!-- 新增业务模板规则 -->
	<insert id="addTmap" parameterType="java.util.HashMap">
	    INSERT INTO SYS_TMAP
	    (TMPLTP,TMPLID,SORTNO,CONDCD,PROFTP,PROFID,RETACT,TRANTG,MPCDIN,MPCDOT,DESCTX,VERMOD,MODULE,PROJCD)
	    VALUES
	    (#{tmpltp},#{tmplid},#{sortno},#{condcd},#{proftp},#{profid},#{retact},#{trantg},#{mpcdin},#{mpcdot},#{desctx},#{vermod},#{module},#{projcd})
	</insert>
	<!-- 修改业务模板规则 -->
	<update id="updateTmap" parameterType="java.util.HashMap">
	    UPDATE SYS_TMAP SET  
	                         VERMOD = vermod+1
	    <where>
	        <if test="tmplid != null and tmplid != '' and tmpltp != null and tmpltp != '' and sortno != null and sortno != ''">
			   AND TMPLID = #{tmplid}
			   AND TMPLTP = #{tmpltp}
			   AND SORTNO = #{sortno}
		   </if>
	    </where>                     
	</update>
</mapper>


