<?xml version="1.0" encoding="UTF-8"?>
<!DOCTYPE mapper PUBLIC "-//mybatis.org//DTD Mapper 3.0//EN" "http://mybatis.org/dtd/mybatis-3-mapper.dtd">
<mapper namespace="com.sunline.sunfe.mybatis.tmpr">
       <!-- 查询处理码子交易模板列表 -->
	   <select id="queryTmprlistPage" parameterType="java.util.HashMap" resultType="java.util.HashMap">
		    SELECT  PL.TMPLTP AS "tmpltp",
			        PL.TMPLID AS "tmplid",
			        PL.TMPLNA AS "tmplna",
			        PS.PRCSCD AS "prcscd",
			        PS.PRCSNA AS "prcsna",
			        TM.TRTLNO AS "trtlno",
			        TM.SORTNO AS "sortno",
			        TM.DTTRCD AS "dttrcd",
			        TR.TRANNA AS "tranna",
			        CD.CONDCD AS "condcd",
			        CD.CONDNA AS "condna",
			        PR.PROFTP AS "proftp",
			        PR.PROFID AS "profid",
			        PR.PROFNA AS "profna",
			        TM.RETACT AS "retact",
			        TM.TRANTG AS "trantg",
			        TM.MPCDIN AS "mpcdin",
			        TM.MPCDOT AS "mpcdot",
			        TM.VERMOD AS "vermod",
			        TM.PROJCD AS "projcd",
			        TM.DESCTX AS "desctx",
			        TM.MODULE AS "module"
			FROM    SYS_TMAP_PRCS  TM 
					LEFT JOIN SYS_TMPL PL ON TM.TMPLTP = PL.TMPLTP AND TM.TMPLID = PL.TMPLID AND TM.VERMOD = PL.VERMOD
			        LEFT JOIN SYS_PROF PR ON TM.PROFTP = PR.PROFTP AND TM.PROFID = PR.PROFID AND TM.VERMOD = PR.VERMOD
			        LEFT JOIN SYS_PRCS PS ON TM.PRCSCD = PS.PRCSCD AND TM.VERMOD = PL.VERMOD AND TM.VERMOD = PS.VERMOD
			        LEFT JOIN SYS_COND CD ON TM.CONDCD = CD.CONDCD AND TM.VERMOD = CD.VERMOD
			        LEFT JOIN SYS_TRCD TR ON TM.DTTRCD = TR.TRANCD AND TM.VERMOD = TR.VERMOD            
	           <where>
	                <if test="prcsna != null and prcsna != ''">
						AND PS.PRCSNA LIKE '%'||#{prcsna}||'%'
					</if>
					<if test="tmplna != null and tmplna != ''">
						AND PL.TMPLNA LIKE '%'||#{tmplna}||'%'
					</if>
					<if test="vermod != null and vermod != ''">
						AND TM.VERMOD = #{vermod}
					</if>    
	           </where>  
	           order by TM.TRTLNO ,TM.SORTNO ASC
       </select>
       <!-- 查询处理码子交易模板规则 -->
	   <select id="queryTmprInfo" parameterType="java.util.HashMap" resultType="java.util.HashMap">
		    SELECT  PL.TMPLTP AS "tmpltp",
			        PL.TMPLID AS "tmplid",
			        PL.TMPLNA AS "tmplna",
			        PS.PRCSCD AS "prcscd",
			        PS.PRCSNA AS "prcsna",
			        TM.TRTLNO AS "trtlno",
			        TM.SORTNO AS "sortno",
			        TM.DTTRCD AS "dttrcd",
			        TR.TRANNA AS "tranna",
			        CD.CONDCD AS "condcd",
			        CD.CONDNA AS "condna",
			        PR.PROFTP AS "proftp",
			        PR.PROFID AS "profid",
			        PR.PROFNA AS "profna",
			        TM.RETACT AS "retact",
			        TM.TRANTG AS "trantg",
			        TM.MPCDIN AS "mpcdin",
			        TM.MPCDOT AS "mpcdot",
			        TM.VERMOD AS "vermod",
			        TM.PROJCD AS "projcd",
			        TM.DESCTX AS "desctx",
			        TM.MODULE AS "module"
			FROM    SYS_TMAP_PRCS TM 
					LEFT JOIN SYS_TMPL PL ON TM.TMPLTP = PL.TMPLTP AND TM.TMPLID = PL.TMPLID AND TM.VERMOD = PL.VERMOD
			        LEFT JOIN SYS_PROF PR ON TM.PROFTP = PR.PROFTP AND TM.PROFID = PR.PROFID AND TM.VERMOD = PR.VERMOD
			        LEFT JOIN SYS_PRCS PS ON TM.PRCSCD = PS.PRCSCD AND TM.VERMOD = PL.VERMOD AND TM.VERMOD = PS.VERMOD
			        LEFT JOIN SYS_COND CD ON TM.CONDCD = CD.CONDCD AND TM.VERMOD = CD.VERMOD
			        LEFT JOIN SYS_TRCD TR ON TM.DTTRCD = TR.TRANCD AND TM.VERMOD = TR.VERMOD 
	          <where>
			   <if test="prcscd != null and prcscd != ''">
   				   AND TM.PRCSCD = #{prcscd}
			   </if>
			   <if test="sortno != null and sortno != ''">
				   AND TM.SORTNO = #{sortno}
			   </if> 
			   <if test="tmpltp != null and tmpltp != ''">
   				   AND TM.TMPLTP = #{tmpltp}
			   </if>
			   <if test="tmplid != null and tmplid != ''">
				   AND TM.TMPLID = #{tmplid}
			   </if> 
			   <if test="dttrcd != null and dttrcd != ''">
   				   AND TM.DTTRCD = #{dttrcd}
			   </if>
			   <if test="trtlno != null and trtlno != ''">
				   AND TM.TRTLNO = #{trtlno}
			   </if> 
			</where>        
       </select>
       <!-- 校验处理码子交易模板是否已存在 -->
       <select id="checkExistTmpr" parameterType="java.util.HashMap" resultType="java.util.HashMap">
			 <![CDATA[
			SELECT COUNT(*) AS CC FROM SYS_TMAP_PRCS
			]]>
			<where>
			   <if test="prcscd != null and prcscd != ''">
   				   AND PRCSCD = #{prcscd}
			   </if>
			   <if test="sortno != null and sortno != ''">
				   AND SORTNO = #{sortno}
			   </if> 
			   <if test="tmpltp != null and tmpltp != ''">
   				   AND TMPLTP = #{tmpltp}
			   </if>
			   <if test="tmplid != null and tmplid != ''">
				   AND TMPLID = #{tmplid}
			   </if> 
			   <if test="dttrcd != null and dttrcd != ''">
   				   AND DTTRCD = #{dttrcd}
			   </if>
			   <if test="trtlno != null and trtlno != ''">
				   AND TRTLNO = #{trtlno}
			   </if> 
			</where>
		</select>
		<!-- 新增处理码子交易模板 -->
		<insert id="addTmpr">
		    INSERT INTO SYS_TMAP_PRCS
		    (TMPLTP,TMPLID,PRCSCD,DTTRCD,TRTLNO,SORTNO,CONDCD,PROFTP,PROFID,RETACT,TRANTG,MPCDIN,MPCDOT,DESCTX,VERMOD,MODULE,PROJCD)
		    VALUES
		    (#{tmpltp},#{tmplid},#{prcscd},#{dttrcd},#{trtlno},#{sortno},#{condcd},#{proftp},#{profid},#{retact},#{trantg},#{mpcdin},#{mpcdot},#{desctx},#{vermod},#{module},#{projcd})
		</insert>
		<!-- 删除处理码子交易模板  -->
		<delete id="deleteTmpr" parameterType="java.util.HashMap">
	     	   <![CDATA[
				  DELETE FROM SYS_TMAP_PRCS
			]]>
			<where>
				<if test="prcscd != null and prcscd != ''">
   				   AND PRCSCD = #{prcscd}
			   </if>
			   <if test="sortno != null and sortno != ''">
				   AND SORTNO = #{sortno}
			   </if> 
			   <if test="tmpltp != null and tmpltp != ''">
   				   AND TMPLTP = #{tmpltp}
			   </if>
			   <if test="tmplid != null and tmplid != ''">
				   AND TMPLID = #{tmplid}
			   </if> 
			   <if test="dttrcd != null and dttrcd != ''">
   				   AND DTTRCD = #{dttrcd}
			   </if>
			   <if test="trtlno != null and trtlno != ''">
				   AND TRTLNO = #{trtlno}
			   </if>
			</where>
		</delete>
</mapper>


