<?xml version="1.0" encoding="UTF-8"?>
<!DOCTYPE mapper PUBLIC "-//mybatis.org//DTD Mapper 3.0//EN" "http://mybatis.org/dtd/mybatis-3-mapper.dtd">
<mapper namespace="com.sunline.sunfe.mybatis.tmtp">
	<!--查询模板类型清单 -->
	<select id="queryTmtplistPage" parameterType="java.util.HashMap"
		resultType="java.util.HashMap">
		SELECT TMPLTP AS "tmpltp",
		       LEVLTP AS "levltp",
		       TMTPNA AS "tmtpna",
		       DESCTX AS "desctx",
		       ENNAME AS "enname",
		       VERMOD AS "vermod",
		       PROJCD AS "projcd",
		       MODULE AS "module"
		FROM SYS_TMTP
		<where>
			<if test="tmpltp != null and tmpltp != ''">
				AND TMPLTP LIKE #{tmpltp} ESCAPE '\'
			</if>
			<if test="tmtpna != null and tmtpna != ''">
				AND TMTPNA LIKE '%'||#{tmtpna}||'%'
			</if>
			<if test="vermod != null and vermod != ''">
				AND VERMOD = #{vermod}
			</if>
		</where>
		ORDER BY TMPLTP
	</select>
	<!-- 根据模板类型查询模板详细 -->
	<select id="queryTmtpById" parameterType="java.util.HashMap"
		resultType="java.util.HashMap">
		SELECT TMPLTP AS "tmpltp",
		       LEVLTP AS "levltp",
		       TMTPNA AS "tmtpna",
		       DESCTX AS "desctx",
		       ENNAME AS "enname",
		       VERMOD AS "vermod",
		       PROJCD AS "projcd",
		       MODULE AS "module"
		FROM SYS_TMTP
		<where>
			<if test="tmpltp != null and tmpltp != ''">
				AND TMPLTP = #{tmpltp}
			</if>
			<if test="vermod != null and vermod != ''">
				AND VERMOD = #{vermod}
			</if>
		</where> 
    </select>
    <!-- 根据模板类型查询模板明细 -->
	<select id="queryTmplBytmpltplistPage" parameterType="java.util.HashMap"	resultType="java.util.HashMap">
		SELECT TMPLTP AS "tmpltp",
		       TMPLID AS "tmplid",
		       TMPLNA AS "tmplna",
		       EFCTDT AS "efctdt",
		       INEFDT AS "inefdt",
		       ENNAME AS "tenname",
		       DESCTX AS "tdesctx",
		       VERMOD AS "vermod",
		       MODULE AS "module",
		       PROJCD AS "projcd"
		FROM SYS_TMPL
		<where>
			<if test="tmpltp != null and tmpltp != ''">
				AND TMPLTP = #{tmpltp}
			</if>
			<if test="tmplna != null and tmplna != ''">
				AND TMPLNA LIKE '%'||#{tmplna}||'%'
			</if>
			<if test="vermod != null and vermod != ''">
				AND VERMOD = #{vermod}
			</if>
		</where>
	</select>
	<!-- 校验模板类型是否已存在 -->
	<select id="checkExistTmtp" parameterType="java.util.HashMap" resultType="java.util.HashMap">
		SELECT COUNT(*) AS CC FROM SYS_TMTP
		<where>
		   <if test="tmpltp != null and tmpltp != ''">
			   AND TMPLTP = #{tmpltp}
		   </if>
		   <if test="vermod != null and vermod != ''">
				AND VERMOD = #{vermod}
			</if>
		</where>
	</select>
	<!-- 校验模板是否已存在 -->
	<select id="checkExistTmpl" parameterType="java.util.HashMap" resultType="java.util.HashMap">
		 <![CDATA[
		SELECT COUNT(*) AS CC FROM SYS_TMPL
		]]>
		<where>
		   <if test="tmpltp != null and tmpltp != ''">
			   AND TMPLTP = #{tmpltp}
		   </if>
		   <if test="tmplid != null and tmplid != ''">
			   AND TMPLID = #{tmplid}
		   </if>
		   <if test="vermod != null and vermod != ''">
				AND VERMOD = #{vermod}
			</if>
		</where>
	</select>
	<!-- 新增模板类型信息 -->
	<insert id="addTmtp" parameterType="java.util.HashMap">
	    INSERT INTO SYS_TMTP
		(TMPLTP,TMTPNA,LEVLTP,ENNAME,DESCTX,VERMOD,MODULE,PROJCD)
		VALUES
		(#{tmpltp},#{tmtpna},#{levltp},#{enname},#{desctx},#{vermod},#{module},#{projcd})
	</insert>
	<!-- 新增模板 -->
	<insert id="insertTmpl" parameterType="java.util.HashMap">
	    INSERT INTO SYS_TMPL 
	    (TMPLTP,TMPLID,TMPLNA,EFCTDT,INEFDT,ENNAME,DESCTX,VERMOD,MODULE,PROJCD) 
        VALUES 
        (#{tmpltp},#{tmplid},#{tmplna},#{efctdt},#{inefdt},#{tenname},#{tdesctx},#{vermod},#{module},#{projcd})
	</insert>
	<!-- 修改模板类型信息 -->
	<update id="updateTmtp" parameterType="java.util.HashMap">
		UPDATE SYS_TMTP  SET
		       VERMOD =VERMOD+1
	     WHERE TMPLTP = #{tmpltp}	 and  PROJCD = #{projcd}		
	</update>
	
	
	<update id="updateTmpl" parameterType="java.util.HashMap">
		UPDATE SYS_TMPL  SET
		         VERMOD =VERMOD+1
	     WHERE TMPLTP = #{tmpltp}	 and  PROJCD = #{projcd}
	</update>
	
	<!-- 删除模板类型信息 -->
	<delete id="deleteTmtp" parameterType="java.util.HashMap">
			  DELETE FROM SYS_TMTP
		<where>
			<if test="tmpltpList!=null and tmpltpList.size()>0">
				AND TMPLTP IN
				<foreach collection="tmpltpList" item="tmpltp" open="("
					close=")" separator=",">
					#{tmpltp}
				</foreach>
			</if>
		</where>
	</delete>
	<!-- 批量删除模板类型 时 删除模板-->
	<delete id="deleteTmpl" parameterType="java.util.HashMap">
     	   <![CDATA[
			  DELETE FROM SYS_TMPL
		]]>
		<where>
			<if test="tmpltpList!=null and tmpltpList.size()>0">
				AND TMPLTP IN
				<foreach collection="tmpltpList" item="tmpltp" open="("
					close=")" separator=",">
					#{tmpltp}
				</foreach>
			</if>
		</where>
	</delete>
	<!-- 根据模板类型tmpltp删除模板 -->
	<delete id="deleteTmplByTp" parameterType="java.util.HashMap">
     	   <![CDATA[
			  DELETE FROM SYS_TMPL
		]]>
		<where>
			<if test="tmpltp !=null and tmpltp !='' ">
				AND TMPLTP = #{tmpltp}
			</if>
		</where>
	</delete>
</mapper>