<?xml version="1.0" encoding="UTF-8"?>
<!DOCTYPE mapper PUBLIC "-//mybatis.org//DTD Mapper 3.0//EN" "http://mybatis.org/dtd/mybatis-3-mapper.dtd">
<mapper namespace="com.sunline.sunfe.mybatis.trcd">
	<!--查询系统子交易类别清单 -->
	<select id="queryTrcdlistPage" parameterType="java.util.HashMap"
		resultType="java.util.HashMap">
		SELECT TRANCD AS "trancd",
		       TRANNA AS "tranna",
		       TRAMCD AS "tramcd",
		       INTFCD AS "intfcd",
		       PROPIF AS "propif",
		       RELAIF AS "relaif",
		       VERMOD AS "vermod",
		       ENNAME AS "enname",
		       TRPRCD AS "trprcd",
		       DESCTX AS "desctx",
		       MODULE AS "module",
		       PROJCD AS "projcd"
		FROM   SYS_TRCD  
		<where>
			<if test="module != null and module != ''">
				AND MODULE = #{module}
			</if>
			<if test="trancd != null and trancd != ''">
				AND TRANCD LIKE #{trancd} ESCAPE '\'
			</if>
			<if test="tranna != null and tranna != ''">
				AND TRANNA LIKE '%'||#{tranna}||'%'
			</if>
			<if test="vermod != null and vermod != ''">
				AND VERMOD = #{vermod}
			</if>
		</where>
		ORDER BY TRANCD
	</select>
	<!--查询系统子交易类别详情 -->
	
	<insert id="addTrcd" parameterType="java.util.HashMap">
	    INSERT INTO SYS_TRCD
	    (TRANCD,TRANNA,ENNAME,TRAMCD,INTFCD,PROPIF,RELAIF,VERMOD,PROJCD,TRPRCD,DESCTX,MODULE)
	    VALUES
	    (#{trancd},#{tranna},#{enname},#{tramcd},#{intfcd},#{propif},#{relaif},#{vermod},#{projcd},#{trprcd},#{desctx},#{module})
	</insert>
	
	<select id="queryTrcdById" parameterType="java.util.HashMap"
		resultType="java.util.HashMap">
		SELECT T.TRANCD AS "trancd",
		       T.TRANNA AS "tranna",
		       T.TRAMCD AS "tramcd",
		       T.INTFCD AS "intfcd",
		       T.PROPIF AS "propif",
		       T.RELAIF AS "relaif",
		       T.VERMOD AS "vermod",
		       T.ENNAME AS "enname",
		       T.TRPRCD AS "trprcd",
		       T.DESCTX AS "desctx",
		       T.MODULE AS "module",
		       T.PROJCD AS "projcd",
		       P.TRPRNA AS "trprna"
		FROM SYS_TRCD T LEFT JOIN SYS_TRPR P ON T.TRPRCD = P.TRPRCD
		<where>
			<if test="trancd != null and trancd != ''">
				AND T.TRANCD = #{trancd}
			</if>
			<if test="vermod != null and vermod != ''">
				AND T.VERMOD = #{vermod}
			</if>
			AND T.VERMOD = '0'
		</where>
	</select>
	<!-- 校验子交易类型代码是否已存在 -->
	<select id="checkExistTrcd" parameterType="java.util.HashMap" resultType="java.util.HashMap">
		SELECT COUNT(*) AS CC FROM SYS_TRCD
		<where>
		   <if test="trancd != null and trancd != ''">
			   AND TRANCD = #{trancd}
		   </if>
		   <if test="vermod != null and vermod != ''">
				AND VERMOD = #{vermod}
			</if>
		</where>
	</select>
	<!-- 新增子交易类型   -->
	<insert id="addSysTrcd" parameterType="java.util.HashMap">
	    INSERT INTO SYS_TRCD
	    (TRANCD,TRANNA,ENNAME,TRAMCD,INTFCD,PROPIF,VERMOD,PROJCD,DESCTX,MODULE)
	    VALUES
	    (#{trancd},#{tranna},#{enname},#{tramcd},#{intfcd},#{propif},#{vermod},#{projcd},#{desctx},#{module})
	</insert>
	
	<!-- 新增产品子交易配置明细  -->
	<insert id="addSysTrcdDetl" parameterType="java.util.HashMap">
	    INSERT INTO SYS_TRCD_DETL
	    (TRANCD
	     <if test="tranna != null and tranna != ''">
	      ,TRANNA
	    </if>
	    ,VARICD,VARINA,VARITP
	    )
	    VALUES
	    (#{trancd}
	    <if test="tranna != null and tranna != ''">
	     ,#{tranna}
	    </if>,#{varicd},#{varina},#{varitp}
	    )
	</insert>
	<!--  新增产品子交易   -->
	<insert id="addSysPmap" parameterType="java.util.HashMap">
	     INSERT INTO SYS_PMAP
	    (PRODCD,TRANCD,TMPLTP,TMPLID,VERMOD,MODULE,PROJCD,STACID)
	   	 VALUES
	    (#{prodcd},#{trancd},#{tmpltp},#{tmplid},#{vermod},#{module},#{projcd},#{stacid})
	</insert>
	
	<!--  新增业务模板规则映射表   -->
	<insert id="addSysTmap" parameterType="java.util.HashMap">
	     INSERT INTO SYS_TMAP
	     (TMPLTP,TMPLID,SORTNO,PROFTP,PROFID,MPCDIN,VERMOD,MODULE,PROJCD
	     <if test="condcd != null and condcd != ''">
	     	,CONDCD
	     </if>)
	   	    VALUES
	     (#{tmpltp},#{tmplid},#{sortno},#{proftp},#{profid},#{mpcdin},#{vermod},#{module},#{projcd}
	      <if test="condcd != null and condcd != ''">
	     ,#{condcd}
	      </if>
	     )
	</insert>
	
	<!--  新增映射表   -->
	<insert id="addSysIomp" parameterType="java.util.HashMap">
	     INSERT INTO SYS_IOMP
	    (RULEID,FTOKEY,MAPKEY,SMRYTX,IOMPTP,TRANCD)
	    VALUES
	    (#{ruleid},#{ftokey},#{mapkey},#{smrytx},#{iomptp},#{trancd})
	</insert>
<!-- 	新增模板 -->
	<insert id="addSysTmpl" parameterType="java.util.HashMap">
	     INSERT INTO sys_tmpl
	    (tmpltp,tmplid,tmplna,efctdt,vermod,module,projcd)
	    VALUES
	    (#{tmpltp},#{tmplid},#{tmplna},#{efctdt},#{vermod},#{module},#{projcd})
	</insert>
	
	<delete id="delSysTmpl" parameterType="java.util.HashMap">
		DELETE FROM sys_tmpl  where tmpltp = #{tmpltp} and  tmplid = #{tmplid} and projcd = #{projcd}
	</delete>
	<!-- 修改系统子交易类型 -->
	<update id="updateTrcd" parameterType="java.util.HashMap">
	    UPDATE SYS_TRCD SET
		        TRANCD = #{trancd}
	    WHERE   TRANCD = #{trancd} 
	    	and tranna = #{tranna} 
	    	and desctx = #{desctx}      
	    	and module = #{module}
	    	and vermod = #{vermod}
	</update>
	
	<!-- 修改系统子交易类型版本号 -->
	<update id="updateTrcdVermod" parameterType="java.util.HashMap">
	    UPDATE SYS_TRCD SET
		        vermod = vermod+1
	    WHERE   TRANCD = #{trancd} 
	</update>
	<!-- 删除系统子交易类型信息 -->
	<delete id="deleteTrcd" parameterType="java.util.HashMap">
			  DELETE FROM SYS_TRCD  where TRANCD = #{trancd}
	</delete>
	<delete id="deleteTrcdDetl" parameterType="java.util.HashMap">
			  DELETE FROM SYS_TRCD_DETL  where TRANCD = #{trancd}
	</delete>
    <delete id="deleteSysPmap" parameterType="java.util.HashMap">
			  DELETE FROM sys_pmap  where TRANCD = #{trancd}
	</delete>
	 <delete id="deleteSysIomp" parameterType="java.util.HashMap">
			  DELETE FROM sys_iomp  where TRANCD = #{trancd}
	</delete>
	 <delete id="deleteSysTmap" parameterType="java.util.HashMap">
			 DELETE  FROM sys_tmap c where c.tmplid in
 				(SELECT a.tmplid "tmplid" FROM sys_pmap a where a.trancd =#{trancd} and a.stacid = #{stacid}) 
	</delete>
	<delete id="deleteSysTmpl" parameterType="java.util.HashMap">
			 DELETE  FROM sys_tmpl c where c.tmplid in
 				(SELECT a.tmplid "tmplid" FROM sys_pmap a where a.trancd =#{trancd} and a.stacid = #{stacid}) 
	</delete>
	
	
	
  <!--查询模块数据结构 -->
<select id="getModuleDictByModule" parameterType="java.util.HashMap" resultType="java.util.HashMap">
    SELECT   a.module "module",  a.tablcd "tablcd",
             a.desctx "desctx",  a.status "status",
			 b.varitp "varitp",  b.ordeid "ordeid",
			 b.varicd "varicd",  b.busina "busina",
			 b.desctx "desctx1", b.status "status1"
			 FROM modu_dict a 
      		 left join modu_dict_detl b on a.module = b.module
        	 where a.module = #{module} and a.status=1 and b.status=1
			 order by  b.varicd 
</select>

   <!--查询金额类型 -->
<select id="getTrprByModule" parameterType="java.util.HashMap" resultType="java.util.HashMap">
    SELECT 	 a.trprcd "trprcd",
      		 a.trprna "trprna",
			 a.module "module",
			 a.desctx "desctx",
			 a.usedtp "usedtp" 
			 FROM sys_trpr a
			 where a.module = #{module} and usedtp != '9' order by trprcd
</select>

<!-- 	查询分录模板 -->
<select id="getTmpl" parameterType="java.util.HashMap" resultType="java.util.HashMap">
   SELECT    a.varicd "varicd", 
             a.varitp "varitp",
             a.ordeid "ordeid", 
             a.busina "busina",
             a.desctx "desctx",
             a.stacid "stacid",
             '1'      "status",
             a.varicd "acexcd",
             a.stacid "stacid"
             FROM vchr_tmpl a 
             <where>
                 a.stacid = #{stacid}
			</where>    
	union all
	SELECT  b.assimp "varicd",
	        '2'      "varitp",
		    b.ordeid "ordeid",
		    b.acexna "busina",
		    b.acexna "desctx",
		    b.stacid "stacid",
		    b.valide "status",
		    b.acexcd "acexcd",
		    b.stacid "stacid"
		    FROM com_itex b
		    <where>
                     b.stacid = #{stacid}
              and    b.valide =  '1'
			</where>    
    order by "varitp" asc , "ordeid" asc
</select>

<!-- 	查询产品 -->
<select id="getProdByModule" parameterType="java.util.HashMap" resultType="java.util.HashMap">
    SELECT a.prodcd "prodcd",
     	   a.prodna "prodna",
		   a.module "module"
		   FROM sys_prod a 
		   where a.module = #{module} 
	       order by a.prodcd
</select>

<!-- 	查询映射预定义-->
<select id="getIompByModule" parameterType="java.util.HashMap" resultType="java.util.HashMap">
    SELECT  a.module "module",
    	 	b.tovacd "tovacd",
     		b.tovana "tovana",
     	 	b.ordeid "ordeid", 
      		b.varitp "varitp",
     	 	b.fmvacd "fmvacd",
			b.fmvana "fmvana", 
			b.desctx  "desctx"
		FROM vchr_iomp a inner join vchr_iomp_detl b on a.module = b.module and  a.stacid = b.stacid 
  where a.module=#{module} and a.stacid =#{stacid}
</select>


<select id="queryTrcdDetl" parameterType="java.util.HashMap" resultType="java.util.HashMap">
	    SELECT  a.trancd "trancd",a.tranna "tranna",
           		c.varicd "varicd",c.varina "varina",
           		c.varitp "varitp",a.module "module",
           		a.desctx "desctx"
				FROM sys_trcd a inner join 
				sys_trcd_detl c on a.trancd = c.trancd 
      where   a.trancd = #{trancd}  and a.vermod = '0' order by c.varicd 
</select>

<select id="queryTrcdDetlVaritp1" parameterType="java.util.HashMap" resultType="java.util.HashMap">
 SELECT  a.trancd "trancd",
 		 a.tranna "tranna",
		 a.varicd "varicd",
		 a.varina "varina",
		 b.varitp "varitp"
	FROM  sys_trcd_detl a left join  modu_dict_detl b on a.varicd = b.varicd
	where a.trancd = #{trancd} 
	  and a.varitp = '1'
	  and b.module = #{module} order by a.varicd
</select>

<select id="getSysIomp" parameterType="java.util.HashMap" resultType="java.util.HashMap">
	SELECT  a.ruleid "ruleid",
			a.ftokey "ftokey",
			a.mapkey "mapkey",
			a.iomptp "iomptp",
			a.smrytx "smrytx",
			a.trancd "trancd"
			FROM sys_iomp a  where  a.trancd = #{trancd} 
			and a.ruleid in
		(SELECT c.mpcdin "ruleid" FROM sys_tmap c left join sys_pmap b on
							c.tmpltp = b.tmpltp and c.tmplid = b.tmplid 
							 where b.stacid = #{stacid} and b.trancd = #{trancd} )
		   order by a.ruleid asc
</select>

<select id="checkUserTrtl" parameterType="java.util.HashMap" resultType="java.util.HashMap">
	SELECT   COUNT(*) AS CC FROM SYS_TRTL  WHERE   TRANCD = #{trancd} AND VERMOD ='0'
</select>

<select id="getModuldictForSelectlistPage" parameterType="java.util.HashMap" resultType="java.util.HashMap">
	 SELECT  
		  b.varicd "varicd",
		  b.varina "varina"
	FROM  sys_trcd_detl b 
	where b.trancd = #{trancd} and varitp='1'
	 <if test="varicd != null and varicd != ''">
	     and b.varicd = #{varicd}
	 </if>
	 <if test="varina != null and varina != ''">
	     and b.varina like '%'||#{varina}||'%'
	 </if>
	 order by b.varicd
</select>


<!-- 删除系统子交易类型配置信息 -->
	<delete id="delSysTrcdDetlVaritp" parameterType="java.util.HashMap">
	     DELETE FROM SYS_TRCD_DETL WHERE  TRANCD = #{trancd} 
	     <if test="varitp != null and varitp != ''">
	        and varitp = #{varitp}
	     </if>
	</delete>
	<!-- 删除系统子交易分录映射 -->
	<delete id="delSysIomp" parameterType="java.util.HashMap">
	     	 DELETE FROM SYS_IOMP WHERE  TRANCD = #{trancd}
	</delete>


<update id="updateSysPmap" parameterType="java.util.HashMap">
     update  SYS_PMAP set PRODCD =#{prodcd}
     where PRODCD = #{prodcd}
       and trancd = #{trancd}
       and tmpltp = #{tmpltp}
       and tmplid = #{tmplid}
       and module = #{module}
       and vermod = #{vermod}
       and projcd = #{projcd}
       and stacid = #{stacid}
</update>

<update id="updateSysPmapVermod" parameterType="java.util.HashMap">
     UPDATE  SYS_PMAP SET VERMOD =VERMOD+1
     WHERE PRODCD = #{prodcd}
       AND TRANCD = #{trancd}
       AND STACID = #{stacid}
</update>


<update id="updateSysTmap" parameterType="java.util.HashMap">
     update  SYS_TMAP set TMPLTP =#{tmpltp}
     where TMPLTP = #{tmpltp}
       and TMPLID = #{tmplid}
       and sortno = #{sortno}
       and proftp = #{proftp}
       and profid = #{profid}
       and mpcdin = #{mpcdin}
       and projcd = #{projcd}
       and vermod = #{vermod}
       and module = #{module}
</update>

<update id="updateSysTmapVermod" parameterType="java.util.HashMap">
     UPDATE  SYS_TMAP SET VERMOD =VERMOD+1
     where TMPLTP = #{tmpltp}
       and TMPLID = #{tmplid}
       and sortno = #{sortno}
       and projcd = #{projcd}
</update>


<select id="getsysPmapListByTrancd" parameterType="java.util.HashMap" resultType="java.util.HashMap">
	 SELECT  * from sys_pmap  where trancd = #{trancd} and stacid=#{stacid} 
</select>

<select id="getTrtlByTrancd" parameterType="java.util.HashMap" resultType="java.util.HashMap">
	 SELECT  prcscd "prcscd",module "module" from sys_trtl  where trancd = #{trancd} and stacid=#{stacid} and vermod = '0'
</select>

<update id="updateTrprStatus" parameterType="java.util.HashMap">
	      UPDATE SYS_TRPR SET USEDTP = #{usedtp} WHERE  TRPRCD = #{trprcd} AND MODULE = #{module}
</update>


<delete id="delTmapTranByVaricd" parameterType="java.util.HashMap">
 		DELETE FROM SYS_TMAP_TRAN WHERE 
 		PRCSCD = #{prcscd} 
 		AND DTTRCD = #{trancd} 
 		AND STACID = #{stacid}
 		AND PROFTP != 'pf_price_tx_separated' 
        AND PROFID NOT IN
		<foreach collection="varicdList" item="varicd" open="("
					close=")" separator=",">
					#{varicd}
		</foreach>
</delete>

<select id="getprofidByTrancd" parameterType="java.util.HashMap" resultType="String">
	 SELECT  PROFID  from SYS_TMAP_TRAN  
	 where 
	 DTTRCD = #{trancd} 
	 AND STACID = #{stacid} 
	 AND VERMOD = '0' 
	 AND PRCSCD = #{prcscd} 
	 AND PROFTP != 'pf_price_tx_separated' 
</select>

</mapper>