<?xml version="1.0" encoding="UTF-8"?>
<!DOCTYPE mapper PUBLIC "-//mybatis.org//DTD Mapper 3.0//EN" "http://mybatis.org/dtd/mybatis-3-mapper.dtd">
<mapper namespace="com.sunline.sunfe.mybatis.trcr">
	<!--查询列表 -->
	<select id="getTrcrlistPage" parameterType="java.util.HashMap" resultType="java.util.HashMap">
		SELECT DISTINCT
		  A.STACID "stacid",
		  A.SOURST "sourst",
		  A.MODULE "module",
		  A.LSTRPR "lstrpr",
		  A.TRPRCD "trprcd",
		  B.TRPRNA "trprna"
		FROM SYS_TRCR A 
		LEFT JOIN SYS_TRPR  B ON  A.TRPRCD = B.TRPRCD AND A.MODULE=B.MODULE
		<where>
			<if test="stacid != null and stacid != ''">
				AND A.STACID = #{stacid} 
			</if>
			<if test="sourst != null and sourst != ''">
				AND A.SOURST = #{sourst}
			</if>
			<if test="module != null and module != ''">
				AND A.MODULE = #{module}
			</if>
			<if test="lstrpr != null and lstrpr != ''">
				AND A.LSTRPR  LIKE '%'||#{lstrpr}||'%'
			</if>
			<if test="trprcd != null and trprcd != ''">
				AND (A.TRPRCD LIKE '%'|| #{trprcd}||'%' OR B.TRPRNA LIKE '%'|| #{trprcd}||'%')
			</if>
		</where>
		ORDER BY stacid,sourst,lstrpr
	</select>
	<!--根据主键查询余额类型映射详情 -->
	<select id="getTrcrInfo" parameterType="java.util.HashMap" resultType="java.util.HashMap">
		SELECT DISTINCT
		  A.STACID "stacid",
		  A.SOURST "sourst",
		  A.MODULE "module",
		  A.LSTRPR "lstrpr",
		  A.TRPRCD "trprcd",
		  B.TRPRNA "trprna"
		FROM SYS_TRCR A 
		LEFT JOIN SYS_TRPR  B ON  A.TRPRCD = B.TRPRCD AND A.MODULE=B.MODULE
		<where>
			<if test="stacid != null and stacid != ''">
				AND  A.STACID = #{stacid} 
			</if>
			<if test="sourst != null and sourst != ''">
				AND  A.SOURST = #{sourst}
			</if>
			<if test="module != null and module != ''">
				AND  A.MODULE = #{module}
			</if>
			<if test="lstrpr != null and lstrpr != ''">
				AND  A.LSTRPR = #{lstrpr}
			</if>
		</where>
	</select>
	
	<!-- 新增余额类型映射信息 -->
	<insert id="addTrcr" parameterType="java.util.HashMap">
		INSERT INTO SYS_TRCR
		(stacid,SOURST,MODULE,LSTRPR,TRPRCD)
		VALUES
		(#{stacid},#{sourst},#{module},#{lstrpr},#{trprcd})
	</insert>
	<!-- 检查余额类型映射是否已存在 -->
	<select id="checkExistTrcr" parameterType="java.util.HashMap" resultType="java.util.HashMap">
		SELECT * FROM SYS_TRCR
		<where>
				AND STACID = #{stacid} 
				AND SOURST = #{sourst}
				AND LSTRPR = #{lstrpr}
		</where>
	</select>
	
	<!-- 删除余额类型映射信息 -->
	<delete id="deleteTrcr" parameterType="java.util.HashMap">
			   DELETE FROM SYS_TRCR
			<where>
				AND STACID = #{stacid} 
				AND SOURST = #{sourst}
				AND MODULE = #{module}
				AND LSTRPR = #{lstrpr}
			</where>
	</delete>  
	
	<update id="updateTrcr" parameterType="java.util.HashMap">
	    UPDATE SYS_TRCR SET
	           TRPRCD = #{trprcd},
	           MODULE = #{module}
		  <where>
				AND STACID = #{stacid} 
				AND SOURST = #{sourst}
				AND LSTRPR = #{lstrpr}
		</where>       
	</update>
</mapper>


