<?xml version="1.0" encoding="UTF-8"?>
<!DOCTYPE mapper PUBLIC "-//mybatis.org//DTD Mapper 3.0//EN" "http://mybatis.org/dtd/mybatis-3-mapper.dtd">
<mapper namespace="com.sunline.sunfe.mybatis.trpr">
	<!--查询余额类型清单 -->
	<select id="queryTrprlistPage" parameterType="java.util.HashMap"
		resultType="java.util.HashMap">
		SELECT A.TRPRCD AS "trprcd",
		       A.TRPRNA AS "trprna",
		       A.USEDTP AS "usedtp",
		       A.DESCTX AS "desctx",
		       A.MODULE AS "module",
		       B.PARANA AS "modulena"
		FROM SYS_TRPR A  INNER JOIN PCMC_KNP_PARA B ON A.MODULE = B.PARACD  AND B.SUBSCD='GL' AND  B.PARATP = 'GL_MODULE'
		<where>
			<if test="module != null and module != ''">
				AND A.MODULE = #{module}
			</if>
			<if test="trprcd != null and trprcd != ''">
				AND A.TRPRCD LIKE #{trprcd}  ESCAPE '\'
			</if>
			<if test="trprna != null and trprna != ''">
				AND A.TRPRNA LIKE '%'||#{trprna}||'%'
			</if>
			<if test="usedtp != null and usedtp != ''">
				AND A.TRPRNA = #{usedtp}
			</if>
		</where>
	</select>
	<!--查询余额类型详情 -->
	<select id="queryTrprById" parameterType="java.util.HashMap"
		resultType="java.util.HashMap">
		SELECT TRPRCD AS "trprcd",
		       TRPRNA AS "trprna",
		       USEDTP AS "usedtp",
		       DESCTX AS "desctx",
		       MODULE AS "module"
		FROM SYS_TRPR
		<where>
			<if test="trprcd != null and trprcd != ''">
				AND TRPRCD = #{trprcd}
			</if>
			<if test="module != null and module != ''">
				AND module = #{module}
			</if>
		</where>
	</select>
	<!-- 校验余额类型代码是否已存在 -->
	<select id="checkExistTrpr" parameterType="java.util.HashMap" resultType="java.util.HashMap">
		SELECT COUNT(*) AS CC FROM SYS_TRPR
			WHERE 	TRPRCD = #{trprcd} and module = #{module}
	</select>
	<!-- 新增余额类型  子交易属性 -->
	<insert id="addTrpr" parameterType="java.util.HashMap">
	    INSERT INTO SYS_TRPR
	    (TRPRCD,TRPRNA,USEDTP,DESCTX,MODULE)
	    VALUES
	    (#{trprcd},#{trprna},#{usedtp},#{desctx},#{module})
	</insert>
	<!-- 修改余额类型 -->
	<update id="updateTrpr" parameterType="java.util.HashMap">
	    UPDATE SYS_TRPR SET
	           TRPRCD = #{trprcd },
	           TRPRNA = #{trprna },
	           USEDTP = #{usedtp },
	           DESCTX = #{desctx },
	           MODULE = #{module}
	    <where>
		   <if test="trprcd != null and trprcd != ''">
			   AND TRPRCD = #{trprcd}
		   </if>
		   <if test="module != null and module != ''">
		   		AND MODULE = #{module_old}
		   </if>
		</where>       
	</update>
	<!-- 删除余额类型信息 -->
	<delete id="deleteTrpr" parameterType="java.util.HashMap">
     	   <![CDATA[
			  DELETE FROM SYS_TRPR
		]]>
		<where>
			    TRPRCD = #{trprcd} AND MODULE = #{module}
		</where>
	</delete>
	
	<update id="updateTrprStatus" parameterType="java.util.HashMap">
	      UPDATE SYS_TRPR SET USEDTP = #{usedtp} WHERE  TRPRCD = #{trprcd} AND MODULE = #{module}
	</update>
</mapper>