<?xml version="1.0" encoding="UTF-8"?>
<!DOCTYPE mapper PUBLIC "-//mybatis.org//DTD Mapper 3.0//EN" "http://mybatis.org/dtd/mybatis-3-mapper.dtd">
<mapper namespace="com.sunline.sunfe.mybatis.trtl">
       <!-- 查询系统交易分析列表 -->
	   <select id="queryTrtllistPage" parameterType="java.util.HashMap" resultType="java.util.HashMap">
	         SELECT TL.STACID AS "stacid",
	         		TL.PRCSCD AS "prcscd",
	                TL.SORTNO AS "sortno",
	                TL.TRANCD AS "trancd",
	                TR.TRANNA AS "tranna",
	                TL.MAINTG AS "maintg",
	                TL.TRGPID AS "trgpid",
	                CO.CONDCD AS "condcd",
	                CO.CONDNA AS "condna",
	                CD.CONDCD AS "trcond",
	                CD.CONDNA AS "trcona",
	                TL.CHRGTG AS "chrgtg",
	                TL.VERMOD AS "vermod",
	                TL.MODULE AS "module",
	                TL.PROJCD AS "projcd",
	                TL.DESCTX AS "desctx",
	                TL.TAXSEP as "taxsep"
	         FROM   SYS_TRTL TL
	         		LEFT JOIN SYS_PRCS PR ON TL.PRCSCD = PR.PRCSCD  AND TL.VERMOD = PR.VERMOD 
	                LEFT JOIN SYS_TRCD TR ON TL.TRANCD = TR.TRANCD  AND TL.VERMOD = TR.VERMOD
			        LEFT JOIN SYS_COND CO ON TL.CONDCD = CO.CONDCD  AND TL.VERMOD = CO.VERMOD
			        LEFT JOIN SYS_COND CD ON TL.TRCOND = CD.CONDCD  AND TL.VERMOD = CD.VERMOD
	         <where>
	             <if test="module != null and module != '' ">
	                  AND TL.MODULE = #{module}
	             </if>
	             <if test="tranna != null and tranna != '' ">
					  AND (TL.TRANCD LIKE #{tranna} escape '\'  OR TR.TRANNA LIKE #{tranna}  escape '\')
				 </if>
		         <if test="prcsna != null and prcsna != '' ">
		    		  AND (PR.PRCSNA LIKE #{prcsna} escape '\' OR  TL.PRCSCD  LIKE #{prcsna} escape '\')
				 </if>
				 <if test="vermod != null and vermod != '' ">
	                  AND TL.VERMOD = #{vermod}
	             </if>
	             <if test="stacid != null and stacid != '' ">
	                  AND TL.stacid = #{stacid}
	             </if>
			 </where>
			 ORDER BY TL.PRCSCD ,TL.SORTNO ASC
	   </select>
	   <!-- 查询系统交易分析详细 -->
	   <select id="queryTrtlInfo" parameterType="java.util.HashMap" resultType="java.util.HashMap">
	         SELECT PR.PRCSCD AS "prcscd",
	                PR.PRCSNA AS "prcsna",
	                TL.SORTNO AS "sortno",
	                TL.stacid AS "stacid",
	                TL.TRANCD AS "trancd",
	                TR.TRANNA AS "tranna",
	                TL.MAINTG AS "maintg",
	                TL.TRGPID AS "trgpid",
	                CO.CONDCD AS "condcd",
	                CO.CONDNA AS "condna",
	                CD.CONDCD AS "trcond",
	                CD.CONDNA AS "trcona",
	                TL.CHRGTG AS "chrgtg",
	                TL.VERMOD AS "vermod",
	                TL.MODULE AS "module",
	                TL.PROJCD AS "projcd",
	                TL.DESCTX as "desctx",
	                TL.TAXSEP as "taxsep"
	         FROM   SYS_TRTL TL 
	         		LEFT JOIN SYS_PRCS PR ON TL.PRCSCD = PR.PRCSCD  AND TL.VERMOD = PR.VERMOD
	                LEFT JOIN SYS_TRCD TR ON TL.TRANCD = TR.TRANCD  AND TL.VERMOD = TR.VERMOD
			        LEFT JOIN SYS_COND CO ON TL.CONDCD = CO.CONDCD  AND TL.VERMOD = CO.VERMOD
			        LEFT JOIN SYS_COND CD ON TL.TRCOND = CD.CONDCD  AND TL.VERMOD = CD.VERMOD
	         WHERE  TL.PRCSCD = #{prcscd}  
	         	 <if test="vermod != null and vermod != '' ">
	                  AND TL.VERMOD = #{vermod}
	             </if>
	             <if test="stacid != null and stacid != '' ">
	                  AND TL.STACID = #{stacid}
	             </if>
	   </select>
	   <!-- 系统交易分析录入   -->
		<insert id="addTrtl" parameterType="java.util.HashMap">
		    INSERT INTO SYS_TRTL
		    (PRCSCD,SORTNO,TRANCD,VERMOD,PROJCD,MODULE,STACID,MAINTG,DESCTX,TAXSEP)
		    VALUES
		    (#{prcscd},(SELECT NVL(MAX(SORTNO)+1,1) FROM SYS_TRTL where prcscd=#{prcscd}),#{trancd},
		     #{vermod},#{projcd},#{module},#{stacid},#{maintg},#{desctx},#{taxsep})
		</insert>
		
		<insert id="insertTmapTran" parameterType="java.util.HashMap">
		    INSERT INTO SYS_TMAP_TRAN
		    (PRCSCD,SORTNO,DTTRCD,TRTLNO,PROFTP,
		    <if test="tcondcd != null and tcondcd != '' ">
		   	 CONDCD,
		    </if>
		    PROFID,FILDCD,VERMOD,PROJCD,MODULE,STACID)
		    VALUES(
		     #{prcscd},(SELECT NVL(MAX(SORTNO)+1,1) FROM SYS_TMAP_TRAN where prcscd = #{prcscd} and DTTRCD = #{dttrcd} and vermod = '0')
		    ,#{dttrcd},(SELECT SORTNO FROM SYS_TRTL where prcscd=#{prcscd} and trancd = #{dttrcd} and vermod = '0'),#{proftp},
		     <if test="tcondcd != null and tcondcd != '' ">
		   	 	#{tcondcd},
		     </if>
		    #{profid},#{fildcd},#{vermod},#{projcd},#{module},#{stacid})
		</insert>
	   <!-- 校验系统交易分析是否已存在 -->
		<select id="checkExistTrtl" parameterType="java.util.HashMap" resultType="java.util.HashMap">
			 <![CDATA[
			SELECT COUNT(*) AS CC FROM SYS_TRTL
			]]>
			<where>
				       PRCSCD = #{prcscd}
				   AND STACID = #{stacid}
				   AND PROJCD = #{projcd}
				   AND STACID = #{stacid}
				   AND vermod = #{vermod}
				   AND trancd = #{trancd}
			</where>
		</select>
		<select id="queryTmapTranByPrcscdlistPage" parameterType="java.util.HashMap" resultType="java.util.HashMap">
		    SELECT TT.DTTRCD AS "dttrcd",
		           TT.SORTNO AS "tsortno",
		           TT.TRTLNO AS "trtlno",
		           TT.CONDCD AS "tcondcd",
		           CD.CONDNA AS "tcondna",  
		           TT.PROFTP AS "proftp",
		           TT.PROFID AS "profid",
		           PR.PFTPNA AS "profna",   
		           TT.FILDCD AS "fildcd",
		           MD.BUSINA AS "fildna",
		           TT.MPCDIN AS "mpcdin",
		           TT.MPCDOT AS "mpcdot",
		           TT.NULFLG AS "nulflg",
		           MDE.BUSINA AS "profidna"
		     FROM  SYS_TMAP_TRAN TT  
		     	   LEFT JOIN SYS_PFTP PR ON TT.PROFTP = PR.PROFTP AND PR.VERMOD = TT.VERMOD 
		           LEFT JOIN SYS_COND CD ON TT.CONDCD = CD.CONDCD AND TT.VERMOD = CD.VERMOD
		           LEFT JOIN MODU_DICT_DETL MD ON TT.FILDCD = MD.VARICD AND TT.MODULE = MD.MODULE
		           LEFT JOIN MODU_DICT_DETL MDE ON TT.PROFID = MDE.VARICD AND TT.MODULE = MDE.MODULE
		     <where>
		                AND TT.PRCSCD = #{prcscd}
	                    AND TT.VERMOD = #{vermod}
	                    AND TT.stacid = #{stacid}
	                    <if test="proftp != null and proftp != ''">
							AND TT.proftp != #{proftp}
						</if>	
		     </where>
		     ORDER BY   TT.DTTRCD DESC,TT.SORTNO ASC
		</select>
	   <!-- 校验系统交易分析规则是否已存在 -->
		<select id="checkExistTmapTran" parameterType="java.util.HashMap" resultType="java.util.HashMap">
			SELECT COUNT(*) AS CC FROM SYS_TMAP_TRAN
			<where>
				   AND PRCSCD = #{prcscd}
				   AND DTTRCD = #{dttrcd}
				   AND vermod = #{vermod}
                   AND sortno = #{tsortno}
                   AND projcd = #{projcd}
                   AND stacid = #{stacid}
			</where>
		</select>
		<update id="updateTrtl" parameterType="java.util.HashMap">
		    UPDATE SYS_TRTL SET
	                VERMOD = vermod +1
	        WHERE   PRCSCD = #{prcscd} and stacid = #{stacid}
		</update>
		
		<update id="updateTran" parameterType="java.util.HashMap">
		    UPDATE SYS_TMAP_TRAN SET
	                VERMOD = vermod +1
	        WHERE   PRCSCD = #{prcscd}  and stacid = #{stacid}
		</update>
		
		<!-- 删除系统交易分析信息 -->
		<delete id="deleteTrtl" parameterType="java.util.HashMap">
				  DELETE FROM SYS_TRTL
			<where>
					AND PRCSCD =  #{prcscd}
					AND TRANCD =  #{trancd}
					AND PROJCD =  #{projcd}
	                AND STACID =  #{stacid}
			</where>
		</delete>
		<!-- 删除交易分析规则映射信息 -->
		<delete id="deleteTmapTran" parameterType="java.util.HashMap">
				  DELETE FROM SYS_TMAP_TRAN
			<where>
				  AND PRCSCD = #{prcscd}
			      AND dttrcd = #{trancd}
	              AND STACID = #{stacid}
	              AND PROJCD = #{projcd}
			</where>
		</delete>
		
		
		
<select id="getTrancds" parameterType="java.util.HashMap" resultType="java.util.HashMap">
		SELECT TRANCD AS "trancd",
		       TRANNA AS "tranna",
		       TRAMCD AS "tramcd",
		       INTFCD AS "intfcd",
		       PROPIF AS "propif",
		       RELAIF AS "relaif",
		       VERMOD AS "vermod",
		       ENNAME AS "enname",
		       TRPRCD AS "trprcd",
		       DESCTX AS "desctx",
		       MODULE AS "module",
		       PROJCD AS "projcd"
		FROM   SYS_TRCD  
		<where>
			<if test="module != null and module != ''">
				AND MODULE = #{module}
			</if>
			<if test="vermod != null and vermod != ''">
				AND VERMOD = #{vermod}
			</if>
		</where>
		ORDER BY TRANCD
		</select>
		
		
				
<select id="getFilnaMulit" parameterType="java.util.HashMap" resultType="string">
		SELECT BUSINA "busina" 	FROM   MODU_DICT_DETL  
		<where>
				    MODULE = #{module}
				AND varicd = #{fildcd}
		</where>
</select>	


<select id="queryUpdateTrcdDetl" parameterType="java.util.HashMap" resultType="String">
  SELECT varicd "varicd" FROM sys_trcd_detl a where a.varitp = '1'and trancd = #{trancd}
  and a.varicd not in(
  select profid from sys_tmap_tran b where b.prcscd = #{prcscd} and b.dttrcd = #{trancd} and vermod = '0'
   )

</select>


<select id="getPmapBytrancd" parameterType="String" resultType="java.util.HashMap">
	select stacid "stacid",tmpltp "tmpltp",tmplid "tmplid",module "module", projcd "projcd" from sys_pmap where trancd = #{_parameter} and vermod = '0'
</select>


	<insert id="insetTmapByPmap" parameterType="java.util.HashMap">
	     INSERT INTO SYS_TMAP
	     (TMPLTP,TMPLID,SORTNO,PROFTP,PROFID,vermod,MODULE,PROJCD
	     <if test="condcd != null and condcd != ''">
	     	,CONDCD
	     </if>)
	   	    VALUES
	     (#{tmpltp},#{tmplid},(select max(SORTNO)+1 from sys_tmap where tmpltp=#{tmpltp} and tmplid=#{tmplid}),
	      #{proftp},#{profid},#{vermod},#{module},#{projcd}
	      <if test="condcd != null and condcd != ''">
	     ,#{condcd}
	      </if>
	     )
	</insert>
  
  <update id="updateTmapByPmap" parameterType="java.util.HashMap">
     update SYS_TMAP set vermod = vermod +1 where  tmpltp=#{tmpltp} and tmplid=#{tmplid}  and  proftp = #{proftp}
  </update>

  <delete id="deleteTmap" parameterType="java.util.HashMap">
    DELETE FROM sys_tmap where tmpltp = (SELECT distinct tmpltp FROM sys_pmap where trancd = #{trancd} and vermod = '0' )
    and tmplid in (SELECT distinct tmplid FROM sys_pmap where  trancd = #{trancd} and vermod = '0' ) and proftp = #{proftp}
  </delete>
  
  
   <update id="updateTmap" parameterType="java.util.HashMap">
     update SYS_TMAP set vermod = vermod +1 where tmpltp = (SELECT distinct tmpltp FROM sys_pmap where trancd = #{trancd} and vermod = '0' and stacid = #{stacid})
    and tmplid in (SELECT distinct tmplid FROM sys_pmap where  trancd = #{trancd} and vermod = '0' and stacid = #{stacid}) and proftp = #{proftp}
  </update>
  
  <select id="checkPrcscd" parameterType="java.util.HashMap" resultType="java.util.HashMap">
  		select * from sys_trtl where prcscd = #{prcscd} and vermod = '0'
  </select>
  
</mapper>


