<?xml version="1.0" encoding="UTF-8"?>
<!DOCTYPE mapper PUBLIC "-//mybatis.org//DTD Mapper 3.0//EN" "http://mybatis.org/dtd/mybatis-3-mapper.dtd">
<mapper namespace="com.sunline.sunfe.mybatis.type">
	<!--查询产品类别列表 -->
	<select id="queryTypelistPage" parameterType="java.util.HashMap"
		resultType="java.util.HashMap">
		SELECT TYPECD AS "typecd",
		       PATYPE AS "patype",
		       DETLTG AS "detltg",
		       TYPENA AS "typena",
		       SYSTID AS "systid",
		       USEDTG AS "usedtg",
		       SEQSTR AS "seqstr",
		       DESCTX AS "desctx",
		       PRODCD AS "prodcd",
		       PRODNA AS "prodna",
		       PRTP01 AS "prtp01",
		       PRTP02 AS "prtp02",
		       PRTP03 AS "prtp03",
		       PRTP04 AS "prtp04",
		       PRTP05 AS "prtp05"
		FROM SYS_TYPE 
		<where>
			<if test="typena != null and typena != ''">
				AND TYPENA LIKE '%'||#{typena}||'%'
			</if>
			<if test="typecd != null and typecd != ''">
				AND TYPECD LIKE '%'||#{typecd}||'%'
			</if>
			<if test="usedtg != null and usedtg != ''">
				AND USEDTG = #{usedtg}
			</if>
		</where>
	</select>
	<!-- 查找带回 查询产品类别列表 -->
	<select id="queryTypeSearchlistPage" parameterType="java.util.HashMap"
		resultType="java.util.HashMap">
		SELECT TYPECD AS "typecd",
		       PATYPE AS "patype",
		       DETLTG AS "detltg",
		       TYPENA AS "typena",
		       SYSTID AS "systid",
		       USEDTG AS "usedtg",
		       SEQSTR AS "seqstr",
		       DESCTX AS "desctx",
		       PRODCD AS "prodcd",
		       PRODNA AS "prodna",
		       PRTP01 AS "prtp01",
		       PRTP02 AS "prtp02",
		       PRTP03 AS "prtp03",
		       PRTP04 AS "prtp04",
		       PRTP05 AS "prtp05"
		FROM SYS_TYPE TY
		<where>
		        TY.DETLTG NOT IN (1) 
			<if test="typena != null and typena != ''">
				AND TYPENA LIKE '%'||#{typena}||'%'
			</if>
			<if test="typecd != null and typecd != ''">
				AND TYPECD LIKE '%'||#{typecd}||'%'
			</if>
			<if test="systid != null and systid != ''">
				AND SYSTID = #{systid}
			</if>
		</where>
	</select>
	<!-- 根据类别代码查询产品类别详情 -->
	<select id="queryTypeInfo" parameterType="java.util.HashMap"
		resultType="java.util.HashMap">
		SELECT 
			 T1.TYPECD AS "typecd", 
			 T1.PATYPE AS "patype", 
			 T1.DETLTG AS "detltg", 
			 T1.TYPENA AS "typena", 
			 T2.TYPENA AS "patpna", 
			 T1.SYSTID AS "systid", 
			 T1.USEDTG AS "usedtg", 
			 T1.SEQSTR AS "seqstr", 
			 T1.DESCTX AS "desctx", 
			 PR.PRODCD AS "prodcd", 
			 PR.PRODNA AS "prodna", 
			 T1.PRTP01 AS "prtp01", 
			 <if test="prtp01 != null and prtp01 != ''">
			   D1.DESCTX AS "desctx1",
		     </if>
			 T1.PRTP02 AS "prtp02", 
			 <if test="prtp02 != null and prtp02 != ''">
			   D2.DESCTX AS "desctx2",
		     </if>
			 T1.PRTP03 AS "prtp03", 
			 <if test="prtp03 != null and prtp03 != ''">
			   D3.DESCTX AS "desctx3",
		     </if>
			 T1.PRTP04 AS "prtp04", 
			  <if test="prtp04 != null and prtp04 != ''">
			   D4.DESCTX AS "desctx4",
		     </if>
			 T1.PRTP05 AS "prtp05" 
			 <if test="prtp05 != null and prtp05 != ''">
			   ,D5.DESCTX AS "desctx5"
		     </if>
		FROM SYS_TYPE T1 LEFT JOIN SYS_TYPE T2 ON T1.PATYPE = T2.TYPECD
		     LEFT JOIN SYS_PROD PR ON T1.PRODCD = PR.PRODCD  AND PR.VERMOD = '0'
		     <if test="prtp01 != null and prtp01 != ''">
			   LEFT JOIN SYS_PRTP_DETL D1 ON T1.PRTP01 = D1.PROPCD
		     </if>
		     <if test="prtp02 != null and prtp02 != ''">
			   LEFT JOIN SYS_PRTP_DETL D2 ON T1.PRTP02 = D2.PROPCD
		     </if>
		     <if test="prtp03 != null and prtp03 != ''">
			   LEFT JOIN SYS_PRTP_DETL D3 ON T1.PRTP03 = D3.PROPCD
		     </if>
		     <if test="prtp04 != null and prtp04 != ''">
			   LEFT JOIN SYS_PRTP_DETL D4 ON T1.PRTP04 = D4.PROPCD
		     </if>
		     <if test="prtp05 != null and prtp05 != ''">
			   LEFT JOIN SYS_PRTP_DETL D5 ON T1.PRTP05 = D5.PROPCD
		     </if>
		WHERE  T1.TYPECD = #{typecd} 
	</select>
	<insert id="addType" parameterType="java.util.HashMap">
	   INSERT INTO SYS_TYPE 
       (TYPECD,PATYPE,DETLTG,TYPENA,SYSTID,USEDTG,DESCTX,PRODCD,PRODNA,PRTP01,PRTP02,PRTP03,PRTP04,PRTP05)   
       VALUES
       (#{typecd},#{patype},#{detltg},#{typena},#{systid},#{usedtg},#{desctx},#{prodcd},#{prodna},#{prtp01},#{prtp02},#{prtp03},#{prtp04},#{prtp05})
	</insert>
	<!-- 校验产品类别代码是否已存在 -->
	<select id="checkExistType" parameterType="java.util.HashMap" resultType="java.util.HashMap">
		 <![CDATA[
		SELECT COUNT(*) AS CC FROM SYS_TYPE
		]]>
		<where>
		   <if test="typecd != null and typecd != ''">
			   AND TYPECD = #{typecd}
		   </if>
		</where>
	</select>
	<!-- 修改产品类别信息 -->
	<update id="updateType" parameterType="java.util.HashMap">
	    UPDATE SYS_TYPE SET
	           TYPECD = #{typecd },
		       PATYPE = #{patype },
		       DETLTG = #{detltg },
		       TYPENA = #{typena },
		       SYSTID = #{systid },
		       USEDTG = #{usedtg },
		       DESCTX = #{desctx },
		       PRODCD = #{prodcd },
		       PRODNA = #{prodna },
		       PRTP01 = #{prtp01 },
		       PRTP02 = #{prtp02 },
		       PRTP03 = #{prtp03 },
		       PRTP04 = #{prtp04 },
		       PRTP05 = #{prtp05 }
		WHERE  TYPECD = #{typecd }       
	</update>
	<!-- 删除产品类别信息 -->
	<delete id="deleteType" parameterType="java.util.HashMap">
     	   <![CDATA[
			  DELETE FROM SYS_TYPE
		]]>
		<where>
			<if test="typecdList!=null and typecdList.size()>0">
				AND TYPECD IN
				<foreach collection="typecdList" item="typecd" open="("
					close=")" separator=",">
					#{typecd }
				</foreach>
			</if>
		</where>
	</delete>
</mapper>


