<?xml version="1.0" encoding="UTF-8"?>
<!DOCTYPE mapper PUBLIC "-//mybatis.org//DTD Mapper 3.0//EN" "http://mybatis.org/dtd/mybatis-3-mapper.dtd">
<mapper namespace="com.sunline.sunfe.mybatis.userlogin">
<select id="queryValidDate" parameterType="java.util.HashMap"
		resultType="String">
		SELECT t.VALID_DATE AS "validDate" from XXT_AE_LOGIN_B t 
         <where>
	             <if test="ssouserid != null and ssouserid != '' ">
	              upper(t.USER_NAME)=#{ssouserid}
	             </if>
	             <if test="tokenid != null and tokenid != '' "> 
	             and t.TOKEN_ID=#{tokenid}
	             </if> 
		</where>
		</select>
		<select id="queryStacListByUserCode" parameterType="java.util.HashMap" 
		resultType="java.util.HashMap">
		select distinct ts.priv_code FROM sys_priv_asgn ts where
		ts.priv_asgn in (SELECT tr.roleid FROM  pcmc_user_role tr where tr.userid in
		(SELECT tu.userid  FROM pcmc_user tu where tu.usercode =#{ssouserid,jdbcType=VARCHAR} and tu.corpcode = 'DEFAULT')) and ts.priv_type='stac'
		</select>
		<select id="queryStacNaByStacid" parameterType="java.util.HashMap"
		resultType="String">
		select t.STACNA FROM COM_STAC t where t.STACID=#{stacid}
		</select>
		<select id="queryStacInfoByStacid" parameterType="java.util.HashMap"
		resultType="java.util.HashMap">
		select t.* FROM COM_STAC t where t.STACID=#{ledger_id}
		</select>
		<select id="querySysDate" parameterType="java.util.HashMap"
		resultType="String">
		 <![CDATA[SELECT to_char(sysdate,'yyyy-mm-dd hh24:mi:ss') AS "sysdt"  from dual]]>
		</select>
</mapper>