<?xml version="1.0" encoding="UTF-8"?>
<!DOCTYPE mapper PUBLIC "-//mybatis.org//DTD Mapper 3.0//EN" "http://mybatis.org/dtd/mybatis-3-mapper.dtd">
<mapper namespace="com.sunline.sunfe.mybatis.vchriomp">
	<!-- 分页查询 -->
	<select id="vchriomplistPage" parameterType="java.util.HashMap"  resultType="java.util.HashMap">
		select 
		module "module",
		tovacd "tovacd",
		tovana "tovana",
		ordeid "ordeid",
		varitp "varitp",
		fmvacd "fmvacd",
		fmvana "fmvana",
		desctx "desctx",
		stacid "stacid"
		from vchr_iomp_detl
		<where>
			1=1
			<if test="module != null and module != '' ">
				and module=#{module}
			</if>
			<if test="tovana != null and tovana != '' ">
				and tovana like '%'||#{tovana}||'%'
			</if>
			<if test="fmvana != null and fmvana != '' ">
				and fmvana like '%'||#{fmvana}||'%'
			</if>
		</where>
		order by module,varitp
	</select>
	<select id="getVchrIompDetl" parameterType="java.util.HashMap"  resultType="java.util.HashMap">
		select 
		module "module",
		tovacd "tovacd",
		tovana "tovana",
		ordeid "ordeid",
		varitp "varitp",
		fmvacd "fmvacd",
		fmvana "fmvana",
		desctx "desctx"
		from vchr_iomp_detl
		<where>
			1=1
			<if test="module != null and module != '' ">
				and module=#{module}
			</if>
			<if test="tovacd != null and tovacd != '' ">
				and tovacd like #{tovacd}
			</if>
			<if test="fmvacd != null and fmvacd != '' ">
				and fmvacd like #{fmvacd}
			</if>
			and stacid = #{stacid}
		</where>
		order by varitp,ordeid
	</select>
	
	<!-- 查询单个-->
	<select id="getVchrIomp" parameterType="java.util.HashMap"  resultType="java.util.HashMap">
		select a.* from (select 
    	rownum rn,
		module "module",
		tovacd "tovacd",
		tovana "tovana",
		ordeid "ordeid",
		varitp "varitp",
		fmvacd "fmvacd",
		fmvana "fmvana",
		desctx "desctx"
		from vchr_iomp_detl
		<where>
			1=1
			<if test="module != null and module != '' ">
				and module=#{module}
			</if>
			<if test="tovacd != null and tovacd != '' ">
				and tovacd =#{tovacd}
			</if>
			<if test="varitp != null and varitp != '' ">
				and varitp = #{varitp}
			</if>
			and stacid = #{stacid}
		</where>
		)a
	 	where a.rn <![CDATA[ <= ]]>10
		order by a."ordeid"
	</select>
	
	
	
	<!-- 查询主表 -->
	<select id="vchriomp" parameterType="java.util.HashMap"  resultType="java.util.HashMap">
		select 
		module "module",
		desctx "desctx"
		from vchr_iomp
		<where>
				module=#{module}
				and stacid = #{stacid}
		</where>
	</select>
	
	
	
	<!-- 条件删除 -->
	<delete id="delVchrIompDetl" parameterType="java.util.HashMap">
		delete from vchr_iomp_detl
		<where>
				module=#{module}
			<if test="tovacd != null and tovacd != '' ">
				and tovacd =#{tovacd}
			</if>
			<if test="varitp != null and varitp != '' ">
				and varitp = #{varitp}
			</if>
			and stacid = #{stacid}
				
		</where>
	</delete>
	
	<!-- 添加 -->
	<insert id="insertVchrIompDetl" parameterType="java.util.HashMap">
		insert into vchr_iomp_detl (MODULE, TOVACD, TOVANA, ORDEID, VARITP, FMVACD, FMVANA, DESCTX,STACID)
		values (#{module},#{tovacd},#{tovana}, #{ordeid}, #{varitp}, #{fmvacd}, #{fmvana}, #{desctx},#{stacid})
	</insert>
	
	<!-- 判断是否有和固定区域重复的数据 -->
	<select id="checkVchrIompDetl" parameterType="java.util.HashMap"  resultType="java.util.HashMap">
		select * from vchr_iomp_detl 
		where tovacd=#{tovacd}
		and module=#{module}
		and stacid=#{stacid}
	</select>
	
	
	<update id="updateVchrIompDetl" parameterType="java.util.HashMap">
		update vchr_iomp_detl
		set fmvacd = #{fmvacd},
			fmvana = #{fmvana},
			desctx = #{desctx}
			where
			module=#{module}
			and tovacd =#{tovacd}
	</update>
	
	
	<update id="updateDesctx" parameterType="java.util.HashMap">
		update vchr_iomp
		set desctx = #{module_desctx}
			where
			module=#{module}
			and stacid = #{stacid}
	</update>
	<update id="insert" parameterType="java.util.HashMap">
		insert into vchr_iomp(MODULE,desctx,stacid)
		values(#{module},#{module_desctx},#{stacid})
	</update>
	
	<!-- 查询全部 -->
	<select id="getVchrTmpl" parameterType="java.util.HashMap"  resultType="java.util.HashMap">
	SELECT   a.varicd "varicd", 
             a.varitp "varitp",
             a.ordeid "ordeid", 
             a.busina "busina",
             a.desctx "desctx",
             a.stacid "stacid",
             '1'      "status",
             a.varicd "acexcd"
             FROM vchr_tmpl a 
             <where>
                    a.stacid = #{stacid}
			</where>    
	union all
	SELECT  b.assimp "varicd",
	        '2'      "varitp",
		    b.ordeid "ordeid",
		    b.acexna "busina",
		    b.acexna "desctx",
		    b.stacid "stacid",
		    b.valide "status",
		    b.acexcd "acexcd"
		    FROM com_itex b
		    <where>
                        b.stacid = #{stacid}
                 and    b.valide =  '1'
			</where>    
    order by "varitp" asc , "ordeid" asc
    
	</select>
	
	
	<!-- 查询全部 -->
	<select id="getVchrTmpl1" parameterType="java.util.HashMap"  resultType="java.util.HashMap">
			select 
			varicd "varicd",
			ordeid "ordeid",
			varitp "varitp",
			busina "busina",
			desctx "desctx"
			from vchr_tmpl
			where varitp='2' 
			and stacid = #{stacid} 
	</select>
</mapper>