<?xml version="1.0" encoding="UTF-8"?>
<!DOCTYPE mapper PUBLIC "-//mybatis.org//DTD Mapper 3.0//EN" "http://mybatis.org/dtd/mybatis-3-mapper.dtd">
<mapper namespace="com.sunline.sunfe.mybatis.vchrtmpl">
	<!-- 分页查询 --> 
	<select id="vchrtmpllistPage" parameterType="java.util.HashMap"  resultType="java.util.HashMap">
 SELECT      a.varicd "varicd", 
             a.varitp "varitp",
             a.ordeid "ordeid", 
             a.busina "busina",
             a.detner "detner",
             a.desctx "desctx",
             a.stacid "stacid",
             '1'      "status",
             a.varicd "acexcd"
             FROM vchr_tmpl a 
             <where>
                 a.stacid = #{stacid}
				<if test="varicd != null and varicd != '' ">
					and a.varicd LIKE '%'||#{varicd}||'%'
				</if>
				<if test="desctx != null and desctx != '' ">
					and a.desctx LIKE '%'||#{desctx}||'%'
				</if>
				<if test="busina != null and busina != '' ">
					and a.busina LIKE '%'||#{busina}||'%'
				</if>
				<if test="varitp != null and varitp != '' ">
					and a.varitp=#{varitp}
				</if>
				<if test="tmplna != null and tmplna != '' ">
					and (a.busina LIKE '%'||#{tmplna}||'%' or a.varicd LIKE '%'||#{tmplna}||'%')
				</if>
			</where>    
	union all
	SELECT  b.assimp "varicd",
	        '2'      "varitp",
		    b.ordeid "ordeid",
		    b.acexna "busina",
		    b.desctx "desctx",
		    b.desctx "detner",
		    b.stacid "stacid",
		    b.valide "status",
		    b.acexcd "acexcd"
		    FROM com_itex b
		   <where>
                    b.stacid = #{stacid}
				<if test="varicd != null and varicd != '' ">
					and b.assimp LIKE '%'||#{varicd}||'%'
				</if>
				<if test="busina != null and busina != '' ">
					and b.acexna LIKE '%'||#{busina}||'%'
				</if>
				<if test="tmplna != null and tmplna != '' ">
					and (b.acexna LIKE '%'||#{tmplna}||'%' or a.assimp LIKE '%'||#{tmplna}||'%')
				</if>
				<if test="valide != null and valide != '' ">
					and b.valide = #{valide}
				</if>
			</where>    
    order by "varitp" asc , "ordeid" asc
	</select>
	
	<!-- 查询全部 -->
	<select id="getVchrTmpl" parameterType="java.util.HashMap"  resultType="java.util.HashMap">
		select 
		varicd "varicd",
		ordeid "ordeid",
		varitp "varitp",
		busina "busina",
		desctx "desctx",
		detner "detner"
		from vchr_tmpl
		<where>
			<if test="varicd != null and varicd != '' ">
				varicd=#{varicd}
			</if>
			and stacid = #{stacid}
		</where>
	</select>
	
	<!-- 条件删除 -->
	<delete id="delVchrTmpl" parameterType="java.util.HashMap">
		delete from vchr_tmpl
		<where>
				varicd=#{varicd}
				and varitp = '2'
			    and stacid =#{stacid}
		</where>
	</delete>
	
	
	<!-- 全部删除 -->
	<delete id="deleteVchrTmpl" parameterType="java.util.HashMap">
		delete from vchr_tmpl
		<where>
			varitp = '2'
			and stacid =#{stacid}
		</where>
	
	
	</delete>
	
	
	<!-- 添加 -->
	<insert id="insertVchrTmpl"  parameterType="java.util.HashMap">
		insert into vchr_tmpl (varicd,ordeid,varitp,busina,desctx,stacid) 
		values (#{varicd},#{ordeid},#{varitp},#{busina},#{desctx},#{stacid})
	</insert>
	
	
	<select id="checkVchrTmpl" parameterType="java.util.HashMap"  resultType="java.util.HashMap">
		select * from vchr_tmpl 
		where varicd=#{varicd}
				and varitp = '1'
				and stacid = #{stacid}
	</select>
	
	<update id="updateVchrTmplDetl"  parameterType="java.util.HashMap"  >
		update vchr_tmpl
		set 
			desctx = #{desctx},
			busina = #{busina}
			where
			varicd=#{varicd}
			and stacid = #{stacid}
	</update>
	
	
	<!-- 判断是否已使用-->
	<select id="checkmodu" parameterType="java.util.HashMap"  resultType="java.util.HashMap">
		select * from vchr_iomp_detl 
		where 
					1=1
			<if test="varicd != null and varicd != '' ">
				and tovacd =#{varicd}
			</if>
			    and stacid = #{stacid}
			    and fmvacd is not null
	</select>
	<select id="getIompList" parameterType="java.util.HashMap" resultType="java.util.HashMap">
		select tovacd "varicd",
		tovana "varina"
		from vchr_iomp_detl
		where stacid = #{stacid}
		
	</select>
	
	<select id="getTmplList" parameterType="java.util.HashMap" resultType="java.util.HashMap">
		select varicd "varicd"
		from vchr_tmpl
		where
				varitp=#{varitp}
			 and stacid = #{stacid}
	</select>
	
	<!-- 判断是否已使用 gla_vchr gla_vchr_h-->
	<select id="checktmplvhcr" parameterType="java.util.HashMap"  resultType="java.util.HashMap">
		select count(*) "count" from gla_vchr  
		where 
		   <![CDATA[
			 ${varicd} <> #{param}
			  ]]>
			and stacid = #{stacid}
	</select>
	<select id="checktmplvhcrh" parameterType="java.util.HashMap"  resultType="java.util.HashMap">
		select count(*) "count" from gla_vchr_h 
		where 
		<![CDATA[
			  ${varicd} <> #{param}
		 ]]>
			and stacid = #{stacid}
	</select>
	<!-- 删除tmpl同时删除Iomp-->
	<delete id="delVchrIomp" parameterType="java.util.HashMap">
		delete from vchr_iomp_detl
		<where>
			tovacd = #{varicd}
			and stacid = #{stacid}
		</where>
	</delete>
	
	<!-- 删除tmpl同时删除sys_iomp-->
	<delete id="delSysIomp" parameterType="java.util.HashMap">
		delete from sys_iomp
		<where>
			ftokey = #{varicd}
		</where>
	</delete>
	
	
	<update id="updateComItex" parameterType="java.util.HashMap" >
	    update com_itex c  set c.acexcd = #{acexcd},
	    					   c.acexna = #{acexna},
	    					   c.desctx = #{desctx},
							   c.valide = #{valide}
						 where c.stacid = #{stacid} 
						   and c.assimp = #{assimp}
	</update>
	
   <update id="UpdateComItexOrdeid" parameterType="java.util.HashMap" >
	    update com_itex c  set c.ordeid = #{ordeid_new}
						 where c.stacid = #{stacid} 
						   and c.assimp = #{varicd}
	</update>
	<update id="UpdateComItexOrdeidByordeid" parameterType="java.util.HashMap" >
	    update com_itex c  set c.ordeid = #{ordeid}
						 where c.stacid = #{stacid} 
						   and c.ordeid = #{ordeid_new}
	</update>
	<update id="updateVchrTmplDetner" parameterType="java.util.HashMap" >
	    update vchr_tmpl c  set c.detner = #{detner}
						 where  c.stacid = #{stacid} 
						   and  c.varicd = #{varicd}
						   and  c.varitp = #{varitp}
	</update>
	
	
</mapper>