<?xml version="1.0" encoding="UTF-8"?>
<!DOCTYPE mapper PUBLIC "-//mybatis.org//DTD Mapper 3.0//EN" "http://mybatis.org/dtd/mybatis-3-mapper.dtd">
<mapper namespace="com.sunline.sunfe.mybatis.visualhandler">
<select id="getSuccessGlibalg" parameterType="java.util.HashMap" resultType="Integer">
	<if test="dataCount==0">
	select t.datanm as "datanm" from gli_balg t where t.imstau=1
	</if>
	<if test="dataCount==1">
	select t.datanm as "datanm" from gli_balg t where t.prstau=1
	</if>
	<if test="dataCount==2">
	select t.pasunm as "datanm" from gli_balg t where t.pastau=1 or t.pastau=2
	</if>
	<if test="dataCount==3">
	select t.ensunm as "datanm" from gli_balg t where t.enstau=1 or t.enstau=2
	</if>
</select>
<select id="getErrGlibalg" parameterType="java.util.HashMap" resultType="Integer">
	<if test="errData==0">
	select t.datanm as "datanm" from gli_balg t where t.imstau=2
	</if>
	<if test="errData==1">
	select t.datanm as "datanm" from gli_balg t where t.prstau=2
	</if>
	<if test="errData==2">
	select t.pafanm as "datanm" from gli_balg t where t.pastau=2
	</if>
	<if test="errData==3">
	select t.enfanm as "datanm" from gli_balg t where t.enstau=2
	</if>
</select>

<select id="getXStepName" parameterType="java.util.HashMap" resultType="java.util.HashMap">
select t.edstep as "edstep",t.remark as "remark" from com_edct t where t.stacid=#{stacid} and  t.status=1 order by t.edstep asc
</select>


<select id="getStepInfo" parameterType="java.util.HashMap" resultType="java.util.HashMap">
select t.edstep as "edstep",
td.remark as "remark",
nvl(t.status,0) as "status",
t.overdt as "overdt",
nvl(t.durati,0) as "durati",
t.erortx as "erortx"
 from com_edct td left join com_dayendlg t
 on td.stacid=t.stacid and td.edstep=t.edstep
  and td.edcttp=t.edcttp where td.stacid=#{stacid} and td.status=1 and  t.bsnsdt=#{batcdt}
   order by td.edstep asc,t.overdt asc
</select>

<!-- 查询导入数据的条数 -->
<select id="queryForImpSuc" parameterType="java.util.HashMap" resultType="Integer">
select count(*) from gli_dtlg t where t.stacid=#{stacid} and t.imstau=1 and t.bathid in (select tb.bathid from gli_balg tb where tb.stacid=#{stacid} and tb.batcdt=#{batcdt})  
</select>
<select id="queryForImpErr" parameterType="java.util.HashMap" resultType="Integer">
select count(*) from gli_dtlg t where t.stacid=#{stacid} and t.imstau=2 and t.bathid in (select tb.bathid from gli_balg tb where tb.stacid=#{stacid} and tb.batcdt=#{batcdt})
</select>

<!-- 查询数据加工成功的条数 -->
<select id="queryForPrsSuc" parameterType="java.util.HashMap" resultType="Integer">
select nvl(sum(t.datanm),0) from gli_balg t where t.stacid=#{stacid} and t.prstau=1 and t.batcdt=#{batcdt}
</select>
<!-- 数据加工失败条数gli_balg prstau=2 -->
<select id="queryForPrsErr" parameterType="java.util.HashMap" resultType="Integer">
select nvl(sum(t.datanm),0) from gli_balg t where t.stacid=#{stacid} and t.prstau=2 and t.batcdt=#{batcdt}
</select>
<!-- 查询数据批量解析成功的条数 -->
<select id="queryForPasSuc" parameterType="java.util.HashMap" resultType="Integer">
select count(*) from loan_busi t where t.stacid=#{stacid} and t.trandt=#{batcdt} and t.status=1
</select>
<!-- 查询数据批量解析失败的条数 -->
<select id="queryForPasErr" parameterType="java.util.HashMap" resultType="Integer">
select count(*) from loan_busi t where t.trandt=#{batcdt} and t.status=2
</select>

<!-- 查询 数据批量入账成功的条数-->
<select id="queryForEnsSuc" parameterType="java.util.HashMap" resultType="Integer">
select count(*) from gla_vchr t where t.stacid=#{stacid} and t.trandt=#{batcdt} and t.transt=1
</select>
<!-- 查询 数据批量入账失败的条数-->
<select id="queryForEnsErr" parameterType="java.util.HashMap" resultType="Integer">
select count(*) from gla_vchr t where t.stacid=#{stacid} and t.trandt=#{batcdt} and t.transt=2
</select>

<!-- 查询实时交易流水解析成功的条数 -->
<select id="queryForIntPasSuc" parameterType="java.util.HashMap" resultType="Integer">
select count(*) from gli_mslg t where t.respms=#{respms} and t.mstype=1 and t.stacid=#{stacid}
<![CDATA[and t.recedt >=to_timestamp(#{batcdtStart}, 'yyyymmdd hh24:mi:ss')]]>
 <![CDATA[ and t.recedt <=to_timestamp(#{batcdtEnd}, 'yyyymmdd hh24:mi:ss')]]> 
</select>
<!-- 查询实时交易流水解析失败的条数 -->
<select id="queryForIntPasErr" parameterType="java.util.HashMap" resultType="Integer">
select count(*) from gli_mslg t where t.respms &lt;&gt; #{respms} and t.mstype=1 and t.stacid=#{stacid}
<![CDATA[and t.recedt >=to_timestamp(#{batcdtStart}, 'yyyymmdd hh24:mi:ss')]]>
 <![CDATA[ and t.recedt <=to_timestamp(#{batcdtEnd}, 'yyyymmdd hh24:mi:ss')]]> 
</select>

<!-- 查询实时传票流水解析成功的条数 -->
<select id="queryForIntVchrSuc" parameterType="java.util.HashMap" resultType="Integer">
select count(*) from gli_mslg t where t.respms=#{respms} and t.mstype=2 and t.stacid=#{stacid}
<![CDATA[and t.recedt >=to_timestamp(#{batcdtStart}, 'yyyymmdd hh24:mi:ss.ff')]]>
 <![CDATA[ and t.recedt <=to_timestamp(#{batcdtEnd}, 'yyyymmdd hh24:mi:ss.ff')]]> 
</select>
<!-- 查询实时传票流水解析失败的条数 -->
<select id="queryForIntVchrErr" parameterType="java.util.HashMap" resultType="Integer">
select count(*) from gli_mslg t where t.respms &lt;&gt; #{respms} and t.mstype=2 and t.stacid=#{stacid}
<![CDATA[and t.recedt >=to_timestamp(#{batcdtStart}, 'yyyymmdd hh24:mi:ss.ff')]]>
 <![CDATA[ and t.recedt <=to_timestamp(#{batcdtEnd}, 'yyyymmdd hh24:mi:ss.ff')]]> 
</select>

<!-- 查询日终批量 -->
<select id="queryForDayEndSuc" parameterType="java.util.HashMap" resultType="Integer">
select count(*) from com_dayendlg t where t.stacid=#{stacid} and t.bsnsdt=#{batcdt} and t.status=1 
</select>
<select id="queryForDayEndErr" parameterType="java.util.HashMap" resultType="Integer">
select count(*) from com_dayendlg t where t.stacid=#{stacid} and t.bsnsdt=#{batcdt} and t.status=2 
</select>

<!-- 查询各个类型操作的tps性能 -->
<select id="queryForTpsData" parameterType="java.util.HashMap" resultType="java.util.HashMap">
select to_char(t.trancu,'HH24:mi') as "trancu",t.trannm  from com_daybusi_tps t where t.stacid=#{stacid} and t.trandt=#{trandt} and t.trantp=#{tranType}
<![CDATA[and t.tranla>=#{dStart} and t.trancu<=#{dEnd}]]> order by t.trancu asc
</select>

</mapper>