<?xml version="1.0"?>
<project name="SBP-VCHR" default="do-all" basedir=".">
	<property name="release.dir" value="${basedir}/../release/sunfe_vchrer" />
	
	<path id="SBP.classpath">
		<fileset dir="${basedir}/lib">
			<include name="**/*.jar"/>
		</fileset>
	</path>
	
	<target name="do-all" depends="compile-java,copy-mapper,create-jar,copy-conf,copy-lib">
	</target>
	
	<target name="init" depends="clean">
		<mkdir dir="${basedir}/build/classes"/>
	</target>
	
	<target name="clean">
		<delete dir="${basedir}/build"></delete>
	</target>
	
	<target name="copy-mapper" depends="init">
		<copy todir="${basedir}/build/classes" filtering="true">
				<fileset dir="${basedir}/src">
					<include name="mapper/*.xml" />
					<include name="META-INF/spring/*.xml" />
				</fileset>
			</copy>
	</target>
	
	<target name="compile-java" depends="init">
		<javac srcdir="src" destdir="${basedir}/build/classes" source="1.6" target="1.6" deprecation="true" debug="on" includeantruntime="false">
			<compilerarg line="-encoding GBK"/>
			<classpath refid="SBP.classpath" />
		</javac>
	</target>
	
	<target name="create-jar">
		<jar jarfile="${release.dir}/lib/sunfe-vchrer.jar">
			<fileset dir="${basedir}/build/classes">
				<exclude name="bpApplicationContext-service.xml"/>
				<exclude name="**/*/ApplicationContext-action.xml"/>
				<exclude name="**/*/ApplicationContext-service.xml"/>
				<exclude name="**/*/ApplicationContext-bean.xml"/>
			</fileset>
		</jar>
	</target>
	
	<target name="copy-conf">
		<copy todir="${release.dir}/conf" filtering="true">
			<fileset dir="${basedir}/src">
				<include name="ApplicationContext.xml"/>
				<include name="mybatis-config.xml"/>
				<include name="mybatis-config-vchr.xml"/>
				<include name="META-INF/spring/ApplicationContext-action.xml"/>
				<include name="META-INF/spring/ApplicationContext-bean.xml"/>
			</fileset>
		</copy>
	</target>
	
	<target name="copy-classes">
		<copy todir="${release.dir}/conf" filtering="true">
			<fileset dir="${basedir}/build/classes">
			</fileset>
		</copy>
	</target>
	
	<target name="copy-lib">
		<copy todir="${release.dir}/lib" filtering="false" flatten="true">
			<fileset dir="${basedir}/lib" includes="*.jar">
				<include name="dubbo/*.jar" />
				<include name="metamorphosis/*.jar" />
			</fileset>
		</copy>
	</target>
</project>