<?xml version="1.0" encoding="UTF-8"?>
<!DOCTYPE commonfield [<!ENTITY common_request_field SYSTEM "common_request.entity"> <!ENTITY common_response_field SYSTEM "common_response.entity">]>
<packet prcscd="00000121" autoDealClass="com.sunline.sunfe.message.GlisLedgerCheckHandler">
	<Request>
		&common_request_field;
		<Field name="stacid" title="" cnvtna="/transaction/body/request/stacid" type="String" maxlen="30"/>
		<Field name="acctdt" title="" cnvtna="/transaction/body/request/acctdt" type="String" maxlen="16"/>
		<Field name="systid" title="" cnvtna="/transaction/body/request/systid" type="String" maxlen="16"/>
		<Field name="status" title="" cnvtna="/transaction/body/request/status" type="String" maxlen="16"/>
		<Field name="itemcd" title="" cnvtna="/transaction/body/request/itemcd" type="String" maxlen="16"/>
		<Field name="brchcd" title="" cnvtna="/transaction/body/request/brchcd" type="String" maxlen="16"/>
	</Request>
	<Response>
		<Field name="queryForGlisLedger" title="" cnvtna="/transaction/body/response/queryForGlisLedger" type="String"  multi="">
 <Record>
		<Field name="stacid" title="" cnvtna="stacid" type="String" maxlen="255" defaultval=""/>
		<Field name="acctdt" title="" cnvtna="acctdt" type="String" maxlen="255" defaultval=""/>
		<Field name="brchcd" title="" cnvtna="brchcd" type="String" maxlen="255" defaultval=""/>
		<Field name="itemcd" title="" cnvtna="itemcd" type="String" maxlen="255" defaultval=""/>
		<Field name="systid" title="" cnvtna="systid" type="String" maxlen="255" defaultval=""/>
		<Field name="balanc" title="" cnvtna="balanc" type="String" maxlen="255" defaultval=""/>
		<Field name="onlnbl" title="" cnvtna="onlnbl" type="String" maxlen="255" defaultval=""/>
		<Field name="crcycd" title="" cnvtna="crcycd" type="String" maxlen="255" defaultval=""/>
		<Field name="status" title="" cnvtna="status" type="String" maxlen="255" defaultval=""/>
		</Record>
	</Field>
	</Response>
</packet>