<?xml version="1.0" encoding="UTF-8"?>
<!DOCTYPE commonfield [<!ENTITY common_request_field SYSTEM "common_request.entity"> <!ENTITY common_response_field SYSTEM "common_response.entity">]>
<packet prcscd="000000120" autoDealClass="com.sunline.sunfe.message.GlkMiddBookMessgeHandler">
	<Request>
		&common_request_field;
		<Field name="stacid" title="" cnvtna="/transaction/body/request/stacid" type="String" maxlen="30"/>
		<Field name="trandt" title="" cnvtna="/transaction/body/request/trandt" type="String" maxlen="16"/>
		<Field name="systid" title="" cnvtna="/transaction/body/request/systid" type="String" maxlen="16"/>
	</Request>
	<Response>
		<Field name="glkMiddBookSummList" title="" cnvtna="/transaction/body/response/glkMiddBookSummList" type="String"  multi="">
 <Record>
		<Field name="tosyst" title="" cnvtna="tosyst" type="String" maxlen="255" defaultval=""/>
		<Field name="status" title="" cnvtna="status" type="String" maxlen="255" defaultval=""/>
		<Field name="tocram" title="" cnvtna="tocram" type="String" maxlen="255" defaultval=""/>
		<Field name="toitem" title="" cnvtna="toitem" type="String" maxlen="255" defaultval=""/>
		<Field name="systid" title="" cnvtna="systid" type="String" maxlen="255" defaultval=""/>
		<Field name="stacid" title="" cnvtna="stacid" type="String" maxlen="255" defaultval=""/>
		<Field name="drtram" title="" cnvtna="drtram" type="String" maxlen="255" defaultval=""/>
		<Field name="trandt" title="" cnvtna="trandt" type="String" maxlen="255" defaultval=""/>
		<Field name="todram" title="" cnvtna="todram" type="String" maxlen="255" defaultval=""/>
		<Field name="crtram" title="" cnvtna="crtram" type="String" maxlen="255" defaultval=""/>
		<Field name="itemcd" title="" cnvtna="itemcd" type="String" maxlen="255" defaultval=""/>
		</Record>
	</Field>
	</Response>
</packet>